SELECT; "select count(*) as total from customers where customers_email_address = tep_db_input($email_address) and customers_id != (int) $customer_id"; customers; ""; "tep_db_input($email_address), $customer_id"; false
UPDATE; "update customers_info set customers_info_date_account_last_modified = now() where customers_info_id = (int) $customer_id"; customers_info; "customers_info_date_account_last_modified"; ""; true
SELECT; "select customers_gender, customers_firstname, customers_lastname, customers_dob, customers_email_address, customers_telephone, customers_fax from customers where customers_id = (int) $customer_id"; customers; "customersgender, customersfirstname, customerslastname, customersdob, customersemailaddress, customerstelephone, customersfax"; "$customer_id"; false
SELECT; "select o.orders_id, o.date_purchased, o.delivery_name, o.billing_name, ot.text as order_total, s.orders_status_name from orders o, orders_total ot, orders_status s where o.customers_id = (int) $customer_id and o.orders_id = ot.orders_id and ot.class = ot_total and o.orders_status = s.orders_status_id and s.language_id = (int) $languages_id and s.public_flag = 1 order by orders_id DESC"; orders_status; "oordersid, odatepurchased, odeliveryname, obillingname, ottext, ordertotal, sordersstatusname"; "$customer_id, $languages_id"; false
SELECT; "select count(*) as count from orders_products where orders_id = (int) $history[orders_id]"; orders_products; ""; ""orders_id", $history["orders_id"]"; false
SELECT; "select o.customers_id from orders o, orders_status s where o.orders_id = (int) $HTTP_GET_VARS[order_id] and o.orders_status = s.orders_status_id and s.language_id = (int) $languages_id and s.public_flag = 1"; orders_status; "ocustomersid"; "$languages_id"; true
SELECT; "select os.orders_status_name, osh.date_added, osh.comments from orders_status os, orders_status_history osh where osh.orders_id = (int) $HTTP_GET_VARS[order_id] and osh.orders_status_id = os.orders_status_id and os.language_id = (int) $languages_id and os.public_flag = 1 order by osh.date_added"; orders_status; "osordersstatusname, oshdateadded, oshcomments"; "$languages_id"; false
SELECT; "select customers_newsletter from customers where customers_id = (int) $customer_id"; customers; "customersnewsletter"; "$customer_id"; false
UPDATE; "update customers set customers_newsletter = (int) $newsletter_general where customers_id = (int) $customer_id"; customers; "customers_newsletter"; "$newsletter_general"; false
SELECT; "select global_product_notifications from customers_info where customers_info_id = (int) $customer_id"; customers_info; "globalproductnotifications"; "$customer_id"; true
UPDATE; "update customers_info set global_product_notifications = (int) $product_global where customers_info_id = (int) $customer_id"; customers_info; "global_product_notifications"; "$product_global"; true
SELECT; "select count(*) as total from products_notifications where customers_id = (int) $customer_id and products_id not in ( implode(, , $products_parsed) )"; products_notifications; ""; "$customer_id, $products_parsed"; true
SELECT; "select count(*) as total from products_notifications where customers_id = (int) $customer_id"; products_notifications; ""; "$customer_id"; true
SELECT; "select count(*) as total from products_notifications where customers_id = (int) $customer_id"; products_notifications; ""; "$customer_id"; true
SELECT; "select pd.products_id, pd.products_name from products_description pd, products_notifications pn where pn.customers_id = (int) $customer_id and pn.products_id = pd.products_id and pd.language_id = (int) $languages_id order by pd.products_name"; products_notifications; "pdproductsid, pdproductsname"; "$customer_id, $languages_id"; true
SELECT; "select customers_password from customers where customers_id = (int) $customer_id"; customers; "customerspassword"; "$customer_id"; false
UPDATE; "update customers set customers_password = tep_encrypt_password($password_new) where customers_id = (int) $customer_id"; customers; "customers_password"; "tep_encrypt_password($password_new)"; false
UPDATE; "update customers_info set customers_info_date_account_last_modified = now() where customers_info_id = (int) $customer_id"; customers_info; "customers_info_date_account_last_modified"; ""; true
SELECT; "select address_book_id, entry_firstname as firstname, entry_lastname as lastname, entry_company as company, entry_street_address as street_address, entry_suburb as suburb, entry_city as city, entry_postcode as postcode, entry_state as state, entry_zone_id as zone_id, entry_country_id as country_id from address_book where customers_id = (int) $customer_id order by firstname, lastname"; address_book; "addressbookid, entryfirstname, firstname, entrylastname, lastname, entrycompany, company, entrystreetaddress, streetaddress, entrysuburb, suburb, entrycity, city, entrypostcode, postcode, entrystate, state, entryzoneid, zoneid, entrycountryid"; "$customer_id"; false
SELECT; "select count(*) as total from zones where zone_country_id = (int) $country"; zones; ""; "$country"; false
SELECT; "select distinct zone_id from zones where zone_country_id = (int) $country and (zone_name = tep_db_input($state) or zone_code = tep_db_input($state) )"; zones; "distinct, zoneid"; "$country, tep_db_input($state)"; true
SELECT; "select address_book_id from address_book where address_book_id = (int) $HTTP_GET_VARS[edit] and customers_id = (int) $customer_id limit 1"; address_book; "addressbookid"; "$customer_id"; true
SELECT; "select entry_gender, entry_company, entry_firstname, entry_lastname, entry_street_address, entry_suburb, entry_postcode, entry_city, entry_state, entry_zone_id, entry_country_id from address_book where customers_id = (int) $customer_id and address_book_id = (int) $HTTP_GET_VARS[edit]"; address_book; "entrygender, entrycompany, entryfirstname, entrylastname, entrystreetaddress, entrysuburb, entrypostcode, entrycity, entrystate, entryzoneid, entrycountryid"; "$customer_id"; false
SELECT; "select count(*) as total from address_book where address_book_id = (int) $HTTP_GET_VARS[delete] and customers_id = (int) $customer_id"; address_book; ""; "$customer_id"; false
SELECT; "select distinct module from action_recorder order by module"; action_recorder; "distinct, module"; ""; true
SELECT; "select * from action_recorder !empty($filter) ? where . implode( and , $filter) : order by date_added desc"; action_recorder; "id, user_id, user_name, identifier, success, date_added"; "$filter"; false
SELECT; "select identifier from action_recorder where id = (int) $actions[id]"; action_recorder; "identifier"; "$actions["id"]"; false
SELECT; "select id from administrators where user_name = tep_db_input($username) limit 1"; administrators; "id"; "tep_db_input($username)"; true
INSERT; "insert into administrators (user_name, user_password) values ( tep_db_input($username) , tep_db_input(tep_encrypt_password($password)) )"; administrators; "user_name, user_password"; "tep_db_input($username), tep_db_input(tep_encrypt_password($password))"; false
SELECT; "select id, user_name from administrators where id = (int) $HTTP_GET_VARS[aID]"; administrators; "id, username"; ""; false
UPDATE; "update administrators set user_name = tep_db_input($username) where id = (int) $HTTP_GET_VARS[aID]"; administrators; "user_name"; "tep_db_input($username)"; false
UPDATE; "update administrators set user_password = tep_db_input(tep_encrypt_password($password)) where id = (int) $HTTP_GET_VARS[aID]"; administrators; "user_password"; "tep_db_input(tep_encrypt_password($password))"; false
SELECT; "select id, user_name from administrators where id = (int) $id"; administrators; "id, username"; "$id"; false
SELECT; "select id, user_name from administrators order by user_name"; administrators; "id, username"; ""; false
SELECT; "select implode(, , $table_list) from $table"; NA; "implode, , tablelist"; ""; false
INSERT; "insert into $table ( implode(, , $table_list) ) values ("; NA; "implode, (, , $table_list"; ""; false
INSERT; "insert into configuration values (null, Last Database Restore, DB_LAST_RESTORE, $read_from , Last database restore file, 6, 0, null, now(), , )"; configuration; "configuration_id, configuration_title, configuration_key, configuration_value, configuration_description, configuration_group_id, sort_order, last_modified, date_added, use_function, set_function"; "$read_from"; false
UPDATE; "update banners set expires_date = tep_db_input($expires_date) , expires_impressions = null where banners_id = (int) $banners_id"; banners; "expires_date, expires_impressions"; "$expires_date, tep_db_input($expires_date)"; true
UPDATE; "update banners set expires_impressions = tep_db_input($expires_impressions) , expires_date = null where banners_id = (int) $banners_id"; banners; "expires_impressions, expires_date"; "$expires_impressions, tep_db_input($expires_impressions)"; true
UPDATE; "update banners set status = 0, date_scheduled = tep_db_input($date_scheduled) where banners_id = (int) $banners_id"; banners; "status, date_scheduled"; "$date_scheduled, tep_db_input($date_scheduled)"; false
SELECT; "select banners_image from banners where banners_id = (int) $banners_id"; banners; "bannersimage"; "$banners_id"; false
SELECT; "select banners_title, banners_url, banners_image, banners_group, banners_html_text, status, date_format(date_scheduled, %Y/%m/%d) as date_scheduled, date_format(expires_date, %Y/%m/%d) as expires_date, expires_impressions, date_status_change from banners where banners_id = (int) $bID"; banners; "bannerstitle, bannersurl, bannersimage, bannersgroup, bannershtmltext, status, datescheduled, ymd, expiresdate, expiresimpressions, datestatuschange"; ""; false
SELECT; "select distinct banners_group from banners order by banners_group"; banners; "distinct, bannersgroup"; ""; false
SELECT; "select banners_id, banners_title, banners_image, banners_group, status, expires_date, expires_impressions, date_status_change, date_scheduled, date_added from banners order by banners_title, banners_group"; banners; "bannersid, bannerstitle, bannersimage, bannersgroup, status, expiresdate, expiresimpressions, datestatuschange, datescheduled, dateadded"; ""; false
SELECT; "select sum(banners_shown) as banners_shown, sum(banners_clicked) as banners_clicked from banners_history where banners_id = (int) $banners[banners_id]"; banners_history; "bannersshown, bannersclicked"; ""banners_id", $banners["banners_id"]"; true
SELECT; "select banners_title from banners where banners_id = (int) $HTTP_GET_VARS[bID]"; banners; "bannerstitle"; ""; false
SELECT; "select distinct year(banners_history_date) as banner_year from banners_history where banners_id = (int) $HTTP_GET_VARS[bID]"; banners_history; "distinct, bannershistorydate"; ""; true
UPDATE; "update categories set categories_image = tep_db_input($categories_image->filename) where categories_id = (int) $categories_id"; categories; "categories_image"; "$categories_image, tep_db_input($categories_image->filename)"; false
SELECT; "select products_id from products_to_categories where categories_id = (int) $categories[$i][id]"; products_to_categories; "productsid"; "$categories[$i]["id"]"; true
SELECT; "select count(*) as total from products_to_categories where products_id = (int) $key and categories_id not in ( $category_ids )"; products_to_categories; ""; "$key, $category_ids"; true
SELECT; "select count(*) as total from products_to_categories where products_id = (int) $product_id"; products_to_categories; ""; "$product_id"; true
UPDATE; "update categories set parent_id = (int) $new_parent_id , last_modified = now() where categories_id = (int) $categories_id"; categories; "parent_id, last_modified"; "$new_parent_id"; false
SELECT; "select count(*) as total from products_to_categories where products_id = (int) $products_id and categories_id = (int) $new_parent_id"; products_to_categories; ""; "$products_id, $new_parent_id"; true
UPDATE; "update products_to_categories set categories_id = (int) $new_parent_id where products_id = (int) $products_id and categories_id = (int) $current_category_id"; products_to_categories; "categories_id"; "$new_parent_id"; true
INSERT; "insert into products_to_categories (products_id, categories_id) values ( (int) $products_id , (int) $current_category_id )"; products_to_categories; "products_id, categories_id"; "$products_id, $current_category_id"; true
SELECT; "select image from products_images where products_id = (int) $products_id and id not in ( implode(, , $piArray) )"; products_images; "image"; "$products_id"; false
SELECT; "select count(*) as total from products_images where image = tep_db_input($product_images[image])"; products_images; ""; "tep_db_input($product_images["image"])"; false
SELECT; "select count(*) as total from products_to_categories where products_id = (int) $products_id and categories_id = (int) $categories_id"; products_to_categories; ""; "$products_id, $categories_id"; true
INSERT; "insert into products_to_categories (products_id, categories_id) values ( (int) $products_id , (int) $categories_id )"; products_to_categories; "products_id, categories_id"; "$products_id, $categories_id"; true
SELECT; "select products_quantity, products_model, products_image, products_price, products_date_available, products_weight, products_tax_class_id, manufacturers_id from products where products_id = (int) $products_id"; products; "productsquantity, productsmodel, productsimage, productsprice, productsdateavailable, productsweight, productstaxclassid, manufacturersid"; "$products_id"; false
INSERT; "insert into products (products_quantity, products_model, products_image, products_price, products_date_added, products_date_available, products_weight, products_status, products_tax_class_id, manufacturers_id) values ( tep_db_input($product[products_quantity]) , tep_db_input($product[products_model]) , tep_db_input($product[products_image]) , tep_db_input($product[products_price]) , now(), empty($product[products_date_available]) ? null : . tep_db_input($product[products_date_available]) . , tep_db_input($product[products_weight]) , 0, (int) $product[products_tax_class_id] , (int) $product[manufacturers_id] )"; products; "products_quantity, products_model, products_image, products_price, products_date_added, products_date_available, products_weight, products_status, products_tax_class_id, manufacturers_id"; "tep_db_input($product["products_quantity"]), tep_db_input($product["products_model"]), empty($product["products_date_available"]), "\'" . tep_db_input($product["products_date_available"]), $product["products_tax_class_id"], $product["manufacturers_id"]"; false
SELECT; "select language_id, products_name, products_description, products_url from products_description where products_id = (int) $products_id"; products_description; "languageid, productsname, productsdescription, productsurl"; "$products_id"; false
INSERT; "insert into products_description (products_id, language_id, products_name, products_description, products_url, products_viewed) values ( (int) $dup_products_id , (int) $description[language_id] , tep_db_input($description[products_name]) , tep_db_input($description[products_description]) , tep_db_input($description[products_url]) , 0)"; products_description; "products_id, language_id, products_name, products_description, products_url, products_viewed"; "$dup_products_id, $description["language_id"], tep_db_input($description["products_name"]), tep_db_input($description["products_description"])"; false
SELECT; "select image, htmlcontent, sort_order from products_images where products_id = (int) $products_id"; products_images; "image, htmlcontent, sortorder"; "$products_id"; false
INSERT; "insert into products_images (products_id, image, htmlcontent, sort_order) values ( (int) $dup_products_id , tep_db_input($product_images[image]) , tep_db_input($product_images[htmlcontent]) , tep_db_input($product_images[sort_order]) )"; products_images; "products_id, image, htmlcontent, sort_order"; "$dup_products_id, tep_db_input($product_images["image"]), tep_db_input($product_images["htmlcontent"]), tep_db_input($product_images["sort_order"])"; false
INSERT; "insert into products_to_categories (products_id, categories_id) values ( (int) $dup_products_id , (int) $categories_id )"; products_to_categories; "products_id, categories_id"; "$dup_products_id, $categories_id"; true
SELECT; "select pd.products_name, pd.products_description, pd.products_url, p.products_id, p.products_quantity, p.products_model, p.products_image, p.products_price, p.products_weight, p.products_date_added, p.products_last_modified, date_format(p.products_date_available, %Y-%m-%d) as products_date_available, p.products_status, p.products_tax_class_id, p.manufacturers_id from products p, products_description pd where p.products_id = (int) $HTTP_GET_VARS[pID] and p.products_id = pd.products_id and pd.language_id = (int) $languages_id"; products; "pdproductsname, pdproductsdescription, pdproductsurl, pproductsid, pproductsquantity, pproductsmodel, pproductsimage, pproductsprice, pproductsweight, pproductsdateadded, pproductslastmodified, pproductsdateavailable, ymd, productsdateavailable, pproductsstatus, pproductstaxclassid, pmanufacturersid"; "$languages_id"; false
SELECT; "select id, image, htmlcontent, sort_order from products_images where products_id = (int) $product[products_id] order by sort_order"; products_images; "id, image, htmlcontent, sortorder"; ""products_id", $product["products_id"]"; false
SELECT; "select manufacturers_id, manufacturers_name from manufacturers order by manufacturers_name"; manufacturers; "manufacturersid, manufacturersname"; ""; false
SELECT; "select tax_class_id, tax_class_title from tax_class order by tax_class_title"; tax_class; "taxclassid, taxclasstitle"; ""; false
SELECT; "select p.products_id, pd.language_id, pd.products_name, pd.products_description, pd.products_url, p.products_quantity, p.products_model, p.products_image, p.products_price, p.products_weight, p.products_date_added, p.products_last_modified, p.products_date_available, p.products_status, p.manufacturers_id from products p, products_description pd where p.products_id = pd.products_id and p.products_id = (int) $HTTP_GET_VARS[pID]"; products; "pproductsid, pdlanguageid, pdproductsname, pdproductsdescription, pdproductsurl, pproductsquantity, pproductsmodel, pproductsimage, pproductsprice, pproductsweight, pproductsdateadded, pproductslastmodified, pproductsdateavailable, pproductsstatus, pmanufacturersid"; ""; false
SELECT; "select c.categories_id, cd.categories_name, c.categories_image, c.parent_id, c.sort_order, c.date_added, c.last_modified from categories c, categories_description cd where c.categories_id = cd.categories_id and cd.language_id = (int) $languages_id and cd.categories_name like % tep_db_input($search) % order by c.sort_order, cd.categories_name"; categories; "ccategoriesid, cdcategoriesname, ccategoriesimage, cparentid, csortorder, cdateadded, clastmodified"; "$languages_id, tep_db_input($search)"; false
SELECT; "select c.categories_id, cd.categories_name, c.categories_image, c.parent_id, c.sort_order, c.date_added, c.last_modified from categories c, categories_description cd where c.parent_id = (int) $current_category_id and c.categories_id = cd.categories_id and cd.language_id = (int) $languages_id order by c.sort_order, cd.categories_name"; categories; "ccategoriesid, cdcategoriesname, ccategoriesimage, cparentid, csortorder, cdateadded, clastmodified"; "$current_category_id, $languages_id"; false
SELECT; "select p.products_id, pd.products_name, p.products_quantity, p.products_image, p.products_price, p.products_date_added, p.products_last_modified, p.products_date_available, p.products_status, p2c.categories_id from products p, products_description pd, products_to_categories p2c where p.products_id = pd.products_id and pd.language_id = (int) $languages_id and p.products_id = p2c.products_id and pd.products_name like % tep_db_input($search) % order by pd.products_name"; products; "pproductsid, pdproductsname, pproductsquantity, pproductsimage, pproductsprice, pproductsdateadded, pproductslastmodified, pproductsdateavailable, pproductsstatus, p2ccategoriesid"; "$languages_id, tep_db_input($search)"; false
SELECT; "select p.products_id, pd.products_name, p.products_quantity, p.products_image, p.products_price, p.products_date_added, p.products_last_modified, p.products_date_available, p.products_status from products p, products_description pd, products_to_categories p2c where p.products_id = pd.products_id and pd.language_id = (int) $languages_id and p.products_id = p2c.products_id and p2c.categories_id = (int) $current_category_id order by pd.products_name"; products; "pproductsid, pdproductsname, pproductsquantity, pproductsimage, pproductsprice, pproductsdateadded, pproductslastmodified, pproductsdateavailable, pproductsstatus"; "$languages_id, $current_category_id"; false
SELECT; "select (avg(reviews_rating) / 5 * 100) as average_rating from reviews where products_id = (int) $products[products_id]"; reviews; "reviews_id, products_id, customers_id, customers_name, reviews_rating, date_added, last_modified, reviews_status, reviews_read"; ""products_id", $products["products_id"]"; false
UPDATE; "update configuration set configuration_value = tep_db_input($configuration_value) , last_modified = now() where configuration_id = (int) $cID"; configuration; "configuration_value, last_modified"; "$configuration_value, tep_db_input($configuration_value)"; false
SELECT; "select configuration_group_title from configuration_group where configuration_group_id = (int) $gID"; configuration_group; "configurationgrouptitle"; ""configuration_group""; false
SELECT; "select configuration_id, configuration_title, configuration_value, use_function from configuration where configuration_group_id = (int) $gID order by sort_order"; configuration; "configurationid, configurationtitle, configurationvalue, usefunction"; ""; false
SELECT; "select configuration_key, configuration_description, date_added, last_modified, use_function, set_function from configuration where configuration_id = (int) $configuration[configuration_id]"; configuration; "configurationkey, configurationdescription, dateadded, lastmodified, usefunction, setfunction"; ""configuration_id", $configuration["configuration_id"]"; false
INSERT; "insert into countries (countries_name, countries_iso_code_2, countries_iso_code_3, address_format_id) values ( tep_db_input($countries_name) , tep_db_input($countries_iso_code_2) , tep_db_input($countries_iso_code_3) , (int) $address_format_id )"; countries; "countries_name, countries_iso_code_2, countries_iso_code_3, address_format_id"; "tep_db_input($countries_name), tep_db_input($countries_iso_code_2), $address_format_id"; false
UPDATE; "update countries set countries_name = tep_db_input($countries_name) , countries_iso_code_2 = tep_db_input($countries_iso_code_2) , countries_iso_code_3 = tep_db_input($countries_iso_code_3) , address_format_id = (int) $address_format_id where countries_id = (int) $countries_id"; countries; "countries_name, countries_iso_code_2, countries_iso_code_3, address_format_id"; "$countries_name, tep_db_input($countries_name), $countries_iso_code_2, tep_db_input($countries_iso_code_2), $address_format_id"; false
SELECT; "select countries_id, countries_name, countries_iso_code_2, countries_iso_code_3, address_format_id from countries order by countries_name"; countries; "countriesid, countriesname, countriesisocode2, countriesisocode3, addressformatid"; ""; false
UPDATE; "update configuration set configuration_value = tep_db_input($code) where configuration_key = DEFAULT_CURRENCY"; configuration; "configuration_value"; "tep_db_input($code)"; false
SELECT; "select currencies_id from currencies where code = DEFAULT_CURRENCY"; currencies; "currenciesid"; ""; true
UPDATE; "update configuration set configuration_value = where configuration_key = DEFAULT_CURRENCY"; configuration; "configuration_value"; ""; true
SELECT; "select currencies_id, code, title from currencies"; currencies; "currenciesid, code, title"; ""; false
UPDATE; "update currencies set value = $rate , last_updated = now() where currencies_id = (int) $currency[currencies_id]"; currencies; "value, last_updated"; "$rate"; false
SELECT; "select code from currencies where currencies_id = (int) $currencies_id"; currencies; "code"; "$currencies_id"; false
SELECT; "select currencies_id, title, code, symbol_left, symbol_right, decimal_point, thousands_point, decimal_places, last_updated, value from currencies order by title"; currencies; "currenciesid, title, code, symbolleft, symbolright, decimalpoint, thousandspoint, decimalplaces, lastupdated, value"; ""; false
SELECT; "select count(*) as total from zones where zone_country_id = (int) $entry_country_id"; zones; ""; "$entry_country_id"; false
SELECT; "select zone_id from zones where zone_country_id = (int) $entry_country_id and zone_name = tep_db_input($entry_state)"; zones; "zoneid"; "$entry_country_id, tep_db_input($entry_state)"; true
SELECT; "select customers_email_address from customers where customers_email_address = tep_db_input($customers_email_address) and customers_id != (int) $customers_id"; customers; "customersemailaddress"; "$customers_email_address, tep_db_input($customers_email_address), $customers_id"; false
UPDATE; "update customers_info set customers_info_date_account_last_modified = now() where customers_info_id = (int) $customers_id"; customers_info; "customers_info_date_account_last_modified"; ""; true
SELECT; "select reviews_id from reviews where customers_id = (int) $customers_id"; reviews; "reviewsid"; "$customers_id"; true
UPDATE; "update reviews set customers_id = null where customers_id = (int) $customers_id"; reviews; "customers_id"; "$customers_id"; true
SELECT; "select c.customers_id, c.customers_gender, c.customers_firstname, c.customers_lastname, c.customers_dob, c.customers_email_address, a.entry_company, a.entry_street_address, a.entry_suburb, a.entry_postcode, a.entry_city, a.entry_state, a.entry_zone_id, a.entry_country_id, c.customers_telephone, c.customers_fax, c.customers_newsletter, c.customers_default_address_id from customers c left join address_book a on c.customers_default_address_id = a.address_book_id where a.customers_id = c.customers_id and c.customers_id = (int) $HTTP_GET_VARS[cID]"; customers; "ccustomersid, ccustomersgender, ccustomersfirstname, ccustomerslastname, ccustomersdob, ccustomersemailaddress, aentrycompany, aentrystreetaddress, aentrysuburb, aentrypostcode, aentrycity, aentrystate, aentryzoneid, aentrycountryid, ccustomerstelephone, ccustomersfax, ccustomersnewsletter, ccustomersdefaultaddressid"; ""; false
SELECT; "select zone_name from zones where zone_country_id = tep_db_input($cInfo->entry_country_id) order by zone_name"; zones; "zonename"; "tep_db_input($cInfo->entry_country_id)"; false
SELECT; "select c.customers_id, c.customers_lastname, c.customers_firstname, c.customers_email_address, a.entry_country_id from customers c left join address_book a on c.customers_id = a.customers_id and c.customers_default_address_id = a.address_book_id $search order by c.customers_lastname, c.customers_firstname"; customers; "ccustomersid, ccustomerslastname, ccustomersfirstname, ccustomersemailaddress, aentrycountryid"; ""; false
SELECT; "select customers_info_date_account_created as date_account_created, customers_info_date_account_last_modified as date_account_last_modified, customers_info_date_of_last_logon as date_last_logon, customers_info_number_of_logons as number_of_logons from customers_info where customers_info_id = $customers[customers_id]"; customers_info; "customersinfodateaccountcreated, dateaccountcreated, customersinfodateaccountlastmodified, dateaccountlastmodified, customersinfodateoflastlogon, datelastlogon, customersinfonumberoflogons"; "$customers["customers_id"]"; true
SELECT; "select countries_name from countries where countries_id = (int) $customers[entry_country_id]"; countries; "countriesname"; "$customers["entry_country_id"]"; false
SELECT; "select count(*) as number_of_reviews from reviews where customers_id = (int) $customers[customers_id]"; reviews; ""; ""customers_id", $customers["customers_id"]"; false
UPDATE; "update $table set $cols[Field] = convert(binary convert( $cols[Field] using $old_charset ) using utf8) where char_length( $cols[Field] ) = length(convert(binary convert( $cols[Field] using $old_charset ) using utf8))"; NA; ""; "$cols["Field"], $old_charset"; false
INSERT; "insert into zones_to_geo_zones (zone_country_id, zone_id, geo_zone_id, date_added) values ( (int) $zone_country_id , (int) $zone_id , (int) $zID , now())"; zones_to_geo_zones; "zone_country_id, zone_id, geo_zone_id, date_added"; "$zone_country_id, $zone_id, $zID"; true
UPDATE; "update zones_to_geo_zones set geo_zone_id = (int) $zID , zone_country_id = (int) $zone_country_id , zone_id = tep_not_null($zone_id) ? . (int) $zone_id . : null , last_modified = now() where association_id = (int) $sID"; zones_to_geo_zones; "geo_zone_id, zone_country_id, zone_id, last_modified"; "$zID, $zone_country_id, $zone_id, tep_not_null($zone_id)"; true
INSERT; "insert into geo_zones (geo_zone_name, geo_zone_description, date_added) values ( tep_db_input($geo_zone_name) , tep_db_input($geo_zone_description) , now())"; geo_zones; "geo_zone_name, geo_zone_description, date_added"; "tep_db_input($geo_zone_name), tep_db_input($geo_zone_description)"; false
UPDATE; "update geo_zones set geo_zone_name = tep_db_input($geo_zone_name) , geo_zone_description = tep_db_input($geo_zone_description) , last_modified = now() where geo_zone_id = (int) $zID"; geo_zones; "geo_zone_name, geo_zone_description, last_modified"; "$geo_zone_name, tep_db_input($geo_zone_name), $geo_zone_description, tep_db_input($geo_zone_description)"; false
SELECT; "select a.association_id, a.zone_country_id, c.countries_name, a.zone_id, a.geo_zone_id, a.last_modified, a.date_added, z.zone_name from zones_to_geo_zones a left join countries c on a.zone_country_id = c.countries_id left join zones z on a.zone_id = z.zone_id where a.geo_zone_id = $HTTP_GET_VARS[zID] order by association_id"; countries; "aassociationid, azonecountryid, ccountriesname, azoneid, ageozoneid, alastmodified, adateadded, zzonename"; ""; false
SELECT; "select geo_zone_id, geo_zone_name, geo_zone_description, last_modified, date_added from geo_zones order by geo_zone_name"; geo_zones; "geozoneid, geozonename, geozonedescription, lastmodified, dateadded"; ""; false
SELECT; "select count(*) as num_zones from zones_to_geo_zones where geo_zone_id = (int) $zones[geo_zone_id] group by geo_zone_id"; zones_to_geo_zones; ""; ""geo_zone_id", $zones["geo_zone_id"]"; false
SELECT; "select configuration_key as cfgKey, configuration_value as cfgValue from configuration"; configuration; "configurationkey, cfgkey, configurationvalue"; ""; false
SELECT; "select configuration_group_id as cgID, configuration_group_title as cgTitle from configuration_group where visible = 1 order by sort_order"; configuration_group; "configurationgroupid, cgid, configurationgrouptitle"; ""; false
SELECT; "select code, title, symbol_left, symbol_right, decimal_point, thousands_point, decimal_places, value from currencies"; currencies; "code, title, symbolleft, symbolright, decimalpoint, thousandspoint, decimalplaces, value"; ""; false
SELECT; "select languages_id, name, code, image, directory from languages order by sort_order"; languages; "languagesid, name, code, image, directory"; ""; false
SELECT; "select customers_name, customers_company, customers_street_address, customers_suburb, customers_city, customers_postcode, customers_state, customers_country, customers_telephone, customers_email_address, customers_address_format_id, delivery_name, delivery_company, delivery_street_address, delivery_suburb, delivery_city, delivery_postcode, delivery_state, delivery_country, delivery_address_format_id, billing_name, billing_company, billing_street_address, billing_suburb, billing_city, billing_postcode, billing_state, billing_country, billing_address_format_id, payment_method, cc_type, cc_owner, cc_number, cc_expires, currency, currency_value, date_purchased, orders_status, last_modified from orders where orders_id = (int) $order_id"; orders; "customersname, customerscompany, customersstreetaddress, customerssuburb, customerscity, customerspostcode, customersstate, customerscountry, customerstelephone, customersemailaddress, customersaddressformatid, deliveryname, deliverycompany, deliverystreetaddress, deliverysuburb, deliverycity, deliverypostcode, deliverystate, deliverycountry, deliveryaddressformatid, billingname, billingcompany, billingstreetaddress, billingsuburb, billingcity, billingpostcode, billingstate, billingcountry, billingaddressformatid, paymentmethod, cctype, ccowner, ccnumber, ccexpires, currency, currencyvalue, datepurchased, ordersstatus, lastmodified"; "$order_id"; false
SELECT; "select title, text from orders_total where orders_id = (int) $order_id order by sort_order"; orders_total; "title, text"; "$order_id"; false
SELECT; "select orders_products_id, products_name, products_model, products_price, products_tax, products_quantity, final_price from orders_products where orders_id = (int) $order_id"; orders_products; "ordersproductsid, productsname, productsmodel, productsprice, productstax, productsquantity, finalprice"; "$order_id"; false
SELECT; "select products_options, products_options_values, options_values_price, price_prefix from orders_products_attributes where orders_id = (int) $order_id and orders_products_id = (int) $orders_products[orders_products_id]"; orders_products_attributes; "productsoptions, productsoptionsvalues, optionsvaluesprice, priceprefix"; "$order_id, "orders_products_id", (int) $orders_products["orders_products_id"]"; false
SELECT; "select configuration_title, configuration_value, configuration_description from configuration where configuration_key = $pmInfo_array[$i]"; configuration; "configurationtitle, configurationvalue, configurationdescription"; "$pmInfo_array[$i]"; false
SELECT; "select products_id from customers_basket where customers_id = (int) $customer_id and products_id = tep_db_input($products_id)"; customers_basket; "productsid"; "$customer_id, $products_id, tep_db_input($products_id)"; false
INSERT; "insert into customers_basket (customers_id, products_id, customers_basket_quantity, customers_basket_date_added) values ( (int) $customer_id , tep_db_input($products_id) , tep_db_input($qty) , date(Ymd) )"; customers_basket; "customers_id, products_id, customers_basket_quantity, customers_basket_date_added"; "$customer_id, tep_db_input($products_id), tep_db_input($qty), date("Ymd")"; false
INSERT; "insert into customers_basket_attributes (customers_id, products_id, products_options_id, products_options_value_id) values ( (int) $customer_id , tep_db_input($products_id) , (int) $option , (int) $value )"; customers_basket_attributes; "customers_id, products_id, products_options_id, products_options_value_id"; "$customer_id, tep_db_input($products_id), $option, $value"; false
UPDATE; "update customers_basket set customers_basket_quantity = tep_db_input($qty) where customers_id = (int) $customer_id and products_id = tep_db_input($products_id)"; customers_basket; "customers_basket_quantity"; "tep_db_input($qty)"; true
SELECT; "select products_id, customers_basket_quantity from customers_basket where customers_id = (int) $customer_id"; customers_basket; "productsid, customersbasketquantity"; "$customer_id"; false
SELECT; "select products_options_id, products_options_value_id from customers_basket_attributes where customers_id = (int) $customer_id and products_id = tep_db_input($products[products_id])"; customers_basket_attributes; "productsoptionsid, productsoptionsvalueid"; "$customer_id, "products_id", tep_db_input($products["products_id"])"; false
INSERT; "insert into customers_basket (customers_id, products_id, customers_basket_quantity, customers_basket_date_added) values ( (int) $customer_id , tep_db_input($products_id) , tep_db_input($qty) , date(Ymd) )"; customers_basket; "customers_id, products_id, customers_basket_quantity, customers_basket_date_added"; "$customer_id, tep_db_input($products_id), tep_db_input($qty), date("Ymd")"; false
INSERT; "insert into customers_basket_attributes (customers_id, products_id, products_options_id, products_options_value_id) values ( (int) $customer_id , tep_db_input($products_id) , (int) $option , (int) $value )"; customers_basket_attributes; "customers_id, products_id, products_options_id, products_options_value_id"; "$customer_id, tep_db_input($products_id), $option, $value"; false
UPDATE; "update customers_basket set customers_basket_quantity = tep_db_input($quantity) where customers_id = (int) $customer_id and products_id = tep_db_input($products_id)"; customers_basket; "customers_basket_quantity"; "tep_db_input($quantity)"; true
UPDATE; "update customers_basket_attributes set products_options_value_id = (int) $value where customers_id = (int) $customer_id and products_id = tep_db_input($products_id) and products_options_id = (int) $option"; customers_basket_attributes; "products_options_value_id"; "$value"; false
SELECT; "select products_id, products_price, products_tax_class_id, products_weight from products where products_id= (int) tep_get_prid($products_id)"; products; "productsid, productsprice, productstaxclassid, productsweight"; "$products_id, (int) tep_get_prid($products_id)"; true
SELECT; "select specials_new_products_price from specials where products_id = (int) $prid and status = 1"; specials; "specialsnewproductsprice"; "$prid"; true
SELECT; "select options_values_price, price_prefix from products_attributes where products_id = (int) $prid and options_id = (int) $option and options_values_id = (int) $value"; products_attributes; "optionsvaluesprice, priceprefix"; "$prid, $option, $value"; false
SELECT; "select options_values_price, price_prefix from products_attributes where products_id = (int) $products_id and options_id = (int) $option and options_values_id = (int) $value"; products_attributes; "optionsvaluesprice, priceprefix"; "$products_id, $option, $value"; false
SELECT; "select p.products_id, pd.products_name, p.products_model, p.products_price, p.products_weight, p.products_tax_class_id from products p, products_description pd where p.products_id= (int) tep_get_prid($products_id) and pd.products_id = p.products_id and pd.language_id = (int) $languages_id"; products; "pproductsid, pdproductsname, pproductsmodel, pproductsprice, pproductsweight, pproductstaxclassid"; "(int) tep_get_prid($products_id), $products_id, $languages_id"; false
SELECT; "select specials_new_products_price from specials where products_id = (int) $prid and status = 1"; specials; "specialsnewproductsprice"; "$prid"; true
SELECT; "select count(*) as total substr($sql_query, $pos_from, $pos_to - $pos_from)"; NA; ", total, sqlquery, posfrom, posto"; ""; false
INSERT; "insert into $table ("; NA; ""; ""; false
UPDATE; "update $table set"; NA; ""; ""; false
SELECT; "select customers_firstname, customers_lastname from customers where customers_id = (int) $customers_id"; customers; "customersfirstname, customerslastname"; "$customers_id"; false
SELECT; "select parent_id from categories where categories_id = (int) $cPath_array[sizeof($cPath_array) - 1]"; categories; "parentid"; "$cPath_array[sizeof($cPath_array) - 1]"; true
SELECT; "select parent_id from categories where categories_id = (int) $current_category_id"; categories; "parentid"; "$current_category_id"; true
SELECT; "select cd.categories_name from categories_description cd where cd.language_id = (int) $languages_id and cd.categories_id = (int) $parent_id"; categories_description; "cdcategoriesname"; "$languages_id, $parent_id"; false
SELECT; "select c.categories_id, cd.categories_name, c.parent_id from categories c, categories_description cd where c.categories_id = cd.categories_id and cd.language_id = (int) $languages_id and c.parent_id = (int) $parent_id order by c.sort_order, cd.categories_name"; categories; "ccategoriesid, cdcategoriesname, cparentid"; "$languages_id, $parent_id"; true
OTHER; "<select name= $name"; NA; ""; ""; true
SELECT; "select p.products_id, pd.products_name, p.products_price from products p, products_description pd where p.products_id = pd.products_id and pd.language_id = (int) $languages_id order by products_name"; products; "pproductsid, pdproductsname, pproductsprice"; "$languages_id"; true
SELECT; "select products_options_name from products_options where products_options_id = (int) $options_id and language_id = (int) $languages_id"; products_options; "productsoptionsname"; "$options_id, $languages_id"; false
SELECT; "select products_options_values_name from products_options_values where products_options_values_id = (int) $values_id and language_id = (int) $languages_id"; products_options_values; "productsoptionsvaluesname"; ""products_options_values", $values_id, $languages_id"; false
SELECT; "select countries_name from countries where countries_id = (int) $country_id"; countries; "countriesname"; "$country_id"; false
SELECT; "select zone_name from zones where zone_country_id = (int) $country_id and zone_id = (int) $zone_id"; zones; "zonename"; "$country_id, $zone_id"; false
OTHER; "<select $parameters >"; NA; ""; ""; true
SELECT; "select tax_class_id, tax_class_title from tax_class order by tax_class_title"; tax_class; "taxclassid, taxclasstitle"; ""; false
OTHER; "<select $parameters >"; NA; ""; ""; true
SELECT; "select geo_zone_id, geo_zone_name from geo_zones order by geo_zone_name"; geo_zones; "geozoneid, geozonename"; ""; false
SELECT; "select geo_zone_name from geo_zones where geo_zone_id = (int) $geo_zone_id"; geo_zones; "geozonename"; "$geo_zone_id"; false
SELECT; "select address_format as format from address_format where address_format_id = (int) $address_format_id"; address_format; "addressformat"; "$address_format_id"; false
SELECT; "select zone_code from zones where zone_country_id = (int) $country and zone_id = (int) $zone"; zones; "zonecode"; "$country, $zone"; false
SELECT; "select languages_id, name, code, image, directory from languages order by sort_order"; languages; "languagesid, name, code, image, directory"; ""; false
SELECT; "select categories_name from categories_description where categories_id = (int) $category_id and language_id = (int) $language_id"; categories_description; "categoriesname"; "$category_id, $language_id"; false
SELECT; "select orders_status_name from orders_status where orders_status_id = (int) $orders_status_id and language_id = (int) $language_id"; orders_status; "ordersstatusname"; "$orders_status_id, $language_id"; false
SELECT; "select orders_status_id, orders_status_name from orders_status where language_id = (int) $languages_id order by orders_status_id"; orders_status; "ordersstatusid, ordersstatusname"; "$languages_id"; false
SELECT; "select products_name from products_description where products_id = (int) $product_id and language_id = (int) $language_id"; products_description; "productsname"; "$product_id, $language_id"; false
SELECT; "select products_description from products_description where products_id = (int) $product_id and language_id = (int) $language_id"; products_description; "productsdescription"; "$product_id, $language_id"; false
SELECT; "select products_url from products_description where products_id = (int) $product_id and language_id = (int) $language_id"; products_description; "productsurl"; "$product_id, $language_id"; false
SELECT; "select manufacturers_url from manufacturers_info where manufacturers_id = (int) $manufacturer_id and languages_id = (int) $language_id"; manufacturers_info; "manufacturersurl"; "$manufacturer_id, $language_id"; false
SELECT; "select count(*) as total from products p, products_to_categories p2c where p.products_id = p2c.products_id and p2c.categories_id = (int) $categories_id"; products; ""; "$categories_id"; false
SELECT; "select count(*) as total from products p, products_to_categories p2c where p.products_id = p2c.products_id and p.products_status = 1 and p2c.categories_id = (int) $categories_id"; products; ""; "$categories_id"; false
SELECT; "select categories_id from categories where parent_id = (int) $categories_id"; categories; "categoriesid"; "$categories_id"; true
SELECT; "select categories_id from categories where parent_id = (int) $categories_id"; categories; "categoriesid"; "$categories_id"; true
SELECT; "select countries_id, countries_name from countries order by countries_name"; countries; "countriesid, countriesname"; ""; false
SELECT; "select zone_id, zone_name from zones where zone_country_id = (int) $country_id order by zone_name"; zones; "zoneid, zonename"; "$country_id"; false
SELECT; "select address_format_id from address_format order by address_format_id"; address_format; "addressformatid"; ""; false
SELECT; "select tax_class_id, tax_class_title from tax_class order by tax_class_title"; tax_class; "taxclassid, taxclasstitle"; ""; false
SELECT; "select zone_name from zones where zone_id = (int) $zone_id"; zones; "zonename"; "$zone_id"; false
UPDATE; "update banners set status = 1, expires_impressions = NULL, expires_date = NULL, date_status_change = NULL where banners_id = $banners_id"; banners; "status, expires_impressions, expires_date, date_status_change"; ""; false
UPDATE; "update banners set status = 0, date_status_change = now() where banners_id = $banners_id"; banners; "status, date_status_change"; ""; false
UPDATE; "update products set products_status = 1, products_last_modified = now() where products_id = (int) $products_id"; products; "products_status, products_last_modified"; ""; true
UPDATE; "update products set products_status = 0, products_last_modified = now() where products_id = (int) $products_id"; products; "products_status, products_last_modified"; ""; true
UPDATE; "update reviews set reviews_status = 1, last_modified = now() where reviews_id = (int) $reviews_id"; reviews; "reviews_status, last_modified"; ""; true
UPDATE; "update reviews set reviews_status = 0, last_modified = now() where reviews_id = (int) $reviews_id"; reviews; "reviews_status, last_modified"; ""; true
UPDATE; "update specials set status = 1, expires_date = NULL, date_status_change = NULL where specials_id = (int) $specials_id"; specials; "status, expires_date, date_status_change"; ""; false
UPDATE; "update specials set status = 0, date_status_change = now() where specials_id = (int) $specials_id"; specials; "status, date_status_change"; ""; false
SELECT; "select categories_id from products_to_categories where products_id = (int) $id"; products_to_categories; "categoriesid"; "$id"; true
SELECT; "select cd.categories_name, c.parent_id from categories c, categories_description cd where c.categories_id = (int) $categories[categories_id] and c.categories_id = cd.categories_id and cd.language_id = (int) $languages_id"; categories; "cdcategoriesname, cparentid"; "$categories["categories_id"], $languages_id"; true
SELECT; "select cd.categories_name, c.parent_id from categories c, categories_description cd where c.categories_id = (int) $id and c.categories_id = cd.categories_id and cd.language_id = (int) $languages_id"; categories; "cdcategoriesname, cparentid"; "$id, $languages_id"; true
SELECT; "select categories_image from categories where categories_id = (int) $category_id"; categories; "categoriesimage"; "$category_id"; false
SELECT; "select count(*) as total from categories where categories_image = tep_db_input($category_image[categories_image])"; categories; ""; ""categories_image", tep_db_input($category_image["categories_image"])"; false
SELECT; "select products_image from products where products_id = (int) $product_id"; products; "productsimage"; "$product_id"; false
SELECT; "select count(*) as total from products where products_image = tep_db_input($product_image[products_image])"; products; ""; "$product_image, tep_db_input($product_image["products_image"])"; false
SELECT; "select image from products_images where products_id = (int) $product_id"; products_images; "image"; "$product_id"; false
SELECT; "select count(*) as total from products_images where image = tep_db_input($product_images[image])"; products_images; ""; "tep_db_input($product_images["image"])"; false
SELECT; "select reviews_id from reviews where products_id = (int) $product_id"; reviews; "reviewsid"; "$product_id"; true
SELECT; "select products_id, products_quantity from orders_products where orders_id = (int) $order_id"; orders_products; "productsid, productsquantity"; "$order_id"; false
UPDATE; "update products set products_quantity = products_quantity + $order[products_quantity] , products_ordered = products_ordered - $order[products_quantity] where products_id = (int) $order[products_id]"; products; "products_quantity, products_ordered"; ""products_quantity", $order["products_quantity"]"; true
SELECT; "select tax_class_title from tax_class where tax_class_id = (int) $tax_class_id"; tax_class; "taxclasstitle"; "$tax_class_id"; false
SELECT; "select SUM(tax_rate) as tax_rate from tax_rates tr left join zones_to_geo_zones za ON tr.tax_zone_id = za.geo_zone_id left join geo_zones tz ON tz.geo_zone_id = tr.tax_zone_id WHERE (za.zone_country_id IS NULL OR za.zone_country_id = 0 OR za.zone_country_id = (int) $country_id ) AND (za.zone_id IS NULL OR za.zone_id = 0 OR za.zone_id = (int) $zone_id ) AND tr.tax_class_id = (int) $class_id GROUP BY tr.tax_priority"; tax_rates; "taxrate"; "$country_id, $zone_id, $class_id"; true
SELECT; "select geo_zone_name from geo_zones where geo_zone_id = (int) $zone_class_id"; geo_zones; "geozonename"; "$zone_class_id"; false
SELECT; "select geo_zone_id, geo_zone_name from geo_zones order by geo_zone_name"; geo_zones; "geozoneid, geozonename"; ""; false
SELECT; "select orders_status_id, orders_status_name from orders_status where language_id = (int) $languages_id order by orders_status_name"; orders_status; "ordersstatusid, ordersstatusname"; "$languages_id"; false
SELECT; "select orders_status_name from orders_status where orders_status_id = (int) $order_status_id and language_id = (int) $language_id"; orders_status; "ordersstatusname"; "$order_status_id, $language_id"; false
SELECT; "select dayofmonth(banners_history_date) as name, banners_shown as value, banners_clicked as dvalue from banners_history where banners_id = $banner_id and to_days(now()) - to_days(banners_history_date) < $days order by banners_history_date"; banners_history; "bannershistorydate, name, bannersshown, value, bannersclicked"; "$banner_id, $days"; true
SELECT; "select year(banners_history_date) as year, sum(banners_shown) as value, sum(banners_clicked) as dvalue from banners_history where banners_id = $banner_id group by year(banners_history_date)"; banners_history; "bannershistorydate, year, bannersshown, value, bannersclicked"; "$banner_id"; true
SELECT; "select month(banners_history_date) as banner_month, sum(banners_shown) as value, sum(banners_clicked) as dvalue from banners_history where banners_id = $banner_id and year(banners_history_date) = $year group by month(banners_history_date)"; banners_history; "bannershistorydate, bannermonth, bannersshown, value, bannersclicked"; "$banner_id, $year"; true
SELECT; "select dayofmonth(banners_history_date) as banner_day, banners_shown as value, banners_clicked as dvalue from banners_history where banners_id = $banner_id and month(banners_history_date) = $month and year(banners_history_date) = $year"; banners_history; "bannershistorydate, bannerday, bannersshown, value, bannersclicked"; "$banner_id, $month, $year"; true
SELECT; "select distinct zone_country_id from zones order by zone_country_id"; zones; "distinct, zonecountryid"; ""; true
SELECT; "select zone_name, zone_id from zones where zone_country_id = $countries[zone_country_id] order by zone_name"; zones; "zonename, zoneid"; ""zone_country_id", $countries["zone_country_id"]"; false
OTHER; "<select name= tep_output_string($name)"; NA; ""; ""; true
SELECT; "select languages_id, directory from languages where code = tep_db_input($code)"; languages; "languagesid, directory"; "tep_db_input($code)"; true
SELECT; "select value from sessions where sesskey = tep_db_input($key)"; sessions; "value"; "tep_db_input($key)"; false
SELECT; "select 1 from sessions where sesskey = tep_db_input($key)"; sessions; "1"; "tep_db_input($key)"; true
UPDATE; "update sessions set expiry = tep_db_input(time()) , value = tep_db_input($value) where sesskey = tep_db_input($key)"; sessions; "expiry, value"; "tep_db_input(time()), $value, tep_db_input($value)"; false
INSERT; "insert into sessions values ( tep_db_input($key) , tep_db_input(time()) , tep_db_input($value) )"; sessions; "sesskey, expiry, value"; "tep_db_input($key), tep_db_input(time()), tep_db_input($value)"; false
SELECT; "select dayofmonth(banners_history_date) as banner_day, banners_shown as value, banners_clicked as dvalue from banners_history where banners_id = $banner_id and month(banners_history_date) = $month and year(banners_history_date) = $year"; banners_history; "bannershistorydate, bannerday, bannersshown, value, bannersclicked"; "$banner_id, $month, $year"; true
SELECT; "select dayofmonth(banners_history_date) as name, banners_shown as value, banners_clicked as dvalue from banners_history where banners_id = $banner_id and to_days(now()) - to_days(banners_history_date) < $days order by banners_history_date"; banners_history; "bannershistorydate, name, bannersshown, value, bannersclicked"; "$banner_id, $days"; true
SELECT; "select month(banners_history_date) as banner_month, sum(banners_shown) as value, sum(banners_clicked) as dvalue from banners_history where banners_id = $banner_id and year(banners_history_date) = $year group by banner_month"; banners_history; "bannershistorydate, bannermonth, bannersshown, value, bannersclicked"; "$banner_id, $year"; true
SELECT; "select year(banners_history_date) as year, sum(banners_shown) as value, sum(banners_clicked) as dvalue from banners_history where banners_id = $banner_id group by year"; banners_history; "bannershistorydate, year, bannersshown, value, bannersclicked"; "$banner_id"; true
SELECT; "select id, user_name, success, date_added from action_recorder where module = ar_admin_login order by date_added desc limit 6"; action_recorder; "id, username, success, dateadded"; ""; false
INSERT; "insert into configuration (configuration_title, configuration_key, configuration_value, configuration_description, configuration_group_id, sort_order, set_function, date_added) values (Enable Administrator Logins Module, MODULE_ADMIN_DASHBOARD_ADMIN_LOGINS_STATUS, True, Do you want to show the latest administrator logins on the dashboard?, 6, 1, tep_cfg_select_option(array(True, False), , now())"; configuration; "configuration_title, configuration_key, configuration_value, configuration_description, configuration_group_id, sort_order, set_function, date_added"; ""; false
INSERT; "insert into configuration (configuration_title, configuration_key, configuration_value, configuration_description, configuration_group_id, sort_order, date_added) values (Sort Order, MODULE_ADMIN_DASHBOARD_ADMIN_LOGINS_SORT_ORDER, 0, Sort order of display. Lowest is displayed first., 6, 0, now())"; configuration; "configuration_title, configuration_key, configuration_value, configuration_description, configuration_group_id, sort_order, date_added"; ""; false
SELECT; "select c.customers_id, c.customers_lastname, c.customers_firstname, ci.customers_info_date_account_created from customers c, customers_info ci where c.customers_id = ci.customers_info_id order by ci.customers_info_date_account_created desc limit 6"; customers_info; "ccustomersid, ccustomerslastname, ccustomersfirstname, cicustomersinfodateaccountcreated"; ""; true
INSERT; "insert into configuration (configuration_title, configuration_key, configuration_value, configuration_description, configuration_group_id, sort_order, set_function, date_added) values (Enable Customers Module, MODULE_ADMIN_DASHBOARD_CUSTOMERS_STATUS, True, Do you want to show the newest customers on the dashboard?, 6, 1, tep_cfg_select_option(array(True, False), , now())"; configuration; "configuration_title, configuration_key, configuration_value, configuration_description, configuration_group_id, sort_order, set_function, date_added"; ""; false
INSERT; "insert into configuration (configuration_title, configuration_key, configuration_value, configuration_description, configuration_group_id, sort_order, date_added) values (Sort Order, MODULE_ADMIN_DASHBOARD_CUSTOMERS_SORT_ORDER, 0, Sort order of display. Lowest is displayed first., 6, 0, now())"; configuration; "configuration_title, configuration_key, configuration_value, configuration_description, configuration_group_id, sort_order, date_added"; ""; false
INSERT; "insert into configuration (configuration_title, configuration_key, configuration_value, configuration_description, configuration_group_id, sort_order, set_function, date_added) values (Enable Latest Add-Ons Module, MODULE_ADMIN_DASHBOARD_LATEST_ADDONS_STATUS, True, Do you want to show the latest osCommerce Add-Ons on the dashboard?, 6, 1, tep_cfg_select_option(array(True, False), , now())"; configuration; "configuration_title, configuration_key, configuration_value, configuration_description, configuration_group_id, sort_order, set_function, date_added"; ""; false
INSERT; "insert into configuration (configuration_title, configuration_key, configuration_value, configuration_description, configuration_group_id, sort_order, date_added) values (Sort Order, MODULE_ADMIN_DASHBOARD_LATEST_ADDONS_SORT_ORDER, 0, Sort order of display. Lowest is displayed first., 6, 0, now())"; configuration; "configuration_title, configuration_key, configuration_value, configuration_description, configuration_group_id, sort_order, date_added"; ""; false
INSERT; "insert into configuration (configuration_title, configuration_key, configuration_value, configuration_description, configuration_group_id, sort_order, set_function, date_added) values (Enable Latest News Module, MODULE_ADMIN_DASHBOARD_LATEST_NEWS_STATUS, True, Do you want to show the latest osCommerce News on the dashboard?, 6, 1, tep_cfg_select_option(array(True, False), , now())"; configuration; "configuration_title, configuration_key, configuration_value, configuration_description, configuration_group_id, sort_order, set_function, date_added"; ""; false
INSERT; "insert into configuration (configuration_title, configuration_key, configuration_value, configuration_description, configuration_group_id, sort_order, date_added) values (Sort Order, MODULE_ADMIN_DASHBOARD_LATEST_NEWS_SORT_ORDER, 0, Sort order of display. Lowest is displayed first., 6, 0, now())"; configuration; "configuration_title, configuration_key, configuration_value, configuration_description, configuration_group_id, sort_order, date_added"; ""; false
SELECT; "select o.orders_id, o.customers_name, greatest(o.date_purchased, ifnull(o.last_modified, 0)) as date_last_modified, s.orders_status_name, ot.text as order_total from orders o, orders_total ot, orders_status s where o.orders_id = ot.orders_id and ot.class = ot_total and o.orders_status = s.orders_status_id and s.language_id = (int) $languages_id order by date_last_modified desc limit 6"; orders_status; "oordersid, ocustomersname, odatepurchased, olastmodified, 0, datelastmodified, sordersstatusname, ottext"; "$languages_id"; false
INSERT; "insert into configuration (configuration_title, configuration_key, configuration_value, configuration_description, configuration_group_id, sort_order, set_function, date_added) values (Enable Orders Module, MODULE_ADMIN_DASHBOARD_ORDERS_STATUS, True, Do you want to show the latest orders on the dashboard?, 6, 1, tep_cfg_select_option(array(True, False), , now())"; configuration; "configuration_title, configuration_key, configuration_value, configuration_description, configuration_group_id, sort_order, set_function, date_added"; ""; false
INSERT; "insert into configuration (configuration_title, configuration_key, configuration_value, configuration_description, configuration_group_id, sort_order, date_added) values (Sort Order, MODULE_ADMIN_DASHBOARD_ORDERS_SORT_ORDER, 0, Sort order of display. Lowest is displayed first., 6, 0, now())"; configuration; "configuration_title, configuration_key, configuration_value, configuration_description, configuration_group_id, sort_order, date_added"; ""; false
INSERT; "insert into configuration (configuration_title, configuration_key, configuration_value, configuration_description, configuration_group_id, sort_order, set_function, date_added) values (Enable Partner News Module, MODULE_ADMIN_DASHBOARD_PARTNER_NEWS_STATUS, True, Do you want to show the latest osCommerce Partner News on the dashboard?, 6, 1, tep_cfg_select_option(array(True, False), , now())"; configuration; "configuration_title, configuration_key, configuration_value, configuration_description, configuration_group_id, sort_order, set_function, date_added"; ""; false
INSERT; "insert into configuration (configuration_title, configuration_key, configuration_value, configuration_description, configuration_group_id, sort_order, date_added) values (Sort Order, MODULE_ADMIN_DASHBOARD_PARTNER_NEWS_SORT_ORDER, 0, Sort order of display. Lowest is displayed first., 6, 0, now())"; configuration; "configuration_title, configuration_key, configuration_value, configuration_description, configuration_group_id, sort_order, date_added"; ""; false
SELECT; "select r.reviews_id, r.date_added, pd.products_name, r.customers_name, r.reviews_rating, r.reviews_status from reviews r, products_description pd where pd.products_id = r.products_id and pd.language_id = (int) $languages_id order by r.date_added desc limit 6"; reviews; "rreviewsid, rdateadded, pdproductsname, rcustomersname, rreviewsrating, rreviewsstatus"; "$languages_id"; false
INSERT; "insert into configuration (configuration_title, configuration_key, configuration_value, configuration_description, configuration_group_id, sort_order, set_function, date_added) values (Enable Reviews Module, MODULE_ADMIN_DASHBOARD_REVIEWS_STATUS, True, Do you want to show the latest reviews on the dashboard?, 6, 1, tep_cfg_select_option(array(True, False), , now())"; configuration; "configuration_title, configuration_key, configuration_value, configuration_description, configuration_group_id, sort_order, set_function, date_added"; ""; false
INSERT; "insert into configuration (configuration_title, configuration_key, configuration_value, configuration_description, configuration_group_id, sort_order, date_added) values (Sort Order, MODULE_ADMIN_DASHBOARD_REVIEWS_SORT_ORDER, 0, Sort order of display. Lowest is displayed first., 6, 0, now())"; configuration; "configuration_title, configuration_key, configuration_value, configuration_description, configuration_group_id, sort_order, date_added"; ""; false
INSERT; "insert into configuration (configuration_title, configuration_key, configuration_value, configuration_description, configuration_group_id, sort_order, set_function, date_added) values (Enable Security Checks Module, MODULE_ADMIN_DASHBOARD_SECURITY_CHECKS_STATUS, True, Do you want to run the security checks for this installation?, 6, 1, tep_cfg_select_option(array(True, False), , now())"; configuration; "configuration_title, configuration_key, configuration_value, configuration_description, configuration_group_id, sort_order, set_function, date_added"; ""; false
INSERT; "insert into configuration (configuration_title, configuration_key, configuration_value, configuration_description, configuration_group_id, sort_order, date_added) values (Sort Order, MODULE_ADMIN_DASHBOARD_SECURITY_CHECKS_SORT_ORDER, 0, Sort order of display. Lowest is displayed first., 6, 0, now())"; configuration; "configuration_title, configuration_key, configuration_value, configuration_description, configuration_group_id, sort_order, date_added"; ""; false
SELECT; "select date_format(customers_info_date_account_created, %Y-%m-%d) as dateday, count(*) as total from customers_info where date_sub(curdate(), interval 30 day) <= customers_info_date_account_created group by dateday"; customers_info; "customersinfodateaccountcreated, ymd, dateday, "; ""; false
INSERT; "insert into configuration (configuration_title, configuration_key, configuration_value, configuration_description, configuration_group_id, sort_order, set_function, date_added) values (Enable Total Customers Module, MODULE_ADMIN_DASHBOARD_TOTAL_CUSTOMERS_STATUS, True, Do you want to show the total customers chart on the dashboard?, 6, 1, tep_cfg_select_option(array(True, False), , now())"; configuration; "configuration_title, configuration_key, configuration_value, configuration_description, configuration_group_id, sort_order, set_function, date_added"; ""; false
INSERT; "insert into configuration (configuration_title, configuration_key, configuration_value, configuration_description, configuration_group_id, sort_order, date_added) values (Sort Order, MODULE_ADMIN_DASHBOARD_TOTAL_CUSTOMERS_SORT_ORDER, 0, Sort order of display. Lowest is displayed first., 6, 0, now())"; configuration; "configuration_title, configuration_key, configuration_value, configuration_description, configuration_group_id, sort_order, date_added"; ""; false
SELECT; "select date_format(o.date_purchased, %Y-%m-%d) as dateday, sum(ot.value) as total from orders o, orders_total ot where date_sub(curdate(), interval 30 day) <= o.date_purchased and o.orders_id = ot.orders_id and ot.class = ot_total group by dateday"; orders_total; "odatepurchased, ymd, dateday, otvalue"; ""; true
INSERT; "insert into configuration (configuration_title, configuration_key, configuration_value, configuration_description, configuration_group_id, sort_order, set_function, date_added) values (Enable Total Revenue Module, MODULE_ADMIN_DASHBOARD_TOTAL_REVENUE_STATUS, True, Do you want to show the total revenue chart on the dashboard?, 6, 1, tep_cfg_select_option(array(True, False), , now())"; configuration; "configuration_title, configuration_key, configuration_value, configuration_description, configuration_group_id, sort_order, set_function, date_added"; ""; false
INSERT; "insert into configuration (configuration_title, configuration_key, configuration_value, configuration_description, configuration_group_id, sort_order, date_added) values (Sort Order, MODULE_ADMIN_DASHBOARD_TOTAL_REVENUE_SORT_ORDER, 0, Sort order of display. Lowest is displayed first., 6, 0, now())"; configuration; "configuration_title, configuration_key, configuration_value, configuration_description, configuration_group_id, sort_order, date_added"; ""; false
INSERT; "insert into configuration (configuration_title, configuration_key, configuration_value, configuration_description, configuration_group_id, sort_order, set_function, date_added) values (Enable Version Check Module, MODULE_ADMIN_DASHBOARD_VERSION_CHECK_STATUS, True, Do you want to show the version check results on the dashboard?, 6, 1, tep_cfg_select_option(array(True, False), , now())"; configuration; "configuration_title, configuration_key, configuration_value, configuration_description, configuration_group_id, sort_order, set_function, date_added"; ""; false
INSERT; "insert into configuration (configuration_title, configuration_key, configuration_value, configuration_description, configuration_group_id, sort_order, date_added) values (Sort Order, MODULE_ADMIN_DASHBOARD_VERSION_CHECK_SORT_ORDER, 0, Sort order of display. Lowest is displayed first., 6, 0, now())"; configuration; "configuration_title, configuration_key, configuration_value, configuration_description, configuration_group_id, sort_order, date_added"; ""; false
SELECT; "select count(*) as count from customers where customers_newsletter = 1"; customers; ""; ""; false
SELECT; "select customers_firstname, customers_lastname, customers_email_address from customers where customers_newsletter = 1"; customers; "customersfirstname, customerslastname, customersemailaddress"; ""; false
UPDATE; "update newsletters set date_sent = now(), status = 1 where newsletters_id = tep_db_input($newsletter_id)"; newsletters; "date_sent, status"; ""; true
SELECT; "select pd.products_id, pd.products_name from products p, products_description pd where pd.language_id = $languages_id and pd.products_id = p.products_id and p.products_status = 1 order by pd.products_name"; products; "pdproductsid, pdproductsname"; "$languages_id"; true
SELECT; "select distinct customers_id from products_notifications"; products_notifications; "distinct, customersid"; ""; true
SELECT; "select customers_info_id from customers_info where global_product_notifications = 1"; customers_info; "customersinfoid"; ""; true
SELECT; "select distinct customers_id from products_notifications where products_id in ( $ids )"; products_notifications; "distinct, customersid"; "$ids"; true
SELECT; "select customers_info_id from customers_info where global_product_notifications = 1"; customers_info; "customersinfoid"; ""; true
SELECT; "select distinct pn.customers_id, c.customers_firstname, c.customers_lastname, c.customers_email_address from customers c, products_notifications pn where c.customers_id = pn.customers_id"; products_notifications; "distinct, pncustomersid, ccustomersfirstname, ccustomerslastname, ccustomersemailaddress"; ""; true
SELECT; "select c.customers_id, c.customers_firstname, c.customers_lastname, c.customers_email_address from customers c, customers_info ci where c.customers_id = ci.customers_info_id and ci.global_product_notifications = 1"; customers_info; "ccustomersid, ccustomersfirstname, ccustomerslastname, ccustomersemailaddress"; ""; true
SELECT; "select distinct pn.customers_id, c.customers_firstname, c.customers_lastname, c.customers_email_address from customers c, products_notifications pn where c.customers_id = pn.customers_id and pn.products_id in ( $ids )"; products_notifications; "distinct, pncustomersid, ccustomersfirstname, ccustomerslastname, ccustomersemailaddress"; "$ids"; true
SELECT; "select c.customers_id, c.customers_firstname, c.customers_lastname, c.customers_email_address from customers c, customers_info ci where c.customers_id = ci.customers_info_id and ci.global_product_notifications = 1"; customers_info; "ccustomersid, ccustomersfirstname, ccustomerslastname, ccustomersemailaddress"; ""; true
UPDATE; "update newsletters set date_sent = now(), status = 1 where newsletters_id = tep_db_input($newsletter_id)"; newsletters; "date_sent, status"; ""; true
UPDATE; "update configuration set configuration_value = time() where configuration_key = MODULE_SECURITY_CHECK_EXTENDED_LAST_RUN_DATETIME"; configuration; "configuration_value"; "time()"; true
INSERT; "insert into configuration (configuration_title, configuration_key, configuration_value, configuration_description, configuration_group_id, date_added) values (Security Check Extended Last Run, MODULE_SECURITY_CHECK_EXTENDED_LAST_RUN_DATETIME, time() , The date and time the last extended security check was performed., 6, now())"; configuration; "configuration_title, configuration_key, configuration_value, configuration_description, configuration_group_id, date_added"; "time()"; false
SELECT; "select orders_id from orders where orders_id = (int) $oID"; orders; "ordersid"; ""; true
INSERT; "insert into languages (name, code, image, directory, sort_order) values ( tep_db_input($name) , tep_db_input($code) , tep_db_input($image) , tep_db_input($directory) , tep_db_input($sort_order) )"; languages; "name, code, image, directory, sort_order"; "tep_db_input($name), tep_db_input($directory), tep_db_input($sort_order)"; false
SELECT; "select c.categories_id, cd.categories_name from categories c left join categories_description cd on c.categories_id = cd.categories_id where cd.language_id = (int) $languages_id"; categories; "ccategoriesid, cdcategoriesname"; "$languages_id"; true
INSERT; "insert into categories_description (categories_id, language_id, categories_name) values ( (int) $categories[categories_id] , (int) $insert_id , tep_db_input($categories[categories_name]) )"; categories_description; "categories_id, language_id, categories_name"; "$categories["categories_id"], $insert_id, tep_db_input($categories["categories_name"])"; false
SELECT; "select p.products_id, pd.products_name, pd.products_description, pd.products_url from products p left join products_description pd on p.products_id = pd.products_id where pd.language_id = (int) $languages_id"; products; "pproductsid, pdproductsname, pdproductsdescription, pdproductsurl"; "$languages_id"; true
INSERT; "insert into products_description (products_id, language_id, products_name, products_description, products_url) values ( (int) $products[products_id] , (int) $insert_id , tep_db_input($products[products_name]) , tep_db_input($products[products_description]) , tep_db_input($products[products_url]) )"; products_description; "products_id, language_id, products_name, products_description, products_url"; "$products["products_id"], $insert_id, tep_db_input($products["products_name"]), tep_db_input($products["products_description"])"; false
SELECT; "select products_options_id, products_options_name from products_options where language_id = (int) $languages_id"; products_options; "productsoptionsid, productsoptionsname"; "$languages_id"; false
INSERT; "insert into products_options (products_options_id, language_id, products_options_name) values ( (int) $products_options[products_options_id] , (int) $insert_id , tep_db_input($products_options[products_options_name]) )"; products_options; "products_options_id, language_id, products_options_name"; "(int) $products_options["products_options_id"], $insert_id, tep_db_input($products_options["products_options_name"])"; false
SELECT; "select products_options_values_id, products_options_values_name from products_options_values where language_id = (int) $languages_id"; products_options_values; "productsoptionsvaluesid, productsoptionsvaluesname"; "$languages_id"; false
INSERT; "insert into products_options_values (products_options_values_id, language_id, products_options_values_name) values ( (int) $products_options_values[products_options_values_id] , (int) $insert_id , tep_db_input($products_options_values[products_options_values_name]) )"; NA; ""; ""products_options_values", "products_options_values_name", (int) $products_options_values["products_options_values_id"], $insert_id, tep_db_input($products_options_values["products_options_values_name"])"; false
SELECT; "select m.manufacturers_id, mi.manufacturers_url from manufacturers m left join manufacturers_info mi on m.manufacturers_id = mi.manufacturers_id where mi.languages_id = (int) $languages_id"; manufacturers_info; "mmanufacturersid, mimanufacturersurl"; "$languages_id"; false
INSERT; "insert into manufacturers_info (manufacturers_id, languages_id, manufacturers_url) values ( $manufacturers[manufacturers_id] , (int) $insert_id , tep_db_input($manufacturers[manufacturers_url]) )"; manufacturers_info; "manufacturers_id, languages_id, manufacturers_url"; "$manufacturers["manufacturers_id"], $insert_id, tep_db_input($manufacturers["manufacturers_url"])"; false
SELECT; "select orders_status_id, orders_status_name from orders_status where language_id = (int) $languages_id"; orders_status; "ordersstatusid, ordersstatusname"; "$languages_id"; false
INSERT; "insert into orders_status (orders_status_id, language_id, orders_status_name) values ( (int) $orders_status[orders_status_id] , (int) $insert_id , tep_db_input($orders_status[orders_status_name]) )"; orders_status; "orders_status_id, language_id, orders_status_name"; "$orders_status["orders_status_id"], $insert_id, tep_db_input($orders_status["orders_status_name"])"; false
UPDATE; "update configuration set configuration_value = tep_db_input($code) where configuration_key = DEFAULT_LANGUAGE"; configuration; "configuration_value"; "tep_db_input($code)"; false
UPDATE; "update languages set name = tep_db_input($name) , code = tep_db_input($code) , image = tep_db_input($image) , directory = tep_db_input($directory) , sort_order = tep_db_input($sort_order) where languages_id = (int) $lID"; languages; "name, code, image, sort_order"; "tep_db_input($name), $image, $directory, tep_db_input($directory), $sort_order, tep_db_input($sort_order)"; false
UPDATE; "update configuration set configuration_value = tep_db_input($code) where configuration_key = DEFAULT_LANGUAGE"; configuration; "configuration_value"; "tep_db_input($code)"; false
SELECT; "select languages_id from languages where code = DEFAULT_CURRENCY"; languages; "languagesid"; ""; true
UPDATE; "update configuration set configuration_value = where configuration_key = DEFAULT_CURRENCY"; configuration; "configuration_value"; ""; true
SELECT; "select code from languages where languages_id = (int) $lID"; languages; "code"; ""; false
SELECT; "select languages_id, name, code, image, directory, sort_order from languages order by sort_order"; languages; "languagesid, name, code, image, directory, sortorder"; ""; false
SELECT; "select id, user_name, user_password from administrators where user_name = tep_db_input($username)"; administrators; "id, username, userpassword"; "tep_db_input($username)"; false
UPDATE; "update administrators set user_password = tep_encrypt_password($password) where id = (int) $check[id]"; administrators; "user_password"; "tep_encrypt_password($password)"; false
SELECT; "select id from administrators limit 1"; administrators; "id"; ""; true
INSERT; "insert into administrators (user_name, user_password) values ( tep_db_input($username) , tep_db_input(tep_encrypt_password($password)) )"; administrators; "user_name, user_password"; "tep_db_input($username), tep_db_input(tep_encrypt_password($password))"; false
SELECT; "select id from administrators limit 1"; administrators; "id"; ""; true
SELECT; "select customers_firstname, customers_lastname, customers_email_address from customers"; customers; "customersfirstname, customerslastname, customersemailaddress"; ""; false
SELECT; "select customers_firstname, customers_lastname, customers_email_address from customers where customers_newsletter = 1"; customers; "customersfirstname, customerslastname, customersemailaddress"; ""; false
SELECT; "select customers_firstname, customers_lastname, customers_email_address from customers where customers_email_address = tep_db_input($customers_email_address)"; customers; "customersfirstname, customerslastname, customersemailaddress"; "$customers_email_address, tep_db_input($customers_email_address)"; false
SELECT; "select customers_email_address, customers_firstname, customers_lastname from customers order by customers_lastname"; customers; "customersemailaddress, customersfirstname, customerslastname"; ""; false
UPDATE; "update manufacturers set manufacturers_image = tep_db_input($manufacturers_image->filename) where manufacturers_id = (int) $manufacturers_id"; manufacturers; "manufacturers_image"; "$manufacturers_image, tep_db_input($manufacturers_image->filename)"; false
SELECT; "select manufacturers_image from manufacturers where manufacturers_id = (int) $manufacturers_id"; manufacturers; "manufacturersimage"; "$manufacturers_id"; false
SELECT; "select products_id from products where manufacturers_id = (int) $manufacturers_id"; products; "productsid"; "$manufacturers_id"; true
UPDATE; "update products set manufacturers_id = where manufacturers_id = (int) $manufacturers_id"; products; "manufacturers_id"; "$manufacturers_id"; true
SELECT; "select manufacturers_id, manufacturers_name, manufacturers_image, date_added, last_modified from manufacturers order by manufacturers_name"; manufacturers; "manufacturersid, manufacturersname, manufacturersimage, dateadded, lastmodified"; ""; false
SELECT; "select count(*) as products_count from products where manufacturers_id = (int) $manufacturers[manufacturers_id]"; products; ""; ""manufacturers_id", $manufacturers["manufacturers_id"]"; false
UPDATE; "update configuration set configuration_value = $value where configuration_key = $key"; configuration; "configuration_value"; "$value"; false
UPDATE; "update configuration set configuration_value = implode(;, $modules_installed) where configuration_key = $module_key"; configuration; "configuration_value"; ""; true
UPDATE; "update configuration set configuration_value = implode(;, $modules_installed) where configuration_key = $module_key"; configuration; "configuration_value"; ""; true
SELECT; "select configuration_title, configuration_value, configuration_description, use_function, set_function from configuration where configuration_key = $module_keys[$j]"; configuration; "configurationtitle, configurationvalue, configurationdescription, usefunction, setfunction"; "$module_keys[$j]"; false
SELECT; "select configuration_value from configuration where configuration_key = $module_key"; configuration; "configurationvalue"; "$module_key"; false
UPDATE; "update configuration set configuration_value = implode(;, $installed_modules) , last_modified = now() where configuration_key = $module_key"; configuration; "configuration_value"; ""; true
INSERT; "insert into configuration (configuration_title, configuration_key, configuration_value, configuration_description, configuration_group_id, sort_order, date_added) values (Installed Modules, $module_key , implode(;, $installed_modules) , This is automatically updated. No need to edit., 6, 0, now())"; configuration; "configuration_title, configuration_key, configuration_value, configuration_description, configuration_group_id, sort_order, date_added"; "$module_key"; false
SELECT; "select configuration_value from configuration where configuration_key = TEMPLATE_BLOCK_GROUPS"; configuration; "configurationvalue"; ""; false
UPDATE; "update configuration set configuration_value = implode(;, $tbgroups_array) , last_modified = now() where configuration_key = TEMPLATE_BLOCK_GROUPS"; configuration; "configuration_value"; ""; true
INSERT; "insert into configuration (configuration_title, configuration_key, configuration_value, configuration_description, configuration_group_id, sort_order, date_added) values (Installed Template Block Groups, TEMPLATE_BLOCK_GROUPS, $module_type , This is automatically updated. No need to edit., 6, 0, now())"; configuration; "configuration_title, configuration_key, configuration_value, configuration_description, configuration_group_id, sort_order, date_added"; "$module_type"; false
SELECT; "select configuration_value from configuration where configuration_key = MODULE_CONTENT_INSTALLED limit 1"; configuration; "configurationvalue"; ""; false
INSERT; "insert into configuration (configuration_title, configuration_key, configuration_value, configuration_description, configuration_group_id, sort_order, date_added) values (Installed Modules, MODULE_CONTENT_INSTALLED, , This is automatically updated. No need to edit., 6, 0, now())"; configuration; "configuration_title, configuration_key, configuration_value, configuration_description, configuration_group_id, sort_order, date_added"; ""; false
UPDATE; "update configuration set configuration_value = implode(;, $_installed) where configuration_key = MODULE_CONTENT_INSTALLED"; configuration; "configuration_value"; ""; true
UPDATE; "update configuration set configuration_value = tep_db_input($value) where configuration_key = tep_db_input($key)"; configuration; "configuration_value"; "tep_db_input($value)"; false
UPDATE; "update configuration set configuration_value = implode(;, $modules_installed) where configuration_key = MODULE_CONTENT_INSTALLED"; configuration; "configuration_value"; ""; true
UPDATE; "update configuration set configuration_value = implode(;, $modules_installed) where configuration_key = MODULE_CONTENT_INSTALLED"; configuration; "configuration_value"; ""; true
SELECT; "select configuration_title, configuration_value, configuration_description, use_function, set_function from configuration where configuration_key = tep_db_input($key)"; configuration; "configurationtitle, configurationvalue, configurationdescription, usefunction, setfunction"; "tep_db_input($key)"; false
UPDATE; "update newsletters set locked = $status where newsletters_id = (int) $newsletter_id"; newsletters; "locked"; "$status"; true
SELECT; "select locked from newsletters where newsletters_id = (int) $newsletter_id"; newsletters; "locked"; "$newsletter_id"; true
SELECT; "select title, content, module from newsletters where newsletters_id = (int) $nID"; newsletters; "title, content, module"; ""; false
SELECT; "select title, content, module from newsletters where newsletters_id = (int) $nID"; newsletters; "title, content, module"; ""; false
SELECT; "select title, content, module from newsletters where newsletters_id = (int) $nID"; newsletters; "title, content, module"; ""; false
SELECT; "select title, content, module from newsletters where newsletters_id = (int) $nID"; newsletters; "title, content, module"; ""; false
SELECT; "select newsletters_id, title, content, module from newsletters where newsletters_id = (int) $nID"; newsletters; "newslettersid, title, content, module"; ""; false
SELECT; "select newsletters_id, title, length(content) as content_length, module, date_added, date_sent, status, locked from newsletters order by date_added desc"; newsletters; "newslettersid, title, content, contentlength, module, dateadded, datesent, status, locked"; ""; false
SELECT; "select orders_status_id, orders_status_name from orders_status where language_id = (int) $languages_id"; orders_status; "ordersstatusid, ordersstatusname"; "$languages_id"; false
SELECT; "select customers_name, customers_email_address, orders_status, date_purchased from orders where orders_id = (int) $oID"; orders; "customersname, customersemailaddress, ordersstatus, datepurchased"; ""; false
UPDATE; "update orders set orders_status = tep_db_input($status) , last_modified = now() where orders_id = (int) $oID"; orders; "orders_status, last_modified"; "tep_db_input($status)"; true
INSERT; "insert into orders_status_history (orders_id, orders_status_id, date_added, customer_notified, comments) values ( (int) $oID , tep_db_input($status) , now(), tep_db_input($customer_notified) , tep_db_input($comments) )"; orders_status_history; "orders_id, orders_status_id, date_added, customer_notified, comments"; "$oID, tep_db_input($status), tep_db_input($customer_notified), tep_db_input($comments)"; false
SELECT; "select orders_id from orders where orders_id = (int) $oID"; orders; "ordersid"; ""; true
SELECT; "select orders_status_id, date_added, customer_notified, comments from orders_status_history where orders_id = tep_db_input($oID) order by date_added"; orders_status_history; "ordersstatusid, dateadded, customernotified, comments"; "tep_db_input($oID)"; false
SELECT; "select o.orders_id, o.customers_name, o.customers_id, o.payment_method, o.date_purchased, o.last_modified, o.currency, o.currency_value, s.orders_status_name, ot.text as order_total from orders o left join orders_total ot on (o.orders_id = ot.orders_id), orders_status s where o.customers_id = (int) $cID and o.orders_status = s.orders_status_id and s.language_id = (int) $languages_id and ot.class = ot_total order by orders_id DESC"; orders_status; "oordersid, ocustomersname, ocustomersid, opaymentmethod, odatepurchased, olastmodified, ocurrency, ocurrencyvalue, sordersstatusname, ottext"; "$languages_id"; false
SELECT; "select o.orders_id, o.customers_name, o.payment_method, o.date_purchased, o.last_modified, o.currency, o.currency_value, s.orders_status_name, ot.text as order_total from orders o left join orders_total ot on (o.orders_id = ot.orders_id), orders_status s where o.orders_status = s.orders_status_id and s.language_id = (int) $languages_id and s.orders_status_id = (int) $status and ot.class = ot_total order by o.orders_id DESC"; orders_status; "oordersid, ocustomersname, opaymentmethod, odatepurchased, olastmodified, ocurrency, ocurrencyvalue, sordersstatusname, ottext"; "$languages_id, $status"; false
SELECT; "select o.orders_id, o.customers_name, o.payment_method, o.date_purchased, o.last_modified, o.currency, o.currency_value, s.orders_status_name, ot.text as order_total from orders o left join orders_total ot on (o.orders_id = ot.orders_id), orders_status s where o.orders_status = s.orders_status_id and s.language_id = (int) $languages_id and ot.class = ot_total order by o.orders_id DESC"; orders_status; "oordersid, ocustomersname, opaymentmethod, odatepurchased, olastmodified, ocurrency, ocurrencyvalue, sordersstatusname, ottext"; "$languages_id"; false
SELECT; "select max(orders_status_id) as orders_status_id from orders_status"; orders_status; "ordersstatusid"; ""; true
UPDATE; "update configuration set configuration_value = tep_db_input($orders_status_id) where configuration_key = DEFAULT_ORDERS_STATUS_ID"; configuration; "configuration_value"; "tep_db_input($orders_status_id)"; false
SELECT; "select configuration_value from configuration where configuration_key = DEFAULT_ORDERS_STATUS_ID"; configuration; "configurationvalue"; ""; false
UPDATE; "update configuration set configuration_value = where configuration_key = DEFAULT_ORDERS_STATUS_ID"; configuration; "configuration_value"; ""; true
SELECT; "select count(*) as count from orders where orders_status = (int) $oID"; orders; ""; ""; false
SELECT; "select count(*) as count from orders_status_history where orders_status_id = (int) $oID"; orders_status_history; ""; ""; false
SELECT; "select * from orders_status where language_id = (int) $languages_id order by orders_status_id"; orders_status; "orders_status_id, language_id, orders_status_name, public_flag, downloads_flag"; "$languages_id"; false
SELECT; "select orders_id from orders where orders_id = (int) $oID"; orders; "ordersid"; ""; true
SELECT; "select banners_title, banners_image, banners_html_text from banners where banners_id = (int) $banners_id"; banners; "bannerstitle, bannersimage, bannershtmltext"; "$banners_id"; false
INSERT; "insert into products_options (products_options_id, products_options_name, language_id) values ( (int) $products_options_id , tep_db_input($option_name) , (int) $languages[$i][id] )"; products_options; "products_options_id, products_options_name, language_id"; "$products_options_id, tep_db_input($option_name), $languages[$i]["id"]"; false
INSERT; "insert into products_options_values (products_options_values_id, language_id, products_options_values_name) values ( (int) $value_id , (int) $languages[$i][id] , tep_db_input($value_name) )"; NA; ""; ""products_options_values", $value_id, $languages[$i]["id"], tep_db_input($value_name)"; false
INSERT; "insert into products_options_values_to_products_options (products_options_id, products_options_values_id) values ( (int) $option_id , (int) $value_id )"; NA; ""; "$option_id, $value_id"; false
INSERT; "insert into products_attributes values (null, (int) $products_id , (int) $options_id , (int) $values_id , (double) tep_db_input($value_price) , tep_db_input($price_prefix) )"; products_attributes; "products_attributes_id, products_id, options_id, options_values_id, options_values_price, price_prefix"; "$products_id, $options_id, $values_id, tep_db_input($value_price), tep_db_input($price_prefix)"; false
INSERT; "insert into products_attributes_download values ( (int) $products_attributes_id , tep_db_input($products_attributes_filename) , tep_db_input($products_attributes_maxdays) , tep_db_input($products_attributes_maxcount) )"; products_attributes_download; "products_attributes_id, products_attributes_filename, products_attributes_maxdays, products_attributes_maxcount"; "$products_attributes_id, tep_db_input($products_attributes_filename)"; false
UPDATE; "update products_options set products_options_name = tep_db_input($option_name) where products_options_id = (int) $option_id and language_id = (int) $languages[$i][id]"; products_options; "products_options_name"; "tep_db_input($option_name)"; false
UPDATE; "update products_options_values set products_options_values_name = tep_db_input($value_name) where products_options_values_id = tep_db_input($value_id) and language_id = (int) $languages[$i][id]"; products_options_values; "products_options_values_name"; "tep_db_input($value_name)"; false
UPDATE; "update products_options_values_to_products_options set products_options_id = (int) $option_id where products_options_values_id = (int) $value_id"; products_options_values_to_products_options; "products_options_id"; "$option_id"; true
UPDATE; "update products_attributes set products_id = (int) $products_id , options_id = (int) $options_id , options_values_id = (int) $values_id , options_values_price = (double) tep_db_input($value_price) , price_prefix = tep_db_input($price_prefix) where products_attributes_id = (int) $attribute_id"; products_attributes; "products_id, options_id, options_values_id, options_values_price, price_prefix"; "$products_id, $options_id, $values_id, tep_db_input($value_price), $price_prefix, tep_db_input($price_prefix)"; false
SELECT; "select products_options_id, products_options_name from products_options where products_options_id = (int) $HTTP_GET_VARS[option_id] and language_id = (int) $languages_id"; products_options; "productsoptionsid, productsoptionsname"; "$languages_id"; false
SELECT; "select p.products_id, pd.products_name, pov.products_options_values_name from products p, products_options_values pov, products_attributes pa, products_description pd where pd.products_id = p.products_id and pov.language_id = (int) $languages_id and pd.language_id = (int) $languages_id and pa.products_id = p.products_id and pa.options_id= (int) $HTTP_GET_VARS[option_id] and pov.products_options_values_id = pa.options_values_id order by pd.products_name"; products_options_values; "pproductsid, pdproductsname, povproductsoptionsvaluesname"; "$languages_id"; false
SELECT; "select * from products_options where language_id = (int) $languages_id order by products_options_id"; products_options; "products_options_id, language_id, products_options_name"; "$languages_id"; false
SELECT; "select products_options_name from products_options where products_options_id = $options_values[products_options_id] and language_id = $languages[$i][id]"; products_options; "productsoptionsname"; ""products_options_id", $options_values["products_options_id"], $languages[$i]["id"]"; false
SELECT; "select max(products_options_id) + 1 as next_id from products_options"; products_options; "productsoptionsid, , 1"; ""; true
SELECT; "select products_options_values_id, products_options_values_name from products_options_values where products_options_values_id = (int) $HTTP_GET_VARS[value_id] and language_id = (int) $languages_id"; products_options_values; "productsoptionsvaluesid, productsoptionsvaluesname"; ""products_options_values", $languages_id"; false
SELECT; "select p.products_id, pd.products_name, po.products_options_name from products p, products_attributes pa, products_options po, products_description pd where pd.products_id = p.products_id and pd.language_id = (int) $languages_id and po.language_id = (int) $languages_id and pa.products_id = p.products_id and pa.options_values_id= (int) $HTTP_GET_VARS[value_id] and po.products_options_id = pa.options_id order by pd.products_name"; products; "pproductsid, pdproductsname, poproductsoptionsname"; "$languages_id"; true
SELECT; "select pov.products_options_values_id, pov.products_options_values_name, pov2po.products_options_id from products_options_values pov left join products_options_values_to_products_options pov2po on pov.products_options_values_id = pov2po.products_options_values_id where pov.language_id = (int) $languages_id order by pov.products_options_values_id"; products_options_values; "povproductsoptionsvaluesid, povproductsoptionsvaluesname, pov2poproductsoptionsid"; "$languages_id"; false
SELECT; "select products_options_values_name from products_options_values where products_options_values_id = (int) $values_values[products_options_values_id] and language_id = (int) $languages[$i][id]"; products_options_values; "productsoptionsvaluesname"; ""products_options_values", (int) $values_values["products_options_values_id"], $languages[$i]["id"]"; false
SELECT; "select products_options_id, products_options_name from products_options where language_id = (int) $languages_id order by products_options_name"; products_options; "productsoptionsid, productsoptionsname"; "$languages_id"; false
SELECT; "select max(products_options_values_id) + 1 as next_id from products_options_values"; products_options_values; "productsoptionsvaluesid, , 1"; ""; true
SELECT; "select products_options_id, products_options_name from products_options where language_id = $languages_id order by products_options_name"; products_options; "productsoptionsid, productsoptionsname"; "$languages_id"; false
SELECT; "select pa.* from products_attributes pa left join products_description pd on pa.products_id = pd.products_id and pd.language_id = (int) $languages_id order by pd.products_name"; products_description; "pa"; ""; false
SELECT; "select p.products_id, pd.products_name from products p, products_description pd where pd.products_id = p.products_id and pd.language_id = $languages_id order by pd.products_name"; products; "pproductsid, pdproductsname"; "$languages_id"; true
SELECT; "select * from products_options where language_id = $languages_id order by products_options_name"; products_options; "products_options_id, language_id, products_options_name"; "$languages_id"; false
SELECT; "select * from products_options_values where language_id = $languages_id order by products_options_values_name"; products_options_values; "products_options_values_id, language_id, products_options_values_name"; "$languages_id"; false
SELECT; "select products_attributes_filename, products_attributes_maxdays, products_attributes_maxcount from products_attributes_download where products_attributes_id= $attributes_values[products_attributes_id]"; products_attributes_download; "productsattributesfilename, productsattributesmaxdays, productsattributesmaxcount"; ""products_attributes_id", $attributes_values["products_attributes_id"]"; false
SELECT; "select max(products_attributes_id) + 1 as next_id from products_attributes"; products_attributes; "productsattributesid, , 1"; ""; true
SELECT; "select p.products_id, pd.products_name from products p, products_description pd where pd.products_id = p.products_id and pd.language_id = $languages_id order by pd.products_name"; products; "pproductsid, pdproductsname"; "$languages_id"; true
SELECT; "select * from products_options where language_id = $languages_id order by products_options_name"; products_options; "products_options_id, language_id, products_options_name"; "$languages_id"; false
SELECT; "select * from products_options_values where language_id = $languages_id order by products_options_values_name"; products_options_values; "products_options_values_id, language_id, products_options_values_name"; "$languages_id"; false
UPDATE; "update products set products_date_available = where to_days(now()) > to_days(products_date_available)"; products; "products_date_available"; ""; true
SELECT; "select pd.products_id, pd.products_name, p.products_date_available from products_description pd, products p where p.products_id = pd.products_id and p.products_date_available != and pd.language_id = (int) $languages_id order by p.products_date_available DESC"; products; "pdproductsid, pdproductsname, pproductsdateavailable"; "$languages_id"; true
UPDATE; "update reviews set reviews_rating = tep_db_input($reviews_rating) , reviews_status = tep_db_input($reviews_status) , last_modified = now() where reviews_id = (int) $reviews_id"; reviews; "reviews_rating, reviews_status, last_modified"; "$reviews_rating, tep_db_input($reviews_rating), $reviews_status"; true
UPDATE; "update reviews_description set reviews_text = tep_db_input($reviews_text) where reviews_id = (int) $reviews_id"; reviews_description; "reviews_text"; "$reviews_text, tep_db_input($reviews_text)"; false
SELECT; "select r.reviews_id, r.products_id, r.customers_name, r.date_added, r.last_modified, r.reviews_read, rd.reviews_text, r.reviews_rating, r.reviews_status from reviews r, reviews_description rd where r.reviews_id = (int) $rID and r.reviews_id = rd.reviews_id"; reviews; "rreviewsid, rproductsid, rcustomersname, rdateadded, rlastmodified, rreviewsread, rdreviewstext, rreviewsrating, rreviewsstatus"; ""; false
SELECT; "select products_image from products where products_id = (int) $reviews[products_id]"; products; "productsimage"; ""products_id", $reviews["products_id"]"; false
SELECT; "select products_name from products_description where products_id = (int) $reviews[products_id] and language_id = (int) $languages_id"; products_description; "productsname"; ""products_id", $reviews["products_id"], $languages_id"; false
SELECT; "select r.reviews_id, r.products_id, r.customers_name, r.date_added, r.last_modified, r.reviews_read, rd.reviews_text, r.reviews_rating, r.reviews_status from reviews r, reviews_description rd where r.reviews_id = (int) $rID and r.reviews_id = rd.reviews_id"; reviews; "rreviewsid, rproductsid, rcustomersname, rdateadded, rlastmodified, rreviewsread, rdreviewstext, rreviewsrating, rreviewsstatus"; ""; false
SELECT; "select products_image from products where products_id = (int) $reviews[products_id]"; products; "productsimage"; ""products_id", $reviews["products_id"]"; false
SELECT; "select products_name from products_description where products_id = (int) $reviews[products_id] and language_id = (int) $languages_id"; products_description; "productsname"; ""products_id", $reviews["products_id"], $languages_id"; false
SELECT; "select reviews_id, products_id, date_added, last_modified, reviews_rating, reviews_status from reviews order by date_added DESC"; reviews; "reviewsid, productsid, dateadded, lastmodified, reviewsrating, reviewsstatus"; ""; true
SELECT; "select r.reviews_read, r.customers_name, length(rd.reviews_text) as reviews_text_size from reviews r, reviews_description rd where r.reviews_id = (int) $reviews[reviews_id] and r.reviews_id = rd.reviews_id"; reviews; "rreviewsread, rcustomersname, rdreviewstext"; "$reviews["reviews_id"]"; false
SELECT; "select products_image from products where products_id = (int) $reviews[products_id]"; products; "productsimage"; ""products_id", $reviews["products_id"]"; false
SELECT; "select products_name from products_description where products_id = (int) $reviews[products_id] and language_id = (int) $languages_id"; products_description; "productsname"; ""products_id", $reviews["products_id"], $languages_id"; false
SELECT; "select (avg(reviews_rating) / 5 * 100) as average_rating from reviews where products_id = (int) $reviews[products_id]"; reviews; "reviews_id, products_id, customers_id, customers_name, reviews_rating, date_added, last_modified, reviews_status, reviews_read"; ""products_id", $reviews["products_id"]"; false
SELECT; "select directory from sec_directory_whitelist"; sec_directory_whitelist; "directory"; ""; true
SELECT; "select products_id, products_price from products where products_id = (int) $products_id"; products; "productsid, productsprice"; "$products_id"; true
INSERT; "insert into specials (products_id, specials_new_products_price, specials_date_added, expires_date, status) values ( (int) $products_id , tep_db_input($specials_price) , now(), tep_not_null($expires_date) ? . tep_db_input($expires_date) . : null , 1)"; specials; "products_id, specials_new_products_price, specials_date_added, expires_date, status"; "$products_id, tep_db_input($specials_price), tep_not_null($expires_date), tep_db_input($expires_date)"; false
UPDATE; "update specials set specials_new_products_price = tep_db_input($specials_price) , specials_last_modified = now(), expires_date = tep_not_null($expires_date) ? . tep_db_input($expires_date) . : null where specials_id = (int) $specials_id"; specials; "specials_new_products_price, specials_last_modified, expires_date"; "tep_db_input($specials_price), $expires_date, tep_not_null($expires_date), tep_db_input($expires_date)"; true
SELECT; "select p.products_id, pd.products_name, p.products_price, s.specials_new_products_price, s.expires_date from products p, products_description pd, specials s where p.products_id = pd.products_id and pd.language_id = (int) $languages_id and p.products_id = s.products_id and s.specials_id = (int) $HTTP_GET_VARS[sID]"; specials; "pproductsid, pdproductsname, pproductsprice, sspecialsnewproductsprice, sexpiresdate"; "$languages_id"; true
SELECT; "select p.products_id from products p, specials s where s.products_id = p.products_id"; specials; "pproductsid"; ""; true
SELECT; "select p.products_id, pd.products_name, p.products_price, s.specials_id, s.specials_new_products_price, s.specials_date_added, s.specials_last_modified, s.expires_date, s.date_status_change, s.status from products p, specials s, products_description pd where p.products_id = pd.products_id and pd.language_id = (int) $languages_id and p.products_id = s.products_id order by pd.products_name"; specials; "pproductsid, pdproductsname, pproductsprice, sspecialsid, sspecialsnewproductsprice, sspecialsdateadded, sspecialslastmodified, sexpiresdate, sdatestatuschange, sstatus"; "$languages_id"; false
SELECT; "select products_image from products where products_id = (int) $specials[products_id]"; products; "productsimage"; ""products_id", $specials["products_id"]"; false
SELECT; "select c.customers_firstname, c.customers_lastname, sum(op.products_quantity * op.final_price) as ordersum from customers c, orders_products op, orders o where c.customers_id = o.customers_id and o.orders_id = op.orders_id group by c.customers_firstname, c.customers_lastname order by ordersum DESC"; orders; "orders_id, customers_id, customers_name, customers_company, customers_street_address, customers_suburb, customers_city, customers_postcode, customers_state, customers_country, customers_telephone, customers_email_address, customers_address_format_id, delivery_name, delivery_company, delivery_street_address, delivery_suburb, delivery_city, delivery_postcode, delivery_state, delivery_country, delivery_address_format_id, billing_name, billing_company, billing_street_address, billing_suburb, billing_city, billing_postcode, billing_state, billing_country, billing_address_format_id, payment_method, cc_type, cc_owner, cc_number, cc_expires, last_modified, date_purchased, orders_status, orders_date_finished, currency, currency_value"; ""; false
SELECT; "select customers_id from orders group by customers_id"; orders; "customersid"; ""; true
SELECT; "select p.products_id, p.products_ordered, pd.products_name from products p, products_description pd where pd.products_id = p.products_id and pd.language_id = $languages_id and p.products_ordered > 0 group by pd.products_id order by p.products_ordered DESC, pd.products_name"; products; "pproductsid, pproductsordered, pdproductsname"; "$languages_id"; true
SELECT; "select p.products_id, pd.products_name, pd.products_viewed, l.name from products p, products_description pd, languages l where p.products_id = pd.products_id and l.languages_id = pd.language_id order by pd.products_viewed DESC"; products; "pproductsid, pdproductsname, pdproductsviewed, lname"; ""; true
INSERT; "insert into tax_class (tax_class_title, tax_class_description, date_added) values ( tep_db_input($tax_class_title) , tep_db_input($tax_class_description) , now())"; tax_class; "tax_class_title, tax_class_description, date_added"; "tep_db_input($tax_class_title), tep_db_input($tax_class_description)"; false
UPDATE; "update tax_class set tax_class_id = (int) $tax_class_id , tax_class_title = tep_db_input($tax_class_title) , tax_class_description = tep_db_input($tax_class_description) , last_modified = now() where tax_class_id = (int) $tax_class_id"; tax_class; "tax_class_id, tax_class_title, tax_class_description, last_modified"; "$tax_class_id, $tax_class_title, tep_db_input($tax_class_title), $tax_class_description, tep_db_input($tax_class_description)"; false
SELECT; "select tax_class_id, tax_class_title, tax_class_description, last_modified, date_added from tax_class order by tax_class_title"; tax_class; "taxclassid, taxclasstitle, taxclassdescription, lastmodified, dateadded"; ""; false
INSERT; "insert into tax_rates (tax_zone_id, tax_class_id, tax_rate, tax_description, tax_priority, date_added) values ( (int) $tax_zone_id , (int) $tax_class_id , tep_db_input($tax_rate) , tep_db_input($tax_description) , tep_db_input($tax_priority) , now())"; tax_rates; "tax_zone_id, tax_class_id, tax_rate, tax_description, tax_priority, date_added"; "$tax_zone_id, $tax_class_id, tep_db_input($tax_rate), tep_db_input($tax_description), tep_db_input($tax_priority)"; false
UPDATE; "update tax_rates set tax_rates_id = (int) $tax_rates_id , tax_zone_id = (int) $tax_zone_id , tax_class_id = (int) $tax_class_id , tax_rate = tep_db_input($tax_rate) , tax_description = tep_db_input($tax_description) , tax_priority = tep_db_input($tax_priority) , last_modified = now() where tax_rates_id = (int) $tax_rates_id"; tax_rates; "tax_rates_id, tax_zone_id, tax_class_id, tax_rate, tax_description, tax_priority, last_modified"; "$tax_rates_id, $tax_zone_id, $tax_class_id, $tax_rate, tep_db_input($tax_rate), $tax_description, tep_db_input($tax_description), $tax_priority, tep_db_input($tax_priority)"; false
SELECT; "select r.tax_rates_id, z.geo_zone_id, z.geo_zone_name, tc.tax_class_title, tc.tax_class_id, r.tax_priority, r.tax_rate, r.tax_description, r.date_added, r.last_modified from tax_class tc, tax_rates r left join geo_zones z on r.tax_zone_id = z.geo_zone_id where r.tax_class_id = tc.tax_class_id"; tax_rates; "rtaxratesid, zgeozoneid, zgeozonename, tctaxclasstitle, tctaxclassid, rtaxpriority, rtaxrate, rtaxdescription, rdateadded, rlastmodified"; ""; false
SELECT; "select customer_id, full_name, ip_address, time_entry, time_last_click, last_page_url, session_id from whos_online"; whos_online; "customerid, fullname, ipaddress, timeentry, timelastclick, lastpageurl, sessionid"; ""; false
SELECT; "select cb.customers_basket_quantity, cb.products_id, pd.products_name from customers_basket cb, products_description pd where cb.customers_id = (int) $info->customer_id and cb.products_id = pd.products_id and pd.language_id = (int) $languages_id"; customers_basket; "cbcustomersbasketquantity, cbproductsid, pdproductsname"; "$info->customer_id, $languages_id"; false
INSERT; "insert into zones (zone_country_id, zone_code, zone_name) values ( (int) $zone_country_id , tep_db_input($zone_code) , tep_db_input($zone_name) )"; zones; "zone_country_id, zone_code, zone_name"; "$zone_country_id, tep_db_input($zone_code)"; false
UPDATE; "update zones set zone_country_id = (int) $zone_country_id , zone_code = tep_db_input($zone_code) , zone_name = tep_db_input($zone_name) where zone_id = (int) $zone_id"; zones; "zone_country_id, zone_code, zone_name"; "$zone_country_id, $zone_code, tep_db_input($zone_code), $zone_name"; false
SELECT; "select z.zone_id, c.countries_id, c.countries_name, z.zone_name, z.zone_code, z.zone_country_id from zones z, countries c where z.zone_country_id = c.countries_id order by c.countries_name, z.zone_name"; countries; "zzoneid, ccountriesid, ccountriesname, zzonename, zzonecode, zzonecountryid"; ""; false
SELECT; "select distinct $select_column_list m.manufacturers_id, p.products_id, pd.products_name, p.products_price, p.products_tax_class_id, IF(s.status, s.specials_new_products_price, NULL) as specials_new_products_price, IF(s.status, s.specials_new_products_price, p.products_price) as final_price"; NA; "distinct, selectcolumnlist, mmanufacturersid, pproductsid, pdproductsname, pproductsprice, pproductstaxclassid, sstatus, sspecialsnewproductsprice, null, specialsnewproductsprice"; ""; false
SELECT; "select count(*) as total from address_book where customers_id = (int) $customer_id and address_book_id = (int) $billto"; address_book; ""; "$customer_id, $billto"; false
SELECT; "select count(*) as total from zones where zone_country_id = (int) $country"; zones; ""; "$country"; false
SELECT; "select distinct zone_id from zones where zone_country_id = (int) $country and (zone_name = tep_db_input($state) or zone_code = tep_db_input($state) )"; zones; "distinct, zoneid"; "$country, tep_db_input($state)"; true
SELECT; "select count(*) as total from address_book where customers_id = (int) $customer_id and address_book_id = (int) $billto"; address_book; ""; "$customer_id, $billto"; false
SELECT; "select address_book_id, entry_firstname as firstname, entry_lastname as lastname, entry_company as company, entry_street_address as street_address, entry_suburb as suburb, entry_city as city, entry_postcode as postcode, entry_state as state, entry_zone_id as zone_id, entry_country_id as country_id from address_book where customers_id = (int) $customer_id"; address_book; "addressbookid, entryfirstname, firstname, entrylastname, lastname, entrycompany, company, entrystreetaddress, streetaddress, entrysuburb, suburb, entrycity, city, entrypostcode, postcode, entrystate, state, entryzoneid, zoneid, entrycountryid"; "$customer_id"; false
SELECT; "SELECT products_quantity, pad.products_attributes_filename FROM products p LEFT JOIN products_attributes pa ON p.products_id=pa.products_id LEFT JOIN products_attributes_download pad ON pa.products_attributes_id=pad.products_attributes_id WHERE p.products_id = tep_get_prid($order->products[$i][id])"; products; "productsquantity, padproductsattributesfilename"; "tep_get_prid($order->products[$i]["id"])"; true
SELECT; "select products_quantity from products where products_id = tep_get_prid($order->products[$i][id])"; products; "productsquantity"; "tep_get_prid($order->products[$i]["id"])"; true
UPDATE; "update products set products_quantity = (int) $stock_left where products_id = tep_get_prid($order->products[$i][id])"; products; "products_quantity"; "$stock_left"; true
UPDATE; "update products set products_status = 0 where products_id = tep_get_prid($order->products[$i][id])"; products; "products_status"; ""; true
UPDATE; "update products set products_ordered = products_ordered + sprintf(%d, $order->products[$i][qty]) where products_id = tep_get_prid($order->products[$i][id])"; products; "products_ordered"; "$order->products[$i]["qty"]"; true
SELECT; "select popt.products_options_name, poval.products_options_values_name, pa.options_values_price, pa.price_prefix, pad.products_attributes_maxdays, pad.products_attributes_maxcount , pad.products_attributes_filename from products_options popt, products_options_values poval, products_attributes pa left join products_attributes_download pad on pa.products_attributes_id=pad.products_attributes_id where pa.products_id = (int) $order->products[$i][id] and pa.options_id = (int) $order->products[$i][attributes][$j][option_id] and pa.options_id = popt.products_options_id and pa.options_values_id = (int) $order->products[$i][attributes][$j][value_id] and pa.options_values_id = poval.products_options_values_id and popt.language_id = (int) $languages_id and poval.language_id = (int) $languages_id"; products_options_values; "poptproductsoptionsname, povalproductsoptionsvaluesname, paoptionsvaluesprice, papriceprefix, padproductsattributesmaxdays, padproductsattributesmaxcount, , padproductsattributesfilename"; "$order->products[$i]["id"], (int) $order->products[$i]["attributes"][$j]["option_id"], $order->products[$i]["attributes"][$j]["option_id"], $languages_id"; false
SELECT; "select popt.products_options_name, poval.products_options_values_name, pa.options_values_price, pa.price_prefix from products_options popt, products_options_values poval, products_attributes pa where pa.products_id = (int) $order->products[$i][id] and pa.options_id = (int) $order->products[$i][attributes][$j][option_id] and pa.options_id = popt.products_options_id and pa.options_values_id = (int) $order->products[$i][attributes][$j][value_id] and pa.options_values_id = poval.products_options_values_id and popt.language_id = (int) $languages_id and poval.language_id = (int) $languages_id"; products_options_values; "poptproductsoptionsname, povalproductsoptionsvaluesname, paoptionsvaluesprice, papriceprefix"; "$order->products[$i]["id"], (int) $order->products[$i]["attributes"][$j]["option_id"], $order->products[$i]["attributes"][$j]["option_id"], $languages_id"; false
SELECT; "select count(*) as total from address_book where customers_id = (int) $customer_id and address_book_id = (int) $sendto"; address_book; ""; "$customer_id, $sendto"; false
SELECT; "select count(*) as total from zones where zone_country_id = (int) $country"; zones; ""; "$country"; false
SELECT; "select distinct zone_id from zones where zone_country_id = (int) $country and (zone_name = tep_db_input($state) or zone_code = tep_db_input($state) )"; zones; "distinct, zoneid"; "$country, tep_db_input($state)"; true
SELECT; "select count(*) as total from address_book where customers_id = (int) $customer_id and address_book_id = (int) $sendto"; address_book; ""; "$customer_id, $sendto"; false
SELECT; "select address_book_id, entry_firstname as firstname, entry_lastname as lastname, entry_company as company, entry_street_address as street_address, entry_suburb as suburb, entry_city as city, entry_postcode as postcode, entry_state as state, entry_zone_id as zone_id, entry_country_id as country_id from address_book where customers_id = (int) $customer_id"; address_book; "addressbookid, entryfirstname, firstname, entrylastname, lastname, entrycompany, company, entrystreetaddress, streetaddress, entrysuburb, suburb, entrycity, city, entrypostcode, postcode, entrystate, state, entryzoneid, zoneid, entrycountryid"; "$customer_id"; false
SELECT; "select orders_id from orders where customers_id = (int) $customer_id order by date_purchased desc limit 1"; orders; "ordersid"; "$customer_id"; true
SELECT; "select count(*) as total from customers where customers_email_address = tep_db_input($email_address)"; customers; ""; "tep_db_input($email_address)"; false
SELECT; "select count(*) as total from zones where zone_country_id = (int) $country"; zones; ""; "$country"; false
SELECT; "select distinct zone_id from zones where zone_country_id = (int) $country and (zone_name = tep_db_input($state) or zone_code = tep_db_input($state) )"; zones; "distinct, zoneid"; "$country, tep_db_input($state)"; true
UPDATE; "update customers set customers_default_address_id = (int) $address_id where customers_id = (int) $customer_id"; customers; "customers_default_address_id"; "$address_id"; true
INSERT; "insert into customers_info (customers_info_id, customers_info_number_of_logons, customers_info_date_account_created) values ( (int) $customer_id , 0, now())"; customers_info; "customers_info_id, customers_info_number_of_logons, customers_info_date_account_created"; "$customer_id"; true
SELECT; "select zone_name from zones where zone_country_id = (int) $country order by zone_name"; zones; "zonename"; "$country"; false
SELECT; "select date_format(o.date_purchased, %Y-%m-%d) as date_purchased_day, opd.download_maxdays, opd.download_count, opd.download_maxdays, opd.orders_products_filename from orders o, orders_products op, orders_products_download opd, orders_status os where o.customers_id = (int) $customer_id and o.orders_id = (int) $HTTP_GET_VARS[order] and o.orders_id = op.orders_id and op.orders_products_id = opd.orders_products_id and opd.orders_products_download_id = (int) $HTTP_GET_VARS[id] and opd.orders_products_filename != and o.orders_status = os.orders_status_id and os.downloads_flag = 1 and os.language_id = (int) $languages_id"; orders_status; "odatepurchased, ymd, datepurchasedday, opddownloadmaxdays, opddownloadcount, opdordersproductsfilename"; "$customer_id, $languages_id"; true
UPDATE; "update orders_products_download set download_count = download_count-1 where orders_products_download_id = (int) $HTTP_GET_VARS[id]"; orders_products_download; "download_count"; ""; false
SELECT; "select id, braintree_token from customers_braintree_tokens where id = (int) $HTTP_GET_VARS[id] and customers_id = (int) $customer_id"; customers_basket; "id, braintreetoken"; "$customer_id"; true
SELECT; "select id, card_type, number_filtered, expiry_date from customers_braintree_tokens where customers_id = (int) $customer_id order by date_added"; customers_basket; "id, cardtype, numberfiltered, expirydate"; "$customer_id"; true
SELECT; "select id, sagepay_token from customers_sagepay_tokens where id = (int) $HTTP_GET_VARS[id] and customers_id = (int) $customer_id"; customers_basket; "id, sagepaytoken"; "$customer_id"; true
SELECT; "select id, card_type, number_filtered, expiry_date from customers_sagepay_tokens where customers_id = (int) $customer_id order by date_added"; customers_basket; "id, cardtype, numberfiltered, expirydate"; "$customer_id"; true
SELECT; "select customers_password from customers where customers_id = (int) $customer_id"; customers; "customerspassword"; "$customer_id"; false
UPDATE; "update customers set customers_password = tep_encrypt_password($password_new) where customers_id = (int) $customer_id"; customers; "customers_password"; "tep_encrypt_password($password_new)"; false
UPDATE; "update customers_info set customers_info_date_account_last_modified = now() where customers_info_id = (int) $customer_id"; customers_info; "customers_info_date_account_last_modified"; ""; true
SELECT; "select id, stripe_token from customers_stripe_tokens where id = (int) $HTTP_GET_VARS[id] and customers_id = (int) $customer_id"; customers_basket; "id, stripetoken"; "$customer_id"; true
SELECT; "select id, card_type, number_filtered, expiry_date from customers_stripe_tokens where customers_id = (int) $customer_id order by date_added"; customers_basket; "id, cardtype, numberfiltered, expirydate"; "$customer_id"; true
SELECT; "select order_status, currency, currency_value from orders where orders_id = (int) $HTTP_POST_VARS[cs2] and customers_id = (int) $HTTP_POST_VARS[cs1]"; orders; "orderstatus, currency, currencyvalue"; ""; false
SELECT; "select value from orders_total where orders_id = (int) $HTTP_POST_VARS[cs2] and class = ot_total limit 1"; orders_total; "value"; ""; true
UPDATE; "update orders set orders_status = $order_status_id , last_modified = now() where orders_id = (int) $HTTP_POST_VARS[cs2]"; orders; "orders_status, last_modified"; "$order_status_id"; true
SELECT; "select orders_status, currency, currency_value from orders where orders_id = $HTTP_POST_VARS[order_id]"; orders; "ordersstatus, currency, currencyvalue"; ""; false
SELECT; "select value from orders_total where orders_id = $HTTP_POST_VARS[order_id] and class = ot_total limit 1"; orders_total; "value"; ""; true
UPDATE; "update orders set orders_status = $order_status_id , last_modified = now() where orders_id = (int) $HTTP_POST_VARS[order_id]"; orders; "orders_status, last_modified"; "$order_status_id"; true
SELECT; "SELECT products_quantity, pad.products_attributes_filename FROM products p LEFT JOIN products_attributes pa ON p.products_id=pa.products_id LEFT JOIN products_attributes_download pad ON pa.products_attributes_id=pad.products_attributes_id WHERE p.products_id = tep_get_prid($order->products[$i][id])"; products; "productsquantity, padproductsattributesfilename"; "tep_get_prid($order->products[$i]["id"])"; true
SELECT; "select products_quantity from products where products_id = tep_get_prid($order->products[$i][id])"; products; "productsquantity"; "tep_get_prid($order->products[$i]["id"])"; true
UPDATE; "update products set products_quantity = $stock_left where products_id = tep_get_prid($order->products[$i][id])"; products; "products_quantity"; "$stock_left"; true
UPDATE; "update products set products_status = 0 where products_id = tep_get_prid($order->products[$i][id])"; products; "products_status"; ""; true
UPDATE; "update products set products_ordered = products_ordered + sprintf(%d, $order->products[$i][qty]) where products_id = tep_get_prid($order->products[$i][id])"; products; "products_ordered"; "$order->products[$i]["qty"]"; true
SELECT; "select comments from orders_status_history where orders_id = $HTTP_POST_VARS[order_id]"; orders_status_history; "comments"; ""; false
SELECT; "select * from orders_products_download where orders_id = (int) $HTTP_POST_VARS[order_id]"; orders_products_download; "orders_products_download_id, orders_id, orders_products_id, orders_products_filename, download_maxdays, download_count"; ""; false
SELECT; "select orders_id from orders where orders_id = $HTTP_POST_VARS[order_id]"; orders; "ordersid"; ""; true
SELECT; "select orders_status, currency, currency_value from orders where orders_id = $HTTP_POST_VARS[transaction_id] and customers_id = (int) $HTTP_POST_VARS[osc_custid]"; orders; "ordersstatus, currency, currencyvalue"; ""; false
SELECT; "select * from countries where countries_iso_code_2 = tep_db_input($sendto[country_name]) limit 1"; countries; "countries_id, countries_name, countries_iso_code_2, countries_iso_code_3, address_format_id"; "tep_db_input($sendto["country_name"])"; false
SELECT; "select * from zones where zone_country_id = (int) $sendto[country_id] and (zone_name = tep_db_input($sendto[zone_name]) or zone_code = tep_db_input($sendto[zone_name]) ) limit 1"; zones; "zone_id, zone_country_id, zone_code, zone_name"; "$sendto["country_id"], "zone_name", tep_db_input($sendto["zone_name"])"; false
SELECT; "select * from customers where customers_email_address = tep_db_input($email_address) limit 1"; customers; "customers_id, customers_gender, customers_firstname, customers_lastname, customers_dob, customers_email_address, customers_default_address_id, customers_telephone, customers_fax, customers_password, customers_newsletter"; "tep_db_input($email_address)"; false
INSERT; "insert into customers_info (customers_info_id, customers_info_number_of_logons, customers_info_date_account_created) values ( (int) $customer_id , 0, now())"; customers_info; "customers_info_id, customers_info_number_of_logons, customers_info_date_account_created"; "$customer_id"; true
SELECT; "select countries_id, address_format_id from countries where countries_iso_code_2 = tep_db_input($ship_country) limit 1"; countries; "countriesid, addressformatid"; "tep_db_input($ship_country)"; false
SELECT; "select zone_id from zones where zone_country_id = (int) $ship_country_id and (zone_name = tep_db_input($ship_zone) or zone_code = tep_db_input($ship_zone) ) limit 1"; zones; "zoneid"; "$ship_country_id, tep_db_input($ship_zone)"; true
SELECT; "select address_book_id from address_book where customers_id = (int) $customer_id and entry_firstname = tep_db_input($ship_firstname) and entry_lastname = tep_db_input($ship_lastname) and entry_street_address = tep_db_input($ship_address) and entry_postcode = tep_db_input($ship_postcode) and entry_city = tep_db_input($ship_city) and (entry_state = tep_db_input($ship_zone) or entry_zone_id = (int) $ship_zone_id ) and entry_country_id = (int) $ship_country_id limit 1"; address_book; "addressbookid"; "$customer_id, tep_db_input($ship_firstname), tep_db_input($ship_address), tep_db_input($ship_lastname), tep_db_input($ship_city), $ship_zone_id, $ship_country_id"; true
UPDATE; "update customers set customers_default_address_id = (int) $address_id where customers_id = (int) $customer_id"; customers; "customers_default_address_id"; "$address_id"; true
SELECT; "select * from customers where customers_email_address = tep_db_input($email_address) limit 1"; customers; "customers_id, customers_gender, customers_firstname, customers_lastname, customers_dob, customers_email_address, customers_default_address_id, customers_telephone, customers_fax, customers_password, customers_newsletter"; "tep_db_input($email_address)"; false
INSERT; "insert into customers_info (customers_info_id, customers_info_number_of_logons, customers_info_date_account_created) values ( (int) $customer_id , 0, now())"; customers_info; "customers_info_id, customers_info_number_of_logons, customers_info_date_account_created"; "$customer_id"; true
SELECT; "select countries_id, address_format_id from countries where countries_iso_code_2 = tep_db_input($ship_country) limit 1"; countries; "countriesid, addressformatid"; "tep_db_input($ship_country)"; false
SELECT; "select zone_id from zones where zone_country_id = (int) $ship_country_id and (zone_name = tep_db_input($ship_zone) or zone_code = tep_db_input($ship_zone) ) limit 1"; zones; "zoneid"; "$ship_country_id, tep_db_input($ship_zone)"; true
SELECT; "select address_book_id from address_book where customers_id = (int) $customer_id and entry_firstname = tep_db_input($ship_firstname) and entry_lastname = tep_db_input($ship_lastname) and entry_street_address = tep_db_input($ship_address) and entry_postcode = tep_db_input($ship_postcode) and entry_city = tep_db_input($ship_city) and (entry_state = tep_db_input($ship_zone) or entry_zone_id = (int) $ship_zone_id ) and entry_country_id = (int) $ship_country_id limit 1"; address_book; "addressbookid"; "$customer_id, tep_db_input($ship_firstname), tep_db_input($ship_address), tep_db_input($ship_lastname), tep_db_input($ship_city), $ship_zone_id, $ship_country_id"; true
UPDATE; "update customers set customers_default_address_id = (int) $address_id where customers_id = (int) $customer_id"; customers; "customers_default_address_id"; "$address_id"; true
SELECT; "select orders_id, orders_status, currency, currency_value from orders where orders_id = (int) $HTTP_POST_VARS[cartId] and customers_id = (int) $HTTP_POST_VARS[M_cid]"; orders; "ordersid, ordersstatus, currency, currencyvalue"; ""; false
UPDATE; "update orders set orders_status = $order_status_id , last_modified = now() where orders_id = (int) $order[orders_id]"; orders; "orders_status, last_modified"; "$order_status_id"; true
SELECT; "select securitykey from sagepay_server_securitykeys where code = tep_db_input($skcode) limit 1"; NA; "securitykey"; "tep_db_input($skcode)"; false
UPDATE; "update sagepay_server_securitykeys set verified = 1, transaction_details = tep_db_input($transaction_details_string) where code = tep_db_input($skcode)"; NA; ""; "tep_db_input($transaction_details_string)"; false
SELECT; "select * from orders where orders_id = (int) $kunden_var_0 and customers_id = (int) $kunden_var_1"; orders; "orders_id, customers_id, customers_name, customers_company, customers_street_address, customers_suburb, customers_city, customers_postcode, customers_state, customers_country, customers_telephone, customers_email_address, customers_address_format_id, delivery_name, delivery_company, delivery_street_address, delivery_suburb, delivery_city, delivery_postcode, delivery_state, delivery_country, delivery_address_format_id, billing_name, billing_company, billing_street_address, billing_suburb, billing_city, billing_postcode, billing_state, billing_country, billing_address_format_id, payment_method, cc_type, cc_owner, cc_number, cc_expires, last_modified, date_purchased, orders_status, orders_date_finished, currency, currency_value"; "$kunden_var_0"; false
SELECT; "select value from orders_total where orders_id = (int) $kunden_var_0 and class = ot_total limit 1"; orders_total; "value"; "$kunden_var_0"; true
UPDATE; "update orders set orders_status = $order_status , last_modified = now() where orders_id = (int) $kunden_var_0"; orders; "orders_status, last_modified"; "$order_status"; true
SELECT; "select configuration_key as cfgKey, configuration_value as cfgValue from configuration"; configuration; "configurationkey, cfgkey, configurationvalue"; ""; false
SELECT; "select count(*) as count from products_notifications where products_id = (int) $notify[$i] and customers_id = (int) $customer_id"; products_notifications; ""; "$notify[$i], $customer_id"; true
INSERT; "insert into products_notifications (products_id, customers_id, date_added) values ( (int) $notify[$i] , (int) $customer_id , now())"; products_notifications; "products_id, customers_id, date_added"; "$notify[$i], $customer_id"; true
SELECT; "select count(*) as count from products_notifications where products_id = (int) $HTTP_GET_VARS[products_id] and customers_id = (int) $customer_id"; products_notifications; ""; ""products_id", $customer_id"; true
SELECT; "select categories_name from categories_description where categories_id = (int) $cPath_array[$i] and language_id = (int) $languages_id"; categories_description; "categoriesname"; "$cPath_array[$i], $languages_id"; false
SELECT; "select manufacturers_name from manufacturers where manufacturers_id = (int) $HTTP_GET_VARS[manufacturers_id]"; manufacturers; "manufacturersname"; ""manufacturers_id""; false
SELECT; "select products_model from products where products_id = (int) $HTTP_GET_VARS[products_id]"; products; "productsmodel"; ""products_id""; false
INSERT; "insert into action_recorder (module, user_id, user_name, identifier, success, date_added) values ( tep_db_input($this->_module) , (int) $this->_user_id , tep_db_input($this->_user_name) , tep_db_input($this->getIdentifier()) , $success == true ? 1 : 0 , now())"; action_recorder; "module, user_id, user_name, identifier, success, date_added"; "tep_db_input($this->_module), $this->_user_id, tep_db_input($this->_user_name), tep_db_input($this->getIdentifier()), $success, true, 1, 0"; false
SELECT; "select code, title, symbol_left, symbol_right, decimal_point, thousands_point, decimal_places, value from currencies"; currencies; "code, title, symbolleft, symbolright, decimalpoint, thousandspoint, decimalplaces, value"; ""; false
SELECT; "select languages_id, name, code, image, directory from languages order by sort_order"; languages; "languagesid, name, code, image, directory"; ""; false
SELECT; "select customers_id, customers_name, customers_company, customers_street_address, customers_suburb, customers_city, customers_postcode, customers_state, customers_country, customers_telephone, customers_email_address, customers_address_format_id, delivery_name, delivery_company, delivery_street_address, delivery_suburb, delivery_city, delivery_postcode, delivery_state, delivery_country, delivery_address_format_id, billing_name, billing_company, billing_street_address, billing_suburb, billing_city, billing_postcode, billing_state, billing_country, billing_address_format_id, payment_method, cc_type, cc_owner, cc_number, cc_expires, currency, currency_value, date_purchased, orders_status, last_modified from orders where orders_id = (int) $order_id"; orders; "customersid, customersname, customerscompany, customersstreetaddress, customerssuburb, customerscity, customerspostcode, customersstate, customerscountry, customerstelephone, customersemailaddress, customersaddressformatid, deliveryname, deliverycompany, deliverystreetaddress, deliverysuburb, deliverycity, deliverypostcode, deliverystate, deliverycountry, deliveryaddressformatid, billingname, billingcompany, billingstreetaddress, billingsuburb, billingcity, billingpostcode, billingstate, billingcountry, billingaddressformatid, paymentmethod, cctype, ccowner, ccnumber, ccexpires, currency, currencyvalue, datepurchased, ordersstatus, lastmodified"; "$order_id"; false
SELECT; "select title, text from orders_total where orders_id = (int) $order_id order by sort_order"; orders_total; "title, text"; "$order_id"; false
SELECT; "select text from orders_total where orders_id = (int) $order_id and class = ot_total"; orders_total; "text"; "$order_id"; true
SELECT; "select title from orders_total where orders_id = (int) $order_id and class = ot_shipping"; orders_total; "title"; "$order_id"; false
SELECT; "select orders_status_name from orders_status where orders_status_id = $order[orders_status] and language_id = (int) $languages_id"; orders_status; "ordersstatusname"; "$order["orders_status"], $languages_id"; false
SELECT; "select orders_products_id, products_id, products_name, products_model, products_price, products_tax, products_quantity, final_price from orders_products where orders_id = (int) $order_id"; orders_products; "ordersproductsid, productsid, productsname, productsmodel, productsprice, productstax, productsquantity, finalprice"; "$order_id"; false
SELECT; "select products_options, products_options_values, options_values_price, price_prefix from orders_products_attributes where orders_id = (int) $order_id and orders_products_id = (int) $orders_products[orders_products_id]"; orders_products_attributes; "productsoptions, productsoptionsvalues, optionsvaluesprice, priceprefix"; "$order_id, "orders_products_id", (int) $orders_products["orders_products_id"]"; false
SELECT; "select c.customers_firstname, c.customers_lastname, c.customers_telephone, c.customers_email_address, ab.entry_company, ab.entry_street_address, ab.entry_suburb, ab.entry_postcode, ab.entry_city, ab.entry_zone_id, z.zone_name, co.countries_id, co.countries_name, co.countries_iso_code_2, co.countries_iso_code_3, co.address_format_id, ab.entry_state from customers c, address_book ab left join zones z on (ab.entry_zone_id = z.zone_id) left join countries co on (ab.entry_country_id = co.countries_id) where c.customers_id = (int) $customer_id and ab.customers_id = (int) $customer_id and c.customers_default_address_id = ab.address_book_id"; countries; "ccustomersfirstname, ccustomerslastname, ccustomerstelephone, ccustomersemailaddress, abentrycompany, abentrystreetaddress, abentrysuburb, abentrypostcode, abentrycity, abentryzoneid, zzonename, cocountriesid, cocountriesname, cocountriesisocode2, cocountriesisocode3, coaddressformatid, abentrystate"; "$customer_id"; false
SELECT; "select ab.entry_firstname, ab.entry_lastname, ab.entry_company, ab.entry_street_address, ab.entry_suburb, ab.entry_postcode, ab.entry_city, ab.entry_zone_id, z.zone_name, ab.entry_country_id, c.countries_id, c.countries_name, c.countries_iso_code_2, c.countries_iso_code_3, c.address_format_id, ab.entry_state from address_book ab left join zones z on (ab.entry_zone_id = z.zone_id) left join countries c on (ab.entry_country_id = c.countries_id) where ab.customers_id = (int) $customer_id and ab.address_book_id = (int) $sendto"; countries; "abentryfirstname, abentrylastname, abentrycompany, abentrystreetaddress, abentrysuburb, abentrypostcode, abentrycity, abentryzoneid, zzonename, abentrycountryid, ccountriesid, ccountriesname, ccountriesisocode2, ccountriesisocode3, caddressformatid, abentrystate"; "$customer_id, $sendto"; false
SELECT; "select ab.entry_firstname, ab.entry_lastname, ab.entry_company, ab.entry_street_address, ab.entry_suburb, ab.entry_postcode, ab.entry_city, ab.entry_zone_id, z.zone_name, ab.entry_country_id, c.countries_id, c.countries_name, c.countries_iso_code_2, c.countries_iso_code_3, c.address_format_id, ab.entry_state from address_book ab left join zones z on (ab.entry_zone_id = z.zone_id) left join countries c on (ab.entry_country_id = c.countries_id) where ab.customers_id = (int) $customer_id and ab.address_book_id = (int) $billto"; countries; "abentryfirstname, abentrylastname, abentrycompany, abentrystreetaddress, abentrysuburb, abentrypostcode, abentrycity, abentryzoneid, zzonename, abentrycountryid, ccountriesid, ccountriesname, ccountriesisocode2, ccountriesisocode3, caddressformatid, abentrystate"; "$customer_id, $billto"; false
SELECT; "select popt.products_options_name, poval.products_options_values_name, pa.options_values_price, pa.price_prefix from products_options popt, products_options_values poval, products_attributes pa where pa.products_id = (int) $products[$i][id] and pa.options_id = (int) $option and pa.options_id = popt.products_options_id and pa.options_values_id = (int) $value and pa.options_values_id = poval.products_options_values_id and popt.language_id = (int) $languages_id and poval.language_id = (int) $languages_id"; products_options_values; "poptproductsoptionsname, povalproductsoptionsvaluesname, paoptionsvaluesprice, papriceprefix"; "$products[$i]["id"], $option, $value, $languages_id"; false
SELECT; "select products_id from customers_basket where customers_id = (int) $customer_id and products_id = tep_db_input($products_id)"; customers_basket; "productsid"; "$customer_id, $products_id, tep_db_input($products_id)"; false
INSERT; "insert into customers_basket (customers_id, products_id, customers_basket_quantity, customers_basket_date_added) values ( (int) $customer_id , tep_db_input($products_id) , tep_db_input($qty) , date(Ymd) )"; customers_basket; "customers_id, products_id, customers_basket_quantity, customers_basket_date_added"; "$customer_id, tep_db_input($products_id), tep_db_input($qty), date("Ymd")"; false
INSERT; "insert into customers_basket_attributes (customers_id, products_id, products_options_id, products_options_value_id) values ( (int) $customer_id , tep_db_input($products_id) , (int) $option , (int) $value )"; customers_basket_attributes; "customers_id, products_id, products_options_id, products_options_value_id"; "$customer_id, tep_db_input($products_id), $option, $value"; false
UPDATE; "update customers_basket set customers_basket_quantity = tep_db_input($qty) where customers_id = (int) $customer_id and products_id = tep_db_input($products_id)"; customers_basket; "customers_basket_quantity"; "tep_db_input($qty)"; true
SELECT; "select products_id, customers_basket_quantity from customers_basket where customers_id = (int) $customer_id"; customers_basket; "productsid, customersbasketquantity"; "$customer_id"; false
SELECT; "select products_options_id, products_options_value_id from customers_basket_attributes where customers_id = (int) $customer_id and products_id = tep_db_input($products[products_id])"; customers_basket_attributes; "productsoptionsid, productsoptionsvalueid"; "$customer_id, "products_id", tep_db_input($products["products_id"])"; false
SELECT; "select products_attributes_id from products_attributes where products_id = (int) $products_id and options_id = (int) $option and options_values_id = (int) $value limit 1"; products_attributes; "productsattributesid"; "$products_id, $option, $value"; true
SELECT; "select products_status from products where products_id = (int) $products_id"; products; "productsstatus"; "$products_id"; true
INSERT; "insert into customers_basket (customers_id, products_id, customers_basket_quantity, customers_basket_date_added) values ( (int) $customer_id , tep_db_input($products_id_string) , (int) $qty , date(Ymd) )"; customers_basket; "customers_id, products_id, customers_basket_quantity, customers_basket_date_added"; "$customer_id, tep_db_input($products_id_string), $qty, date("Ymd")"; false
INSERT; "insert into customers_basket_attributes (customers_id, products_id, products_options_id, products_options_value_id) values ( (int) $customer_id , tep_db_input($products_id_string) , (int) $option , (int) $value )"; customers_basket_attributes; "customers_id, products_id, products_options_id, products_options_value_id"; "$customer_id, tep_db_input($products_id_string), $option, $value"; false
UPDATE; "update customers_basket set customers_basket_quantity = (int) $quantity where customers_id = (int) $customer_id and products_id = tep_db_input($products_id_string)"; customers_basket; "customers_basket_quantity"; "$quantity"; true
UPDATE; "update customers_basket_attributes set products_options_value_id = (int) $value where customers_id = (int) $customer_id and products_id = tep_db_input($products_id_string) and products_options_id = (int) $option"; customers_basket_attributes; "products_options_value_id"; "$value"; false
SELECT; "select products_id, products_price, products_tax_class_id, products_weight from products where products_id = (int) $products_id"; products; "productsid, productsprice, productstaxclassid, productsweight"; "$products_id"; true
SELECT; "select specials_new_products_price from specials where products_id = (int) $prid and status = 1"; specials; "specialsnewproductsprice"; "$prid"; true
SELECT; "select options_values_price, price_prefix from products_attributes where products_id = (int) $prid and options_id = (int) $option and options_values_id = (int) $value"; products_attributes; "optionsvaluesprice, priceprefix"; "$prid, $option, $value"; false
SELECT; "select options_values_price, price_prefix from products_attributes where products_id = (int) $products_id and options_id = (int) $option and options_values_id = (int) $value"; products_attributes; "optionsvaluesprice, priceprefix"; "$products_id, $option, $value"; false
SELECT; "select p.products_id, pd.products_name, p.products_model, p.products_image, p.products_price, p.products_weight, p.products_tax_class_id from products p, products_description pd where p.products_id = (int) $products_id and pd.products_id = p.products_id and pd.language_id = (int) $languages_id"; products; "pproductsid, pdproductsname, pproductsmodel, pproductsimage, pproductsprice, pproductsweight, pproductstaxclassid"; "$products_id, $languages_id"; false
SELECT; "select specials_new_products_price from specials where products_id = (int) $prid and status = 1"; specials; "specialsnewproductsprice"; "$prid"; true
SELECT; "select count(*) as total from products_attributes pa, products_attributes_download pad where pa.products_id = (int) $products_id and pa.options_values_id = (int) $value and pa.products_attributes_id = pad.products_attributes_id"; products_attributes_download; ""; "$products_id, $value"; false
SELECT; "select count( $count_string ) as total substr($this->sql_query, $pos_from, $pos_to - $pos_from)"; NA; ", countstring, total, thissqlquery, posfrom, posto"; ""; false
SELECT; "select startdate, counter from counter"; counter; "startdate, counter"; ""; false
INSERT; "insert into counter (startdate, counter) values ( $date_now , 1)"; counter; "startdate, counter"; "$date_now"; true
UPDATE; "update counter set counter = $counter_now"; counter; "counter"; "$counter_now"; true
UPDATE; "update banners set status = 1, date_status_change = now(), date_scheduled = NULL where banners_id = (int) $banners_id"; banners; "status, date_status_change, date_scheduled"; ""; false
UPDATE; "update banners set status = 0, date_status_change = now() where banners_id = (int) $banners_id"; banners; "status, date_status_change"; ""; false
SELECT; "select banners_id, date_scheduled from banners where date_scheduled !="; banners; "bannersid, datescheduled"; ""; true
SELECT; "select b.banners_id, b.expires_date, b.expires_impressions, sum(bh.banners_shown) as banners_shown from banners b, banners_history bh where b.status = 1 and b.banners_id = bh.banners_id group by b.banners_id"; banners; "bbannersid, bexpiresdate, bexpiresimpressions, bhbannersshown"; ""; true
SELECT; "select count(*) as count from banners where status = 1 and banners_group = tep_db_input($identifier)"; banners; ""; "tep_db_input($identifier)"; false
SELECT; "select banners_id, banners_title, banners_image, banners_html_text from banners where status = 1 and banners_group = tep_db_input($identifier)"; banners; "bannersid, bannerstitle, bannersimage, bannershtmltext"; "tep_db_input($identifier)"; false
SELECT; "select banners_id, banners_title, banners_image, banners_html_text from banners where status = 1 and banners_id = (int) $identifier"; banners; "bannersid, bannerstitle, bannersimage, bannershtmltext"; "$identifier"; false
SELECT; "select banners_id, banners_title, banners_image, banners_html_text from banners where status = 1 and banners_group = tep_db_input($identifier)"; banners; "bannersid, bannerstitle, bannersimage, bannershtmltext"; "tep_db_input($identifier)"; false
SELECT; "select banners_id, banners_title, banners_image, banners_html_text from banners where status = 1 and banners_id = (int) $identifier"; banners; "bannersid, bannerstitle, bannersimage, bannershtmltext"; "$identifier"; false
SELECT; "select count(*) as count from banners_history where banners_id = (int) $banner_id and date_format(banners_history_date, %Y%m%d) = date_format(now(), %Y%m%d)"; banners_history; ""; "$banner_id"; false
UPDATE; "update banners_history set banners_shown = banners_shown + 1 where banners_id = (int) $banner_id and date_format(banners_history_date, %Y%m%d) = date_format(now(), %Y%m%d)"; banners_history; "banners_shown"; ""; true
INSERT; "insert into banners_history (banners_id, banners_shown, banners_history_date) values ( (int) $banner_id , 1, now())"; banners_history; "banners_id, banners_shown, banners_history_date"; "$banner_id"; true
UPDATE; "update banners_history set banners_clicked = banners_clicked + 1 where banners_id = (int) $banner_id and date_format(banners_history_date, %Y%m%d) = date_format(now(), %Y%m%d)"; banners_history; "banners_clicked"; ""; true
INSERT; "insert into $table ("; NA; ""; ""; false
UPDATE; "update $table set"; NA; ""; ""; false
SELECT; "select products_name from products_description where products_id = (int) $product_id and language_id = (int) $language"; products_description; "productsname"; "$product_id, $language"; false
SELECT; "select specials_new_products_price from specials where products_id = (int) $product_id and status = 1"; specials; "specialsnewproductsprice"; "$product_id"; true
SELECT; "select products_quantity from products where products_id = (int) $products_id"; products; "productsquantity"; "$products_id"; true
SELECT; "select countries_name, countries_iso_code_2, countries_iso_code_3 from countries where countries_id = (int) $countries_id order by countries_name"; countries; "countriesname, countriesisocode2, countriesisocode3"; "$countries_id"; false
SELECT; "select countries_name from countries where countries_id = (int) $countries_id"; countries; "countriesname"; "$countries_id"; false
SELECT; "select countries_id, countries_name from countries order by countries_name"; countries; "countriesid, countriesname"; ""; false
SELECT; "select parent_id from categories where categories_id = (int) $cPath_array[$cp_size - 1]"; categories; "parentid"; ""; true
SELECT; "select parent_id from categories where categories_id = (int) $current_category_id"; categories; "parentid"; "$current_category_id"; true
SELECT; "select zone_name from zones where zone_country_id = (int) $country_id and zone_id = (int) $zone_id"; zones; "zonename"; "$country_id, $zone_id"; false
SELECT; "select zone_code from zones where zone_country_id = (int) $country_id and zone_id = (int) $zone_id"; zones; "zonecode"; "$country_id, $zone_id"; false
SELECT; "select sum(tax_rate) as tax_rate from tax_rates tr left join zones_to_geo_zones za on (tr.tax_zone_id = za.geo_zone_id) left join geo_zones tz on (tz.geo_zone_id = tr.tax_zone_id) where (za.zone_country_id is null or za.zone_country_id = 0 or za.zone_country_id = (int) $country_id ) and (za.zone_id is null or za.zone_id = 0 or za.zone_id = (int) $zone_id ) and tr.tax_class_id = (int) $class_id group by tr.tax_priority"; tax_rates; "taxrate"; "$country_id, $zone_id, $class_id"; true
SELECT; "select tax_description from tax_rates tr left join zones_to_geo_zones za on (tr.tax_zone_id = za.geo_zone_id) left join geo_zones tz on (tz.geo_zone_id = tr.tax_zone_id) where (za.zone_country_id is null or za.zone_country_id = 0 or za.zone_country_id = (int) $country_id ) and (za.zone_id is null or za.zone_id = 0 or za.zone_id = (int) $zone_id ) and tr.tax_class_id = (int) $class_id order by tr.tax_priority"; tax_rates; "taxdescription"; "$country_id, $zone_id, $class_id"; false
SELECT; "select count(*) as total from products p, products_to_categories p2c where p.products_id = p2c.products_id and p2c.categories_id = (int) $category_id"; products; ""; "$category_id"; false
SELECT; "select count(*) as total from products p, products_to_categories p2c where p.products_id = p2c.products_id and p.products_status = 1 and p2c.categories_id = (int) $category_id"; products; ""; "$category_id"; false
SELECT; "select categories_id from categories where parent_id = (int) $category_id"; categories; "categoriesid"; "$category_id"; true
SELECT; "select count(*) as count from categories where parent_id = (int) $category_id"; categories; ""; "$category_id"; false
SELECT; "select address_format_id as format_id from countries where countries_id = (int) $country_id"; countries; "addressformatid"; "$country_id"; false
SELECT; "select address_format as format from address_format where address_format_id = (int) $address_format_id"; address_format; "addressformat"; "$address_format_id"; false
SELECT; "select entry_firstname as firstname, entry_lastname as lastname, entry_company as company, entry_street_address as street_address, entry_suburb as suburb, entry_city as city, entry_postcode as postcode, entry_state as state, entry_zone_id as zone_id, entry_country_id as country_id from address_book where customers_id = (int) $customers_id and address_book_id = (int) $address_id"; address_book; "entryfirstname, firstname, entrylastname, lastname, entrycompany, company, entrystreetaddress, streetaddress, entrysuburb, suburb, entrycity, city, entrypostcode, postcode, entrystate, state, entryzoneid, zoneid, entrycountryid"; "$customers_id, $address_id"; false
SELECT; "select c.categories_id, cd.categories_name from categories c, categories_description cd where parent_id = (int) $parent_id and c.categories_id = cd.categories_id and cd.language_id = (int) $languages_id order by sort_order, cd.categories_name"; categories; "ccategoriesid, cdcategoriesname"; "$parent_id, $languages_id"; true
SELECT; "select manufacturers_id, manufacturers_name from manufacturers order by manufacturers_name"; manufacturers; "manufacturersid, manufacturersname"; ""; false
SELECT; "select categories_id from categories where parent_id = (int) $parent_id"; categories; "categoriesid"; "$parent_id"; true
SELECT; "select parent_id from categories where categories_id = (int) $categories_id"; categories; "parentid"; "$categories_id"; true
SELECT; "select p2c.categories_id from products p, products_to_categories p2c where p.products_id = (int) $products_id and p.products_status = 1 and p.products_id = p2c.products_id limit 1"; products; "p2ccategoriesid"; "$products_id"; true
SELECT; "select count(*) as count from products_attributes where products_id = (int) $products_id"; products_attributes; ""; "$products_id"; false
SELECT; "select code from currencies where code = tep_db_input($code) limit 1"; currencies; "code"; "tep_db_input($code)"; false
SELECT; "select count(*) as total from orders o, orders_status s where o.customers_id = (int) $id and o.orders_status = s.orders_status_id and s.language_id = (int) $languages_id and s.public_flag = 1"; orders_status; ""; "$id, $languages_id"; false
SELECT; "select count(*) as total from address_book where customers_id = (int) $id"; address_book; ""; "$id"; false
OTHER; "<select name= tep_output_string($name)"; NA; ""; ""; true
SELECT; "select value from sessions where sesskey = tep_db_input($key)"; sessions; "value"; "tep_db_input($key)"; false
SELECT; "select 1 from sessions where sesskey = tep_db_input($key)"; sessions; "1"; "tep_db_input($key)"; true
UPDATE; "update sessions set expiry = tep_db_input(time()) , value = tep_db_input($value) where sesskey = tep_db_input($key)"; sessions; "expiry, value"; "tep_db_input(time()), $value, tep_db_input($value)"; false
INSERT; "insert into sessions values ( tep_db_input($key) , tep_db_input(time()) , tep_db_input($value) )"; sessions; "sesskey, expiry, value"; "tep_db_input($key), tep_db_input(time()), tep_db_input($value)"; false
UPDATE; "update specials set status = (int) $status , date_status_change = now() where specials_id = (int) $specials_id"; specials; "status, date_status_change"; "$status"; false
SELECT; "select specials_id from specials where status = 1 and now() >= expires_date and expires_date > 0"; specials; "specialsid"; ""; true
SELECT; "select customers_firstname, customers_lastname from customers where customers_id = (int) $customer_id"; customers; "customersfirstname, customerslastname"; "$customer_id"; false
SELECT; "select session_id from whos_online where session_id = tep_db_input($wo_session_id) limit 1"; whos_online; "sessionid"; "tep_db_input($wo_session_id)"; false
UPDATE; "update whos_online set customer_id = (int) $wo_customer_id , full_name = tep_db_input($wo_full_name) , ip_address = tep_db_input($wo_ip_address) , time_last_click = tep_db_input($current_time) , last_page_url = tep_db_input($wo_last_page_url) where session_id = tep_db_input($wo_session_id)"; whos_online; "customer_id, full_name, ip_address, time_last_click, last_page_url"; "$wo_customer_id, tep_db_input($wo_full_name), tep_db_input($wo_ip_address), tep_db_input($current_time), tep_db_input($wo_last_page_url)"; false
INSERT; "insert into whos_online (customer_id, full_name, session_id, ip_address, time_entry, time_last_click, last_page_url) values ( (int) $wo_customer_id , tep_db_input($wo_full_name) , tep_db_input($wo_session_id) , tep_db_input($wo_ip_address) , tep_db_input($current_time) , tep_db_input($current_time) , tep_db_input($wo_last_page_url) )"; whos_online; "customer_id, full_name, session_id, ip_address, time_entry, time_last_click, last_page_url"; "$wo_customer_id, tep_db_input($wo_full_name), tep_db_input($wo_session_id), tep_db_input($wo_ip_address), tep_db_input($current_time), tep_db_input($wo_last_page_url)"; false
UPDATE; "update whos_online set session_id = tep_db_input($new_id) where session_id = tep_db_input($old_id)"; whos_online; "session_id"; "tep_db_input($new_id)"; false
SELECT; "select id from action_recorder where module = tep_db_input($this->code) and ( !empty($user_name) ? user_name = . tep_db_input($user_name) . or : identifier = tep_db_input($this->identifier) ) and date_added >= date_sub(now(), interval (int) $this->minutes minute) and success = 0 order by date_added desc limit (int) $this->attempts"; action_recorder; "id"; "tep_db_input($this->code), !empty($user_name), $user_name, tep_db_input($user_name), identifier, tep_db_input($this->identifier), $this->minutes, minutes, $this->attempts"; true
INSERT; "insert into configuration (configuration_title, configuration_key, configuration_value, configuration_description, configuration_group_id, sort_order, date_added) VALUES (Allowed Minutes, MODULE_ACTION_RECORDER_ADMIN_LOGIN_MINUTES, 5, Number of minutes to allow login attempts to occur., 6, 0, now())"; configuration; "configuration_title, configuration_key, configuration_value, configuration_description, configuration_group_id, sort_order, date_added"; ""; false
INSERT; "insert into configuration (configuration_title, configuration_key, configuration_value, configuration_description, configuration_group_id, sort_order, date_added) VALUES (Allowed Attempts, MODULE_ACTION_RECORDER_ADMIN_LOGIN_ATTEMPTS, 3, Number of login attempts to allow within the specified period., 6, 0, now())"; configuration; "configuration_title, configuration_key, configuration_value, configuration_description, configuration_group_id, sort_order, date_added"; ""; false
SELECT; "select date_added from action_recorder where module = tep_db_input($this->code) and ( !empty($user_id) ? user_id = . (int) $user_id . or : identifier = tep_db_input($this->identifier) ) and date_added >= date_sub(now(), interval (int) $this->minutes minute) and success = 1 order by date_added desc limit 1"; action_recorder; "dateadded"; "tep_db_input($this->code), !empty($user_id), $user_id, identifier, tep_db_input($this->identifier), $this->minutes, minutes"; true
INSERT; "insert into configuration (configuration_title, configuration_key, configuration_value, configuration_description, configuration_group_id, sort_order, date_added) VALUES (Minimum Minutes Per E-Mail, MODULE_ACTION_RECORDER_CONTACT_US_EMAIL_MINUTES, 15, Minimum number of minutes to allow 1 e-mail to be sent (eg, 15 for 1 e-mail every 15 minutes), 6, 0, now())"; configuration; "configuration_title, configuration_key, configuration_value, configuration_description, configuration_group_id, sort_order, date_added"; ""; false
SELECT; "select id from action_recorder where module = tep_db_input($this->code) and user_name = tep_db_input($user_name) and date_added >= date_sub(now(), interval (int) $this->minutes minute) and success = 1 order by date_added desc limit (int) $this->attempts"; action_recorder; "id"; "tep_db_input($this->code), $user_name, tep_db_input($user_name), $this->minutes, minutes, $this->attempts"; true
INSERT; "insert into configuration (configuration_title, configuration_key, configuration_value, configuration_description, configuration_group_id, sort_order, date_added) VALUES (Allowed Minutes, MODULE_ACTION_RECORDER_RESET_PASSWORD_MINUTES, 5, Number of minutes to allow password resets to occur., 6, 0, now())"; configuration; "configuration_title, configuration_key, configuration_value, configuration_description, configuration_group_id, sort_order, date_added"; ""; false
INSERT; "insert into configuration (configuration_title, configuration_key, configuration_value, configuration_description, configuration_group_id, sort_order, date_added) VALUES (Allowed Attempts, MODULE_ACTION_RECORDER_RESET_PASSWORD_ATTEMPTS, 1, Number of password reset attempts to allow within the specified period., 6, 0, now())"; configuration; "configuration_title, configuration_key, configuration_value, configuration_description, configuration_group_id, sort_order, date_added"; ""; false
SELECT; "select date_added from action_recorder where module = tep_db_input($this->code) and ( !empty($user_id) ? user_id = . (int) $user_id . or : identifier = tep_db_input($this->identifier) ) and date_added >= date_sub(now(), interval (int) $this->minutes minute) and success = 1 order by date_added desc limit 1"; action_recorder; "dateadded"; "tep_db_input($this->code), !empty($user_id), $user_id, identifier, tep_db_input($this->identifier), $this->minutes, minutes"; true
INSERT; "insert into configuration (configuration_title, configuration_key, configuration_value, configuration_description, configuration_group_id, sort_order, date_added) VALUES (Minimum Minutes Per E-Mail, MODULE_ACTION_RECORDER_TELL_A_FRIEND_EMAIL_MINUTES, 15, Minimum number of minutes to allow 1 e-mail to be sent (eg, 15 for 1 e-mail every 15 minutes), 6, 0, now())"; configuration; "configuration_title, configuration_key, configuration_value, configuration_description, configuration_group_id, sort_order, date_added"; ""; false
SELECT; "select zone_name from zones where zone_country_id = (int) $country order by zone_name"; zones; "zonename"; "$country"; false
SELECT; "select p.products_id, p.products_image from orders_products opa, orders_products opb, orders o, products p where opa.products_id = (int) $HTTP_GET_VARS[products_id] and opa.orders_id = opb.orders_id and opb.products_id != (int) $HTTP_GET_VARS[products_id] and opb.products_id = p.products_id and opb.orders_id = o.orders_id and p.products_status = 1 group by p.products_id order by o.date_purchased desc limit MAX_DISPLAY_ALSO_PURCHASED"; orders; "pproductsid, pproductsimage"; ""; true
SELECT; "select distinct p.products_id, pd.products_name from products p, products_description pd, products_to_categories p2c, categories c where p.products_status = 1 and p.products_ordered > 0 and p.products_id = pd.products_id and pd.language_id = (int) $languages_id and p.products_id = p2c.products_id and p2c.categories_id = c.categories_id and (int) $current_category_id in (c.categories_id, c.parent_id) order by p.products_ordered desc, pd.products_name limit MAX_DISPLAY_BESTSELLERS"; products; "distinct, pproductsid, pdproductsname"; "$languages_id, $current_category_id"; true
SELECT; "select distinct p.products_id, pd.products_name from products p, products_description pd where p.products_status = 1 and p.products_ordered > 0 and p.products_id = pd.products_id and pd.language_id = (int) $languages_id order by p.products_ordered desc, pd.products_name limit MAX_DISPLAY_BESTSELLERS"; products; "distinct, pproductsid, pdproductsname"; "$languages_id"; true
INSERT; "insert into configuration (configuration_title, configuration_key, configuration_value, configuration_description, configuration_group_id, sort_order, set_function, date_added) values (Enable Best Sellers Module, MODULE_BOXES_BEST_SELLERS_STATUS, True, Do you want to add the module to your shop?, 6, 1, tep_cfg_select_option(array(True, False), , now())"; configuration; "configuration_title, configuration_key, configuration_value, configuration_description, configuration_group_id, sort_order, set_function, date_added"; ""; false
INSERT; "insert into configuration (configuration_title, configuration_key, configuration_value, configuration_description, configuration_group_id, sort_order, set_function, date_added) values (Content Placement, MODULE_BOXES_BEST_SELLERS_CONTENT_PLACEMENT, Right Column, Should the module be loaded in the left or right column?, 6, 1, tep_cfg_select_option(array(Left Column, Right Column), , now())"; configuration; "configuration_title, configuration_key, configuration_value, configuration_description, configuration_group_id, sort_order, set_function, date_added"; ""; false
INSERT; "insert into configuration (configuration_title, configuration_key, configuration_value, configuration_description, configuration_group_id, sort_order, date_added) values (Sort Order, MODULE_BOXES_BEST_SELLERS_SORT_ORDER, 0, Sort order of display. Lowest is displayed first., 6, 0, now())"; configuration; "configuration_title, configuration_key, configuration_value, configuration_description, configuration_group_id, sort_order, date_added"; ""; false
INSERT; "insert into configuration (configuration_title, configuration_key, configuration_value, configuration_description, configuration_group_id, sort_order, set_function, date_added) values (Enable Card Acceptance Module, MODULE_BOXES_CARD_ACCEPTANCE_STATUS, True, Do you want to add the module to your shop?, 6, 1, tep_cfg_select_option(array(True, False), , now())"; configuration; "configuration_title, configuration_key, configuration_value, configuration_description, configuration_group_id, sort_order, set_function, date_added"; ""; false
INSERT; "insert into configuration (configuration_title, configuration_key, configuration_value, configuration_description, configuration_group_id, sort_order, use_function, set_function, date_added) values (Logos, MODULE_BOXES_CARD_ACCEPTANCE_LOGOS, paypal_horizontal_large.png;visa.png;mastercard_transparent.png;american_express.png;maestro_transparent.png, The card acceptance logos to show., 6, 0, bm_card_acceptance_show_logos, bm_card_acceptance_edit_logos(, now())"; configuration; "configuration_title, configuration_key, configuration_value, configuration_description, configuration_group_id, sort_order, use_function, set_function, date_added"; ""; false
INSERT; "insert into configuration (configuration_title, configuration_key, configuration_value, configuration_description, configuration_group_id, sort_order, set_function, date_added) values (Content Placement, MODULE_BOXES_CARD_ACCEPTANCE_CONTENT_PLACEMENT, Left Column, Should the module be loaded in the left or right column?, 6, 1, tep_cfg_select_option(array(Left Column, Right Column), , now())"; configuration; "configuration_title, configuration_key, configuration_value, configuration_description, configuration_group_id, sort_order, set_function, date_added"; ""; false
INSERT; "insert into configuration (configuration_title, configuration_key, configuration_value, configuration_description, configuration_group_id, sort_order, date_added) values (Sort Order, MODULE_BOXES_CARD_ACCEPTANCE_SORT_ORDER, 0, Sort order of display. Lowest is displayed first., 6, 0, now())"; configuration; "configuration_title, configuration_key, configuration_value, configuration_description, configuration_group_id, sort_order, date_added"; ""; false
SELECT; "select c.categories_id, cd.categories_name, c.parent_id from categories c, categories_description cd where c.parent_id = 0 and c.categories_id = cd.categories_id and cd.language_id= (int) $languages_id order by sort_order, cd.categories_name"; categories; "ccategoriesid, cdcategoriesname, cparentid"; "$languages_id"; true
SELECT; "select c.categories_id, cd.categories_name, c.parent_id from categories c, categories_description cd where c.parent_id = (int) $value and c.categories_id = cd.categories_id and cd.language_id= (int) $languages_id order by sort_order, cd.categories_name"; categories; "ccategoriesid, cdcategoriesname, cparentid"; "$value, $languages_id"; true
INSERT; "insert into configuration (configuration_title, configuration_key, configuration_value, configuration_description, configuration_group_id, sort_order, set_function, date_added) values (Enable Categories Module, MODULE_BOXES_CATEGORIES_STATUS, True, Do you want to add the module to your shop?, 6, 1, tep_cfg_select_option(array(True, False), , now())"; configuration; "configuration_title, configuration_key, configuration_value, configuration_description, configuration_group_id, sort_order, set_function, date_added"; ""; false
INSERT; "insert into configuration (configuration_title, configuration_key, configuration_value, configuration_description, configuration_group_id, sort_order, set_function, date_added) values (Content Placement, MODULE_BOXES_CATEGORIES_CONTENT_PLACEMENT, Left Column, Should the module be loaded in the left or right column?, 6, 1, tep_cfg_select_option(array(Left Column, Right Column), , now())"; configuration; "configuration_title, configuration_key, configuration_value, configuration_description, configuration_group_id, sort_order, set_function, date_added"; ""; false
INSERT; "insert into configuration (configuration_title, configuration_key, configuration_value, configuration_description, configuration_group_id, sort_order, date_added) values (Sort Order, MODULE_BOXES_CATEGORIES_SORT_ORDER, 0, Sort order of display. Lowest is displayed first., 6, 0, now())"; configuration; "configuration_title, configuration_key, configuration_value, configuration_description, configuration_group_id, sort_order, date_added"; ""; false
INSERT; "insert into configuration (configuration_title, configuration_key, configuration_value, configuration_description, configuration_group_id, sort_order, set_function, date_added) values (Enable Currencies Module, MODULE_BOXES_CURRENCIES_STATUS, True, Do you want to add the module to your shop?, 6, 1, tep_cfg_select_option(array(True, False), , now())"; configuration; "configuration_title, configuration_key, configuration_value, configuration_description, configuration_group_id, sort_order, set_function, date_added"; ""; false
INSERT; "insert into configuration (configuration_title, configuration_key, configuration_value, configuration_description, configuration_group_id, sort_order, set_function, date_added) values (Content Placement, MODULE_BOXES_CURRENCIES_CONTENT_PLACEMENT, Right Column, Should the module be loaded in the left or right column?, 6, 1, tep_cfg_select_option(array(Left Column, Right Column), , now())"; configuration; "configuration_title, configuration_key, configuration_value, configuration_description, configuration_group_id, sort_order, set_function, date_added"; ""; false
INSERT; "insert into configuration (configuration_title, configuration_key, configuration_value, configuration_description, configuration_group_id, sort_order, date_added) values (Sort Order, MODULE_BOXES_CURRENCIES_SORT_ORDER, 0, Sort order of display. Lowest is displayed first., 6, 0, now())"; configuration; "configuration_title, configuration_key, configuration_value, configuration_description, configuration_group_id, sort_order, date_added"; ""; false
INSERT; "insert into configuration (configuration_title, configuration_key, configuration_value, configuration_description, configuration_group_id, sort_order, set_function, date_added) values (Enable Information Module, MODULE_BOXES_INFORMATION_STATUS, True, Do you want to add the module to your shop?, 6, 1, tep_cfg_select_option(array(True, False), , now())"; configuration; "configuration_title, configuration_key, configuration_value, configuration_description, configuration_group_id, sort_order, set_function, date_added"; ""; false
INSERT; "insert into configuration (configuration_title, configuration_key, configuration_value, configuration_description, configuration_group_id, sort_order, set_function, date_added) values (Content Placement, MODULE_BOXES_INFORMATION_CONTENT_PLACEMENT, Left Column, Should the module be loaded in the left or right column?, 6, 1, tep_cfg_select_option(array(Left Column, Right Column), , now())"; configuration; "configuration_title, configuration_key, configuration_value, configuration_description, configuration_group_id, sort_order, set_function, date_added"; ""; false
INSERT; "insert into configuration (configuration_title, configuration_key, configuration_value, configuration_description, configuration_group_id, sort_order, date_added) values (Sort Order, MODULE_BOXES_INFORMATION_SORT_ORDER, 0, Sort order of display. Lowest is displayed first., 6, 0, now())"; configuration; "configuration_title, configuration_key, configuration_value, configuration_description, configuration_group_id, sort_order, date_added"; ""; false
INSERT; "insert into configuration (configuration_title, configuration_key, configuration_value, configuration_description, configuration_group_id, sort_order, set_function, date_added) values (Enable Languages Module, MODULE_BOXES_LANGUAGES_STATUS, True, Do you want to add the module to your shop?, 6, 1, tep_cfg_select_option(array(True, False), , now())"; configuration; "configuration_title, configuration_key, configuration_value, configuration_description, configuration_group_id, sort_order, set_function, date_added"; ""; false
INSERT; "insert into configuration (configuration_title, configuration_key, configuration_value, configuration_description, configuration_group_id, sort_order, set_function, date_added) values (Content Placement, MODULE_BOXES_LANGUAGES_CONTENT_PLACEMENT, Right Column, Should the module be loaded in the left or right column?, 6, 1, tep_cfg_select_option(array(Left Column, Right Column), , now())"; configuration; "configuration_title, configuration_key, configuration_value, configuration_description, configuration_group_id, sort_order, set_function, date_added"; ""; false
INSERT; "insert into configuration (configuration_title, configuration_key, configuration_value, configuration_description, configuration_group_id, sort_order, date_added) values (Sort Order, MODULE_BOXES_LANGUAGES_SORT_ORDER, 0, Sort order of display. Lowest is displayed first., 6, 0, now())"; configuration; "configuration_title, configuration_key, configuration_value, configuration_description, configuration_group_id, sort_order, date_added"; ""; false
SELECT; "select m.manufacturers_id, m.manufacturers_name, m.manufacturers_image, mi.manufacturers_url from manufacturers m left join manufacturers_info mi on (m.manufacturers_id = mi.manufacturers_id and mi.languages_id = (int) $languages_id ), products p where p.products_id = (int) $HTTP_GET_VARS[products_id] and p.manufacturers_id = m.manufacturers_id"; products; "mmanufacturersid, mmanufacturersname, mmanufacturersimage, mimanufacturersurl"; ""; true
INSERT; "insert into configuration (configuration_title, configuration_key, configuration_value, configuration_description, configuration_group_id, sort_order, set_function, date_added) values (Enable Manufacturer Info Module, MODULE_BOXES_MANUFACTURER_INFO_STATUS, True, Do you want to add the module to your shop?, 6, 1, tep_cfg_select_option(array(True, False), , now())"; configuration; "configuration_title, configuration_key, configuration_value, configuration_description, configuration_group_id, sort_order, set_function, date_added"; ""; false
INSERT; "insert into configuration (configuration_title, configuration_key, configuration_value, configuration_description, configuration_group_id, sort_order, set_function, date_added) values (Content Placement, MODULE_BOXES_MANUFACTURER_INFO_CONTENT_PLACEMENT, Right Column, Should the module be loaded in the left or right column?, 6, 1, tep_cfg_select_option(array(Left Column, Right Column), , now())"; configuration; "configuration_title, configuration_key, configuration_value, configuration_description, configuration_group_id, sort_order, set_function, date_added"; ""; false
INSERT; "insert into configuration (configuration_title, configuration_key, configuration_value, configuration_description, configuration_group_id, sort_order, date_added) values (Sort Order, MODULE_BOXES_MANUFACTURER_INFO_SORT_ORDER, 0, Sort order of display. Lowest is displayed first., 6, 0, now())"; configuration; "configuration_title, configuration_key, configuration_value, configuration_description, configuration_group_id, sort_order, date_added"; ""; false
SELECT; "select manufacturers_id, manufacturers_name from manufacturers order by manufacturers_name"; manufacturers; "manufacturersid, manufacturersname"; ""; false
INSERT; "insert into configuration (configuration_title, configuration_key, configuration_value, configuration_description, configuration_group_id, sort_order, set_function, date_added) values (Enable Manufacturers Module, MODULE_BOXES_MANUFACTURERS_STATUS, True, Do you want to add the module to your shop?, 6, 1, tep_cfg_select_option(array(True, False), , now())"; configuration; "configuration_title, configuration_key, configuration_value, configuration_description, configuration_group_id, sort_order, set_function, date_added"; ""; false
INSERT; "insert into configuration (configuration_title, configuration_key, configuration_value, configuration_description, configuration_group_id, sort_order, set_function, date_added) values (Content Placement, MODULE_BOXES_MANUFACTURERS_CONTENT_PLACEMENT, Left Column, Should the module be loaded in the left or right column?, 6, 1, tep_cfg_select_option(array(Left Column, Right Column), , now())"; configuration; "configuration_title, configuration_key, configuration_value, configuration_description, configuration_group_id, sort_order, set_function, date_added"; ""; false
INSERT; "insert into configuration (configuration_title, configuration_key, configuration_value, configuration_description, configuration_group_id, sort_order, date_added) values (Sort Order, MODULE_BOXES_MANUFACTURERS_SORT_ORDER, 0, Sort order of display. Lowest is displayed first., 6, 0, now())"; configuration; "configuration_title, configuration_key, configuration_value, configuration_description, configuration_group_id, sort_order, date_added"; ""; false
SELECT; "select distinct op.products_id from orders o, orders_products op, products p where o.customers_id = (int) $customer_id and o.orders_id = op.orders_id and op.products_id = p.products_id and p.products_status = 1 group by products_id order by o.date_purchased desc limit MAX_DISPLAY_PRODUCTS_IN_ORDER_HISTORY_BOX"; orders; "distinct, opproductsid"; "$customer_id"; true
SELECT; "select products_id, products_name from products_description where products_id in ( $product_ids ) and language_id = (int) $languages_id order by products_name"; products_description; "productsid, productsname"; "$product_ids, $languages_id"; false
INSERT; "insert into configuration (configuration_title, configuration_key, configuration_value, configuration_description, configuration_group_id, sort_order, set_function, date_added) values (Enable Order History Module, MODULE_BOXES_ORDER_HISTORY_STATUS, True, Do you want to add the module to your shop?, 6, 1, tep_cfg_select_option(array(True, False), , now())"; configuration; "configuration_title, configuration_key, configuration_value, configuration_description, configuration_group_id, sort_order, set_function, date_added"; ""; false
INSERT; "insert into configuration (configuration_title, configuration_key, configuration_value, configuration_description, configuration_group_id, sort_order, set_function, date_added) values (Content Placement, MODULE_BOXES_ORDER_HISTORY_CONTENT_PLACEMENT, Right Column, Should the module be loaded in the left or right column?, 6, 1, tep_cfg_select_option(array(Left Column, Right Column), , now())"; configuration; "configuration_title, configuration_key, configuration_value, configuration_description, configuration_group_id, sort_order, set_function, date_added"; ""; false
INSERT; "insert into configuration (configuration_title, configuration_key, configuration_value, configuration_description, configuration_group_id, sort_order, date_added) values (Sort Order, MODULE_BOXES_ORDER_HISTORY_SORT_ORDER, 0, Sort order of display. Lowest is displayed first., 6, 0, now())"; configuration; "configuration_title, configuration_key, configuration_value, configuration_description, configuration_group_id, sort_order, date_added"; ""; false
SELECT; "select count(*) as count from products_notifications where products_id = (int) $HTTP_GET_VARS[products_id] and customers_id = (int) $customer_id"; products_notifications; ""; ""products_id", $customer_id"; true
INSERT; "insert into configuration (configuration_title, configuration_key, configuration_value, configuration_description, configuration_group_id, sort_order, set_function, date_added) values (Enable Product Notifications Module, MODULE_BOXES_PRODUCT_NOTIFICATIONS_STATUS, True, Do you want to add the module to your shop?, 6, 1, tep_cfg_select_option(array(True, False), , now())"; configuration; "configuration_title, configuration_key, configuration_value, configuration_description, configuration_group_id, sort_order, set_function, date_added"; ""; false
INSERT; "insert into configuration (configuration_title, configuration_key, configuration_value, configuration_description, configuration_group_id, sort_order, set_function, date_added) values (Content Placement, MODULE_BOXES_PRODUCT_NOTIFICATIONS_CONTENT_PLACEMENT, Right Column, Should the module be loaded in the left or right column?, 6, 1, tep_cfg_select_option(array(Left Column, Right Column), , now())"; configuration; "configuration_title, configuration_key, configuration_value, configuration_description, configuration_group_id, sort_order, set_function, date_added"; ""; false
INSERT; "insert into configuration (configuration_title, configuration_key, configuration_value, configuration_description, configuration_group_id, sort_order, date_added) values (Sort Order, MODULE_BOXES_PRODUCT_NOTIFICATIONS_SORT_ORDER, 0, Sort order of display. Lowest is displayed first., 6, 0, now())"; configuration; "configuration_title, configuration_key, configuration_value, configuration_description, configuration_group_id, sort_order, date_added"; ""; false
INSERT; "insert into configuration (configuration_title, configuration_key, configuration_value, configuration_description, configuration_group_id, sort_order, set_function, date_added) values (Enable Product Social Bookmarks Module, MODULE_BOXES_PRODUCT_SOCIAL_BOOKMARKS_STATUS, True, Do you want to add the module to your shop?, 6, 1, tep_cfg_select_option(array(True, False), , now())"; configuration; "configuration_title, configuration_key, configuration_value, configuration_description, configuration_group_id, sort_order, set_function, date_added"; ""; false
INSERT; "insert into configuration (configuration_title, configuration_key, configuration_value, configuration_description, configuration_group_id, sort_order, set_function, date_added) values (Content Placement, MODULE_BOXES_PRODUCT_SOCIAL_BOOKMARKS_CONTENT_PLACEMENT, Right Column, Should the module be loaded in the left or right column?, 6, 1, tep_cfg_select_option(array(Left Column, Right Column), , now())"; configuration; "configuration_title, configuration_key, configuration_value, configuration_description, configuration_group_id, sort_order, set_function, date_added"; ""; false
INSERT; "insert into configuration (configuration_title, configuration_key, configuration_value, configuration_description, configuration_group_id, sort_order, date_added) values (Sort Order, MODULE_BOXES_PRODUCT_SOCIAL_BOOKMARKS_SORT_ORDER, 0, Sort order of display. Lowest is displayed first., 6, 0, now())"; configuration; "configuration_title, configuration_key, configuration_value, configuration_description, configuration_group_id, sort_order, date_added"; ""; false
SELECT; "select r.reviews_id, r.reviews_rating, p.products_id, p.products_image, pd.products_name from reviews r, reviews_description rd, products p, products_description pd where p.products_status = 1 and p.products_id = r.products_id and r.reviews_id = rd.reviews_id and rd.languages_id = (int) $languages_id and p.products_id = pd.products_id and pd.language_id = (int) $languages_id and r.reviews_status = 1"; reviews; "rreviewsid, rreviewsrating, pproductsid, pproductsimage, pdproductsname"; "$languages_id"; true
SELECT; "select substring(reviews_text, 1, 60) as reviews_text from reviews_description where reviews_id = (int) $random_product[reviews_id] and languages_id = (int) $languages_id"; reviews_description; "reviewstext, 1, 60"; ""reviews_id", $random_product["reviews_id"], $languages_id"; false
INSERT; "insert into configuration (configuration_title, configuration_key, configuration_value, configuration_description, configuration_group_id, sort_order, set_function, date_added) values (Enable Reviews Module, MODULE_BOXES_REVIEWS_STATUS, True, Do you want to add the module to your shop?, 6, 1, tep_cfg_select_option(array(True, False), , now())"; configuration; "configuration_title, configuration_key, configuration_value, configuration_description, configuration_group_id, sort_order, set_function, date_added"; ""; false
INSERT; "insert into configuration (configuration_title, configuration_key, configuration_value, configuration_description, configuration_group_id, sort_order, set_function, date_added) values (Content Placement, MODULE_BOXES_REVIEWS_CONTENT_PLACEMENT, Right Column, Should the module be loaded in the left or right column?, 6, 1, tep_cfg_select_option(array(Left Column, Right Column), , now())"; configuration; "configuration_title, configuration_key, configuration_value, configuration_description, configuration_group_id, sort_order, set_function, date_added"; ""; false
INSERT; "insert into configuration (configuration_title, configuration_key, configuration_value, configuration_description, configuration_group_id, sort_order, date_added) values (Sort Order, MODULE_BOXES_REVIEWS_SORT_ORDER, 0, Sort order of display. Lowest is displayed first., 6, 0, now())"; configuration; "configuration_title, configuration_key, configuration_value, configuration_description, configuration_group_id, sort_order, date_added"; ""; false
INSERT; "insert into configuration (configuration_title, configuration_key, configuration_value, configuration_description, configuration_group_id, sort_order, set_function, date_added) values (Enable Search Module, MODULE_BOXES_SEARCH_STATUS, True, Do you want to add the module to your shop?, 6, 1, tep_cfg_select_option(array(True, False), , now())"; configuration; "configuration_title, configuration_key, configuration_value, configuration_description, configuration_group_id, sort_order, set_function, date_added"; ""; false
INSERT; "insert into configuration (configuration_title, configuration_key, configuration_value, configuration_description, configuration_group_id, sort_order, set_function, date_added) values (Content Placement, MODULE_BOXES_SEARCH_CONTENT_PLACEMENT, Left Column, Should the module be loaded in the left or right column?, 6, 1, tep_cfg_select_option(array(Left Column, Right Column), , now())"; configuration; "configuration_title, configuration_key, configuration_value, configuration_description, configuration_group_id, sort_order, set_function, date_added"; ""; false
INSERT; "insert into configuration (configuration_title, configuration_key, configuration_value, configuration_description, configuration_group_id, sort_order, date_added) values (Sort Order, MODULE_BOXES_SEARCH_SORT_ORDER, 0, Sort order of display. Lowest is displayed first., 6, 0, now())"; configuration; "configuration_title, configuration_key, configuration_value, configuration_description, configuration_group_id, sort_order, date_added"; ""; false
INSERT; "insert into configuration (configuration_title, configuration_key, configuration_value, configuration_description, configuration_group_id, sort_order, set_function, date_added) values (Enable Shopping Cart Module, MODULE_BOXES_SHOPPING_CART_STATUS, True, Do you want to add the module to your shop?, 6, 1, tep_cfg_select_option(array(True, False), , now())"; configuration; "configuration_title, configuration_key, configuration_value, configuration_description, configuration_group_id, sort_order, set_function, date_added"; ""; false
INSERT; "insert into configuration (configuration_title, configuration_key, configuration_value, configuration_description, configuration_group_id, sort_order, set_function, date_added) values (Content Placement, MODULE_BOXES_SHOPPING_CART_CONTENT_PLACEMENT, Right Column, Should the module be loaded in the left or right column?, 6, 1, tep_cfg_select_option(array(Left Column, Right Column), , now())"; configuration; "configuration_title, configuration_key, configuration_value, configuration_description, configuration_group_id, sort_order, set_function, date_added"; ""; false
INSERT; "insert into configuration (configuration_title, configuration_key, configuration_value, configuration_description, configuration_group_id, sort_order, date_added) values (Sort Order, MODULE_BOXES_SHOPPING_CART_SORT_ORDER, 0, Sort order of display. Lowest is displayed first., 6, 0, now())"; configuration; "configuration_title, configuration_key, configuration_value, configuration_description, configuration_group_id, sort_order, date_added"; ""; false
SELECT; "select p.products_id, pd.products_name, p.products_price, p.products_tax_class_id, p.products_image, s.specials_new_products_price from products p, products_description pd, specials s where p.products_status = 1 and p.products_id = s.products_id and pd.products_id = s.products_id and pd.language_id = (int) $languages_id and s.status = 1 order by s.specials_date_added desc limit MAX_RANDOM_SELECT_SPECIALS"; specials; "pproductsid, pdproductsname, pproductsprice, pproductstaxclassid, pproductsimage, sspecialsnewproductsprice"; "$languages_id"; true
INSERT; "insert into configuration (configuration_title, configuration_key, configuration_value, configuration_description, configuration_group_id, sort_order, set_function, date_added) values (Enable Specials Module, MODULE_BOXES_SPECIALS_STATUS, True, Do you want to add the module to your shop?, 6, 1, tep_cfg_select_option(array(True, False), , now())"; configuration; "configuration_title, configuration_key, configuration_value, configuration_description, configuration_group_id, sort_order, set_function, date_added"; ""; false
INSERT; "insert into configuration (configuration_title, configuration_key, configuration_value, configuration_description, configuration_group_id, sort_order, set_function, date_added) values (Content Placement, MODULE_BOXES_SPECIALS_CONTENT_PLACEMENT, Right Column, Should the module be loaded in the left or right column?, 6, 1, tep_cfg_select_option(array(Left Column, Right Column), , now())"; configuration; "configuration_title, configuration_key, configuration_value, configuration_description, configuration_group_id, sort_order, set_function, date_added"; ""; false
INSERT; "insert into configuration (configuration_title, configuration_key, configuration_value, configuration_description, configuration_group_id, sort_order, date_added) values (Sort Order, MODULE_BOXES_SPECIALS_SORT_ORDER, 0, Sort order of display. Lowest is displayed first., 6, 0, now())"; configuration; "configuration_title, configuration_key, configuration_value, configuration_description, configuration_group_id, sort_order, date_added"; ""; false
SELECT; "select products_id, products_image, products_tax_class_id, products_price from products where products_status = 1 order by products_date_added desc limit MAX_RANDOM_SELECT_NEW"; products; "productsid, productsimage, productstaxclassid, productsprice"; ""; false
INSERT; "insert into configuration (configuration_title, configuration_key, configuration_value, configuration_description, configuration_group_id, sort_order, set_function, date_added) values (Enable Whats New Module, MODULE_BOXES_WHATS_NEW_STATUS, True, Do you want to add the module to your shop?, 6, 1, tep_cfg_select_option(array(True, False), , now())"; configuration; "configuration_title, configuration_key, configuration_value, configuration_description, configuration_group_id, sort_order, set_function, date_added"; ""; false
INSERT; "insert into configuration (configuration_title, configuration_key, configuration_value, configuration_description, configuration_group_id, sort_order, set_function, date_added) values (Content Placement, MODULE_BOXES_WHATS_NEW_CONTENT_PLACEMENT, Left Column, Should the module be loaded in the left or right column?, 6, 1, tep_cfg_select_option(array(Left Column, Right Column), , now())"; configuration; "configuration_title, configuration_key, configuration_value, configuration_description, configuration_group_id, sort_order, set_function, date_added"; ""; false
INSERT; "insert into configuration (configuration_title, configuration_key, configuration_value, configuration_description, configuration_group_id, sort_order, date_added) values (Sort Order, MODULE_BOXES_WHATS_NEW_SORT_ORDER, 0, Sort order of display. Lowest is displayed first., 6, 0, now())"; configuration; "configuration_title, configuration_key, configuration_value, configuration_description, configuration_group_id, sort_order, date_added"; ""; false
SELECT; "select zone_name from zones where zone_country_id = (int) $country order by zone_name"; zones; "zonename"; "$country"; false
INSERT; "insert into configuration (configuration_title, configuration_key, configuration_value, configuration_description, configuration_group_id, sort_order, set_function, date_added) values (Enable Braintree Card Management, MODULE_CONTENT_ACCOUNT_BRAINTREE_CARDS_STATUS, True, Do you want to enable the Braintree Card Management module?, 6, 1, tep_cfg_select_option(array(True, False), , now())"; configuration; "configuration_title, configuration_key, configuration_value, configuration_description, configuration_group_id, sort_order, set_function, date_added"; ""; false
INSERT; "insert into configuration (configuration_title, configuration_key, configuration_value, configuration_description, configuration_group_id, sort_order, date_added) values (Sort Order, MODULE_CONTENT_ACCOUNT_BRAINTREE_CARDS_SORT_ORDER, 0, Sort order of display. Lowest is displayed first., 6, 0, now())"; configuration; "configuration_title, configuration_key, configuration_value, configuration_description, configuration_group_id, sort_order, date_added"; ""; false
INSERT; "insert into configuration (configuration_title, configuration_key, configuration_value, configuration_description, configuration_group_id, sort_order, set_function, date_added) values (Enable Sage Pay Card Management, MODULE_CONTENT_ACCOUNT_SAGE_PAY_CARDS_STATUS, True, Do you want to enable the Sage Pay Card Management module?, 6, 1, tep_cfg_select_option(array(True, False), , now())"; configuration; "configuration_title, configuration_key, configuration_value, configuration_description, configuration_group_id, sort_order, set_function, date_added"; ""; false
INSERT; "insert into configuration (configuration_title, configuration_key, configuration_value, configuration_description, configuration_group_id, sort_order, date_added) values (Sort Order, MODULE_CONTENT_ACCOUNT_SAGE_PAY_CARDS_SORT_ORDER, 0, Sort order of display. Lowest is displayed first., 6, 0, now())"; configuration; "configuration_title, configuration_key, configuration_value, configuration_description, configuration_group_id, sort_order, date_added"; ""; false
SELECT; "select customers_password from customers where customers_id = (int) $customer_id"; customers; "customerspassword"; "$customer_id"; false
INSERT; "insert into configuration (configuration_title, configuration_key, configuration_value, configuration_description, configuration_group_id, sort_order, set_function, date_added) values (Enable Set Account Password, MODULE_CONTENT_ACCOUNT_SET_PASSWORD_STATUS, True, Do you want to enable the Set Account Password module?, 6, 1, tep_cfg_select_option(array(True, False), , now())"; configuration; "configuration_title, configuration_key, configuration_value, configuration_description, configuration_group_id, sort_order, set_function, date_added"; ""; false
INSERT; "insert into configuration (configuration_title, configuration_key, configuration_value, configuration_description, configuration_group_id, sort_order, set_function, date_added) values (Allow Local Passwords, MODULE_CONTENT_ACCOUNT_SET_PASSWORD_ALLOW_PASSWORD, True, Allow local account passwords to be set., 6, 1, tep_cfg_select_option(array(True, False), , now())"; configuration; "configuration_title, configuration_key, configuration_value, configuration_description, configuration_group_id, sort_order, set_function, date_added"; ""; false
INSERT; "insert into configuration (configuration_title, configuration_key, configuration_value, configuration_description, configuration_group_id, sort_order, date_added) values (Sort Order, MODULE_CONTENT_ACCOUNT_SET_PASSWORD_SORT_ORDER, 0, Sort order of display. Lowest is displayed first., 6, 0, now())"; configuration; "configuration_title, configuration_key, configuration_value, configuration_description, configuration_group_id, sort_order, date_added"; ""; false
INSERT; "insert into configuration (configuration_title, configuration_key, configuration_value, configuration_description, configuration_group_id, sort_order, set_function, date_added) values (Enable Stripe Card Management, MODULE_CONTENT_ACCOUNT_STRIPE_CARDS_STATUS, True, Do you want to enable the Stripe Card Management module?, 6, 1, tep_cfg_select_option(array(True, False), , now())"; configuration; "configuration_title, configuration_key, configuration_value, configuration_description, configuration_group_id, sort_order, set_function, date_added"; ""; false
INSERT; "insert into configuration (configuration_title, configuration_key, configuration_value, configuration_description, configuration_group_id, sort_order, date_added) values (Sort Order, MODULE_CONTENT_ACCOUNT_STRIPE_CARDS_SORT_ORDER, 0, Sort order of display. Lowest is displayed first., 6, 0, now())"; configuration; "configuration_title, configuration_key, configuration_value, configuration_description, configuration_group_id, sort_order, date_added"; ""; false
INSERT; "insert into configuration (configuration_title, configuration_key, configuration_value, configuration_description, configuration_group_id, sort_order, set_function, date_added) values (Enable Product Downloads Module, MODULE_CONTENT_CHECKOUT_SUCCESS_DOWNLOADS_STATUS, True, Should ordered product download links be shown on the checkout success page?, 6, 1, tep_cfg_select_option(array(True, False), , now())"; configuration; "configuration_title, configuration_key, configuration_value, configuration_description, configuration_group_id, sort_order, set_function, date_added"; ""; false
INSERT; "insert into configuration (configuration_title, configuration_key, configuration_value, configuration_description, configuration_group_id, sort_order, date_added) values (Sort Order, MODULE_CONTENT_CHECKOUT_SUCCESS_DOWNLOADS_SORT_ORDER, 0, Sort order of display. Lowest is displayed first., 6, 3, now())"; configuration; "configuration_title, configuration_key, configuration_value, configuration_description, configuration_group_id, sort_order, date_added"; ""; false
SELECT; "select global_product_notifications from customers_info where customers_info_id = (int) $customer_id"; customers_info; "globalproductnotifications"; "$customer_id"; true
SELECT; "select products_id from products_notifications where products_id = (int) $n and customers_id = (int) $customer_id limit 1"; products_notifications; "productsid"; "$n, $customer_id"; true
INSERT; "insert into products_notifications (products_id, customers_id, date_added) values ( (int) $n , (int) $customer_id , now())"; products_notifications; "products_id, customers_id, date_added"; "$n, $customer_id"; true
SELECT; "select products_id, products_name from orders_products where orders_id = (int) $order_id order by products_name"; orders_products; "productsid, productsname"; "$order_id"; false
INSERT; "insert into configuration (configuration_title, configuration_key, configuration_value, configuration_description, configuration_group_id, sort_order, set_function, date_added) values (Enable Product Notifications Module, MODULE_CONTENT_CHECKOUT_SUCCESS_PRODUCT_NOTIFICATIONS_STATUS, True, Should the product notifications block be shown on the checkout success page?, 6, 1, tep_cfg_select_option(array(True, False), , now())"; configuration; "configuration_title, configuration_key, configuration_value, configuration_description, configuration_group_id, sort_order, set_function, date_added"; ""; false
INSERT; "insert into configuration (configuration_title, configuration_key, configuration_value, configuration_description, configuration_group_id, sort_order, date_added) values (Sort Order, MODULE_CONTENT_CHECKOUT_SUCCESS_PRODUCT_NOTIFICATIONS_SORT_ORDER, 0, Sort order of display. Lowest is displayed first., 6, 3, now())"; configuration; "configuration_title, configuration_key, configuration_value, configuration_description, configuration_group_id, sort_order, date_added"; ""; false
SELECT; "select 1 from orders where orders_id = (int) $order_id and date_purchased < date_sub(now(), interval (int) MODULE_CONTENT_CHECKOUT_SUCCESS_REDIRECT_OLD_ORDER_MINUTES minute)"; orders; "1"; "$order_id"; true
INSERT; "insert into configuration (configuration_title, configuration_key, configuration_value, configuration_description, configuration_group_id, sort_order, set_function, date_added) values (Enable Redirect Old Order Module, MODULE_CONTENT_CHECKOUT_SUCCESS_REDIRECT_OLD_ORDER_STATUS, True, Should customers be redirected when viewing old checkout success orders?, 6, 1, tep_cfg_select_option(array(True, False), , now())"; configuration; "configuration_title, configuration_key, configuration_value, configuration_description, configuration_group_id, sort_order, set_function, date_added"; ""; false
INSERT; "insert into configuration (configuration_title, configuration_key, configuration_value, configuration_description, configuration_group_id, sort_order, date_added) values (Redirect Minutes, MODULE_CONTENT_CHECKOUT_SUCCESS_REDIRECT_OLD_ORDER_MINUTES, 60, Redirect customers to the My Account page after an order older than this amount is viewed., 6, 0, now())"; configuration; "configuration_title, configuration_key, configuration_value, configuration_description, configuration_group_id, sort_order, date_added"; ""; false
INSERT; "insert into configuration (configuration_title, configuration_key, configuration_value, configuration_description, configuration_group_id, sort_order, date_added) values (Sort Order, MODULE_CONTENT_CHECKOUT_SUCCESS_REDIRECT_OLD_ORDER_SORT_ORDER, 0, Sort order of display. Lowest is displayed first., 6, 0, now())"; configuration; "configuration_title, configuration_key, configuration_value, configuration_description, configuration_group_id, sort_order, date_added"; ""; false
INSERT; "insert into configuration (configuration_title, configuration_key, configuration_value, configuration_description, configuration_group_id, sort_order, set_function, date_added) values (Enable Thank You Module, MODULE_CONTENT_CHECKOUT_SUCCESS_THANK_YOU_STATUS, True, Should the thank you block be shown on the checkout success page?, 6, 1, tep_cfg_select_option(array(True, False), , now())"; configuration; "configuration_title, configuration_key, configuration_value, configuration_description, configuration_group_id, sort_order, set_function, date_added"; ""; false
INSERT; "insert into configuration (configuration_title, configuration_key, configuration_value, configuration_description, configuration_group_id, sort_order, date_added) values (Sort Order, MODULE_CONTENT_CHECKOUT_SUCCESS_THANK_YOU_SORT_ORDER, 0, Sort order of display. Lowest is displayed first., 6, 0, now())"; configuration; "configuration_title, configuration_key, configuration_value, configuration_description, configuration_group_id, sort_order, date_added"; ""; false
INSERT; "insert into configuration (configuration_title, configuration_key, configuration_value, configuration_description, configuration_group_id, sort_order, set_function, date_added) values (Enable New User Module, MODULE_CONTENT_CREATE_ACCOUNT_LINK_STATUS, True, Do you want to enable the new user module?, 6, 1, tep_cfg_select_option(array(True, False), , now())"; configuration; "configuration_title, configuration_key, configuration_value, configuration_description, configuration_group_id, sort_order, set_function, date_added"; ""; false
INSERT; "insert into configuration (configuration_title, configuration_key, configuration_value, configuration_description, configuration_group_id, sort_order, set_function, date_added) values (Content Width, MODULE_CONTENT_CREATE_ACCOUNT_LINK_CONTENT_WIDTH, Half, Should the content be shown in a full or half width container?, 6, 1, tep_cfg_select_option(array(Full, Half), , now())"; configuration; "configuration_title, configuration_key, configuration_value, configuration_description, configuration_group_id, sort_order, set_function, date_added"; ""; false
INSERT; "insert into configuration (configuration_title, configuration_key, configuration_value, configuration_description, configuration_group_id, sort_order, date_added) values (Sort Order, MODULE_CONTENT_CREATE_ACCOUNT_LINK_SORT_ORDER, 0, Sort order of display. Lowest is displayed first., 6, 0, now())"; configuration; "configuration_title, configuration_key, configuration_value, configuration_description, configuration_group_id, sort_order, date_added"; ""; false
SELECT; "select customers_id, customers_password from customers where customers_email_address = tep_db_input($email_address) limit 1"; customers; "customersid, customerspassword"; "tep_db_input($email_address)"; false
UPDATE; "update customers set customers_password = tep_encrypt_password($password) where customers_id = (int) $login_customer_id"; customers; "customers_password"; "tep_encrypt_password($password)"; false
INSERT; "insert into configuration (configuration_title, configuration_key, configuration_value, configuration_description, configuration_group_id, sort_order, set_function, date_added) values (Enable Login Form Module, MODULE_CONTENT_LOGIN_FORM_STATUS, True, Do you want to enable the login form module?, 6, 1, tep_cfg_select_option(array(True, False), , now())"; configuration; "configuration_title, configuration_key, configuration_value, configuration_description, configuration_group_id, sort_order, set_function, date_added"; ""; false
INSERT; "insert into configuration (configuration_title, configuration_key, configuration_value, configuration_description, configuration_group_id, sort_order, set_function, date_added) values (Content Width, MODULE_CONTENT_LOGIN_FORM_CONTENT_WIDTH, Half, Should the content be shown in a full or half width container?, 6, 1, tep_cfg_select_option(array(Full, Half), , now())"; configuration; "configuration_title, configuration_key, configuration_value, configuration_description, configuration_group_id, sort_order, set_function, date_added"; ""; false
INSERT; "insert into configuration (configuration_title, configuration_key, configuration_value, configuration_description, configuration_group_id, sort_order, date_added) values (Sort Order, MODULE_CONTENT_LOGIN_FORM_SORT_ORDER, 0, Sort order of display. Lowest is displayed first., 6, 0, now())"; configuration; "configuration_title, configuration_key, configuration_value, configuration_description, configuration_group_id, sort_order, date_added"; ""; false
SELECT; "select customers_id from customers where customers_email_address = tep_db_input($email_address) limit 1"; customers; "customersid"; "tep_db_input($email_address)"; true
INSERT; "insert into customers_info (customers_info_id, customers_info_number_of_logons, customers_info_date_account_created) values ( (int) $customer_id , 0, now())"; customers_info; "customers_info_id, customers_info_number_of_logons, customers_info_date_account_created"; "$customer_id"; true
SELECT; "select countries_id, address_format_id from countries where countries_iso_code_2 = tep_db_input($ship_country) limit 1"; countries; "countriesid, addressformatid"; "tep_db_input($ship_country)"; false
SELECT; "select zone_id from zones where zone_country_id = (int) $ship_country_id and (zone_name = tep_db_input($ship_zone) or zone_code = tep_db_input($ship_zone) ) limit 1"; zones; "zoneid"; "$ship_country_id, tep_db_input($ship_zone)"; true
SELECT; "select address_book_id from address_book where customers_id = (int) $customer_id and entry_firstname = tep_db_input($ship_firstname) and entry_lastname = tep_db_input($ship_lastname) and entry_street_address = tep_db_input($ship_address) and entry_postcode = tep_db_input($ship_postcode) and entry_city = tep_db_input($ship_city) and (entry_state = tep_db_input($ship_zone) or entry_zone_id = (int) $ship_zone_id ) and entry_country_id = (int) $ship_country_id limit 1"; address_book; "addressbookid"; "$customer_id, tep_db_input($ship_firstname), tep_db_input($ship_address), tep_db_input($ship_lastname), tep_db_input($ship_city), $ship_zone_id, $ship_country_id"; true
UPDATE; "update customers set customers_default_address_id = (int) $address_id where customers_id = (int) $customer_id"; customers; "customers_default_address_id"; "$address_id"; true
SELECT; "select orders_id from orders where customers_id = (int) $customer_id order by orders_id desc limit 1"; orders; "ordersid"; "$customer_id"; true
SELECT; "select date_format(o.date_purchased, %Y-%m-%d) as date_purchased_day, opd.download_maxdays, op.products_name, opd.orders_products_download_id, opd.orders_products_filename, opd.download_count, opd.download_maxdays from orders o, orders_products op, orders_products_download opd, orders_status os where o.customers_id = (int) $customer_id and o.orders_id = (int) $last_order and o.orders_id = op.orders_id and op.orders_products_id = opd.orders_products_id and opd.orders_products_filename != and o.orders_status = os.orders_status_id and os.downloads_flag = 1 and os.language_id = (int) $languages_id"; orders_status; "odatepurchased, ymd, datepurchasedday, opddownloadmaxdays, opproductsname, opdordersproductsdownloadid, opdordersproductsfilename, opddownloadcount"; "$customer_id, $last_order, $languages_id"; true
INSERT; "insert into configuration (configuration_title, configuration_key, configuration_value, configuration_description, configuration_group_id, sort_order, set_function, date_added) values (Enable Canonical Module, MODULE_HEADER_TAGS_CANONICAL_STATUS, True, Do you want to enable the Canonical module?, 6, 1, tep_cfg_select_option(array(True, False), , now())"; configuration; "configuration_title, configuration_key, configuration_value, configuration_description, configuration_group_id, sort_order, set_function, date_added"; ""; false
INSERT; "insert into configuration (configuration_title, configuration_key, configuration_value, configuration_description, configuration_group_id, sort_order, date_added) values (Sort Order, MODULE_HEADER_TAGS_CANONICAL_SORT_ORDER, 0, Sort order of display. Lowest is displayed first., 6, 0, now())"; configuration; "configuration_title, configuration_key, configuration_value, configuration_description, configuration_group_id, sort_order, date_added"; ""; false
SELECT; "select categories_name from categories_description where categories_id = (int) $current_category_id and language_id = (int) $languages_id limit 1"; categories_description; "categoriesname"; "$current_category_id, $languages_id"; false
INSERT; "insert into configuration (configuration_title, configuration_key, configuration_value, configuration_description, configuration_group_id, sort_order, set_function, date_added) values (Enable Category Title Module, MODULE_HEADER_TAGS_CATEGORY_TITLE_STATUS, True, Do you want to allow category titles to be added to the page title?, 6, 1, tep_cfg_select_option(array(True, False), , now())"; configuration; "configuration_title, configuration_key, configuration_value, configuration_description, configuration_group_id, sort_order, set_function, date_added"; ""; false
INSERT; "insert into configuration (configuration_title, configuration_key, configuration_value, configuration_description, configuration_group_id, sort_order, date_added) values (Sort Order, MODULE_HEADER_TAGS_CATEGORY_TITLE_SORT_ORDER, 0, Sort order of display. Lowest is displayed first., 6, 0, now())"; configuration; "configuration_title, configuration_key, configuration_value, configuration_description, configuration_group_id, sort_order, date_added"; ""; false
SELECT; "select orders_id, currency, currency_value from orders where customers_id = (int) $customer_id order by date_purchased desc limit 1"; orders; "ordersid, currency, currencyvalue"; "$customer_id"; false
SELECT; "select value from orders_total where orders_id = (int) $order[orders_id] and class=ot_subtotal"; orders_total; "value"; ""orders_id", $order["orders_id"]"; true
INSERT; "insert into configuration (configuration_title, configuration_key, configuration_value, configuration_description, configuration_group_id, sort_order, set_function, date_added) values (Enable Google AdWords Conversion Module, MODULE_HEADER_TAGS_GOOGLE_ADWORDS_CONVERSION_STATUS, True, Do you want to allow the Google AdWords Conversion Module on your checkout success page?, 6, 1, tep_cfg_select_option(array(True, False), , now())"; configuration; "configuration_title, configuration_key, configuration_value, configuration_description, configuration_group_id, sort_order, set_function, date_added"; ""; false
INSERT; "insert into configuration (configuration_title, configuration_key, configuration_value, configuration_description, configuration_group_id, sort_order, date_added) values (Conversion ID, MODULE_HEADER_TAGS_GOOGLE_ADWORDS_CONVERSION_ID, , The Google AdWords Conversion ID, 6, 0, now())"; configuration; "configuration_title, configuration_key, configuration_value, configuration_description, configuration_group_id, sort_order, date_added"; ""; false
INSERT; "insert into configuration (configuration_title, configuration_key, configuration_value, configuration_description, configuration_group_id, sort_order, set_function, use_function, date_added) values (Tracking Notification Layout, MODULE_HEADER_TAGS_GOOGLE_ADWORDS_CONVERSION_FORMAT, 1, A small message will appear on your site telling customers that their visits on your site are being tracked. We recommend you use it., 6, 0, tep_cfg_google_adwords_conversion_set_format(, tep_cfg_google_adwords_conversion_get_format, now())"; configuration; "configuration_title, configuration_key, configuration_value, configuration_description, configuration_group_id, sort_order, set_function, use_function, date_added"; ""; false
INSERT; "insert into configuration (configuration_title, configuration_key, configuration_value, configuration_description, configuration_group_id, sort_order, date_added) values (Page Background Color, MODULE_HEADER_TAGS_GOOGLE_ADWORDS_CONVERSION_COLOR, ffffff, Enter a HTML color to match the color of your website background page., 6, 0, now())"; configuration; "configuration_title, configuration_key, configuration_value, configuration_description, configuration_group_id, sort_order, date_added"; ""; false
INSERT; "insert into configuration (configuration_title, configuration_key, configuration_value, configuration_description, configuration_group_id, sort_order, date_added) values (Conversion Label, MODULE_HEADER_TAGS_GOOGLE_ADWORDS_CONVERSION_LABEL, , The alphanumeric code generated by Google for your AdWords Conversion, 6, 0, now())"; configuration; "configuration_title, configuration_key, configuration_value, configuration_description, configuration_group_id, sort_order, date_added"; ""; false
INSERT; "insert into configuration (configuration_title, configuration_key, configuration_value, configuration_description, configuration_group_id, sort_order, set_function, date_added) values (Javascript Placement, MODULE_HEADER_TAGS_GOOGLE_ADWORDS_CONVERSION_JS_PLACEMENT, Footer, Should the Google AdWords Conversion javascript be loaded in the header or footer?, 6, 1, tep_cfg_select_option(array(Header, Footer), , now())"; configuration; "configuration_title, configuration_key, configuration_value, configuration_description, configuration_group_id, sort_order, set_function, date_added"; ""; false
INSERT; "insert into configuration (configuration_title, configuration_key, configuration_value, configuration_description, configuration_group_id, sort_order, date_added) values (Sort Order, MODULE_HEADER_TAGS_GOOGLE_ADWORDS_CONVERSION_SORT_ORDER, 0, Sort order of display. Lowest is displayed first., 6, 0, now())"; configuration; "configuration_title, configuration_key, configuration_value, configuration_description, configuration_group_id, sort_order, date_added"; ""; false
SELECT; "select orders_id, billing_city, billing_state, billing_country from orders where customers_id = (int) $customer_id order by date_purchased desc limit 1"; orders; "ordersid, billingcity, billingstate, billingcountry"; "$customer_id"; false
SELECT; "select value, class from orders_total where orders_id = (int) $order[orders_id]"; orders_total; "value, class"; ""orders_id", $order["orders_id"]"; true
SELECT; "select op.products_id, pd.products_name, op.final_price, op.products_quantity from orders_products op, products_description pd, languages l where op.orders_id = (int) $order[orders_id] and op.products_id = pd.products_id and l.code = tep_db_input(DEFAULT_LANGUAGE) and l.languages_id = pd.language_id"; languages; "opproductsid, pdproductsname, opfinalprice, opproductsquantity"; "$order["orders_id"]"; false
SELECT; "select cd.categories_name from categories_description cd, products_to_categories p2c, languages l where p2c.products_id = (int) $order_products[products_id] and p2c.categories_id = cd.categories_id and l.code = tep_db_input(DEFAULT_LANGUAGE) and l.languages_id = cd.language_id limit 1"; categories_description; "cdcategoriesname"; "$order_products["products_id"]"; false
INSERT; "insert into configuration (configuration_title, configuration_key, configuration_value, configuration_description, configuration_group_id, sort_order, set_function, date_added) values (Enable Google Analytics Module, MODULE_HEADER_TAGS_GOOGLE_ANALYTICS_STATUS, True, Do you want to add Google Analytics to your shop?, 6, 1, tep_cfg_select_option(array(True, False), , now())"; configuration; "configuration_title, configuration_key, configuration_value, configuration_description, configuration_group_id, sort_order, set_function, date_added"; ""; false
INSERT; "insert into configuration (configuration_title, configuration_key, configuration_value, configuration_description, configuration_group_id, sort_order, date_added) values (Google Analytics ID, MODULE_HEADER_TAGS_GOOGLE_ANALYTICS_ID, , The Google Analytics profile ID to track., 6, 0, now())"; configuration; "configuration_title, configuration_key, configuration_value, configuration_description, configuration_group_id, sort_order, date_added"; ""; false
INSERT; "insert into configuration (configuration_title, configuration_key, configuration_value, configuration_description, configuration_group_id, sort_order, set_function, date_added) values (E-Commerce Tracking, MODULE_HEADER_TAGS_GOOGLE_ANALYTICS_EC_TRACKING, True, Do you want to enable e-commerce tracking? (E-Commerce tracking must also be enabled in your Google Analytics profile settings), 6, 1, tep_cfg_select_option(array(True, False), , now())"; configuration; "configuration_title, configuration_key, configuration_value, configuration_description, configuration_group_id, sort_order, set_function, date_added"; ""; false
INSERT; "insert into configuration (configuration_title, configuration_key, configuration_value, configuration_description, configuration_group_id, sort_order, set_function, date_added) values (Javascript Placement, MODULE_HEADER_TAGS_GOOGLE_ANALYTICS_JS_PLACEMENT, Header, Should the Google Analytics javascript be loaded in the header or footer?, 6, 1, tep_cfg_select_option(array(Header, Footer), , now())"; configuration; "configuration_title, configuration_key, configuration_value, configuration_description, configuration_group_id, sort_order, set_function, date_added"; ""; false
INSERT; "insert into configuration (configuration_title, configuration_key, configuration_value, configuration_description, configuration_group_id, sort_order, date_added) values (Sort Order, MODULE_HEADER_TAGS_GOOGLE_ANALYTICS_SORT_ORDER, 0, Sort order of display. Lowest is displayed first., 6, 0, now())"; configuration; "configuration_title, configuration_key, configuration_value, configuration_description, configuration_group_id, sort_order, date_added"; ""; false
INSERT; "insert into configuration (configuration_title, configuration_key, configuration_value, configuration_description, configuration_group_id, sort_order, set_function, date_added) values (Enable MailChimp 360 Module, MODULE_HEADER_TAGS_MAILCHIMP_360_STATUS, True, Do you want to activate this module in your shop?, 6, 1, tep_cfg_select_option(array(True, False), , now())"; configuration; "configuration_title, configuration_key, configuration_value, configuration_description, configuration_group_id, sort_order, set_function, date_added"; ""; false
INSERT; "insert into configuration (configuration_title, configuration_key, configuration_value, configuration_description, configuration_group_id, sort_order, date_added) values (API Key, MODULE_HEADER_TAGS_MAILCHIMP_360_API_KEY, , An API Key assigned to your MailChimp account, 6, 0, now())"; configuration; "configuration_title, configuration_key, configuration_value, configuration_description, configuration_group_id, sort_order, date_added"; ""; false
INSERT; "insert into configuration (configuration_title, configuration_key, configuration_value, configuration_description, configuration_group_id, sort_order, date_added) values (Debug E-Mail, MODULE_HEADER_TAGS_MAILCHIMP_360_DEBUG_EMAIL, , If an e-mail address is entered, debug data will be sent to it, 6, 0, now())"; configuration; "configuration_title, configuration_key, configuration_value, configuration_description, configuration_group_id, sort_order, date_added"; ""; false
INSERT; "insert into configuration (configuration_title, configuration_key, configuration_value, configuration_description, configuration_group_id, sort_order, date_added) values (Sort Order, MODULE_HEADER_TAGS_MAILCHIMP_360_SORT_ORDER, 0, Sort order of display. Lowest is displayed first., 6, 0, now())"; configuration; "configuration_title, configuration_key, configuration_value, configuration_description, configuration_group_id, sort_order, date_added"; ""; false
INSERT; "insert into configuration (configuration_title, configuration_key, configuration_value, configuration_description, configuration_group_id, sort_order, date_added) values (MailChimp Store ID, MODULE_HEADER_TAGS_MAILCHIMP_360_STORE_ID, , Do not edit. Store ID value., 6, 0, now())"; configuration; "configuration_title, configuration_key, configuration_value, configuration_description, configuration_group_id, sort_order, date_added"; ""; false
INSERT; "insert into configuration (configuration_title, configuration_key, configuration_value, configuration_description, configuration_group_id, sort_order, date_added) values (MailChimp Key Valid, MODULE_HEADER_TAGS_MAILCHIMP_360_KEY_VALID, , Do not edit. Key Value value., 6, 0, now())"; configuration; "configuration_title, configuration_key, configuration_value, configuration_description, configuration_group_id, sort_order, date_added"; ""; false
UPDATE; "update configuration set configuration_value = true where configuration_key = MODULE_HEADER_TAGS_MAILCHIMP_360_KEY_VALID"; configuration; "configuration_value"; ""; false
UPDATE; "update configuration set configuration_value = store_id where configuration_key = MODULE_HEADER_TAGS_MAILCHIMP_360_STORE_ID"; configuration; "configuration_value"; "store_id"; false
SELECT; "select orders_id from orders where customers_id = (int) $customer_id order by date_purchased desc limit 1"; orders; "ordersid"; "$customer_id"; true
SELECT; "select value, class from orders_total where orders_id = (int) $orders[orders_id]"; orders_total; "value, class"; ""orders_id", $orders["orders_id"]"; true
SELECT; "select products_id, products_model, products_name, products_tax, products_quantity, final_price from orders_products where orders_id = (int) $orders[orders_id]"; orders_products; "productsid, productsmodel, productsname, productstax, productsquantity, finalprice"; ""orders_id", $orders["orders_id"]"; false
SELECT; "select categories_id from products_to_categories where products_id = (int) $product[id] limit 1"; products_to_categories; "categoriesid"; "$product["id"]"; true
SELECT; "select c.categories_id, c.parent_id, cd.categories_name from categories c inner join categories_description cd on c.categories_id = cd.categories_id where c.categories_id = $cat_id"; categories; "ccategoriesid, cparentid, cdcategoriesname"; "$cat_id"; true
SELECT; "select manufacturers_name from manufacturers where manufacturers_id = (int) $HTTP_GET_VARS[manufacturers_id]"; manufacturers; "manufacturersname"; ""manufacturers_id""; false
INSERT; "insert into configuration (configuration_title, configuration_key, configuration_value, configuration_description, configuration_group_id, sort_order, set_function, date_added) values (Enable Manufacturer Title Module, MODULE_HEADER_TAGS_MANUFACTURER_TITLE_STATUS, True, Do you want to allow manufacturer titles to be added to the page title?, 6, 1, tep_cfg_select_option(array(True, False), , now())"; configuration; "configuration_title, configuration_key, configuration_value, configuration_description, configuration_group_id, sort_order, set_function, date_added"; ""; false
INSERT; "insert into configuration (configuration_title, configuration_key, configuration_value, configuration_description, configuration_group_id, sort_order, date_added) values (Sort Order, MODULE_HEADER_TAGS_MANUFACTURER_TITLE_SORT_ORDER, 0, Sort order of display. Lowest is displayed first., 6, 0, now())"; configuration; "configuration_title, configuration_key, configuration_value, configuration_description, configuration_group_id, sort_order, date_added"; ""; false
INSERT; "insert into configuration (configuration_title, configuration_key, configuration_value, configuration_description, configuration_group_id, sort_order, set_function, date_added) values (Enable OpenSearch Module, MODULE_HEADER_TAGS_OPENSEARCH_STATUS, True, Add shop search functionality to the browser?, 6, 1, tep_cfg_select_option(array(True, False), , now())"; configuration; "configuration_title, configuration_key, configuration_value, configuration_description, configuration_group_id, sort_order, set_function, date_added"; ""; false
INSERT; "insert into configuration (configuration_title, configuration_key, configuration_value, configuration_description, configuration_group_id, sort_order, date_added) values (Short Name, MODULE_HEADER_TAGS_OPENSEARCH_SITE_SHORT_NAME, tep_db_input(STORE_NAME) , Short name to describe the search engine., 6, 0, now())"; configuration; "configuration_title, configuration_key, configuration_value, configuration_description, configuration_group_id, sort_order, date_added"; "tep_db_input(STORE_NAME)"; false
INSERT; "insert into configuration (configuration_title, configuration_key, configuration_value, configuration_description, configuration_group_id, sort_order, date_added) values (Description, MODULE_HEADER_TAGS_OPENSEARCH_SITE_DESCRIPTION, Search tep_db_input(STORE_NAME) , Description of the search engine., 6, 0, now())"; configuration; "configuration_title, configuration_key, configuration_value, configuration_description, configuration_group_id, sort_order, date_added"; "tep_db_input(STORE_NAME)"; false
INSERT; "insert into configuration (configuration_title, configuration_key, configuration_value, configuration_description, configuration_group_id, sort_order, date_added) values (Contact, MODULE_HEADER_TAGS_OPENSEARCH_SITE_CONTACT, tep_db_input(STORE_OWNER_EMAIL_ADDRESS) , E-Mail address of the search engine maintainer. (optional), 6, 0, now())"; configuration; "configuration_title, configuration_key, configuration_value, configuration_description, configuration_group_id, sort_order, date_added"; "tep_db_input(STORE_OWNER_EMAIL_ADDRESS)"; false
INSERT; "insert into configuration (configuration_title, configuration_key, configuration_value, configuration_description, configuration_group_id, sort_order, date_added) values (Tags, MODULE_HEADER_TAGS_OPENSEARCH_SITE_TAGS, , Keywords to identify and categorize the search content, separated by an empty space. (optional), 6, 0, now())"; configuration; "configuration_title, configuration_key, configuration_value, configuration_description, configuration_group_id, sort_order, date_added"; ""; false
INSERT; "insert into configuration (configuration_title, configuration_key, configuration_value, configuration_description, configuration_group_id, sort_order, date_added) values (Attribution, MODULE_HEADER_TAGS_OPENSEARCH_SITE_ATTRIBUTION, Copyright (c) tep_db_input(STORE_NAME) , Attribution for the search content. (optional), 6, 0, now())"; configuration; "configuration_title, configuration_key, configuration_value, configuration_description, configuration_group_id, sort_order, date_added"; "tep_db_input(STORE_NAME)"; false
INSERT; "insert into configuration (configuration_title, configuration_key, configuration_value, configuration_description, configuration_group_id, sort_order, set_function, date_added) values (Adult Content, MODULE_HEADER_TAGS_OPENSEARCH_SITE_ADULT_CONTENT, False, Search content contains material suitable only for adults., 6, 0, tep_cfg_select_option(array(True, False), , now())"; configuration; "configuration_title, configuration_key, configuration_value, configuration_description, configuration_group_id, sort_order, set_function, date_added"; ""; false
INSERT; "insert into configuration (configuration_title, configuration_key, configuration_value, configuration_description, configuration_group_id, sort_order, date_added) values (16x16 Icon, MODULE_HEADER_TAGS_OPENSEARCH_SITE_ICON, /catalog/ favicon.ico, A 16x16 sized icon (must be in .ico format, eg http://server/favicon.ico). (optional), 6, 0, now())"; configuration; "configuration_title, configuration_key, configuration_value, configuration_description, configuration_group_id, sort_order, date_added"; ""/catalog/""; false
INSERT; "insert into configuration (configuration_title, configuration_key, configuration_value, configuration_description, configuration_group_id, sort_order, date_added) values (64x64 Image, MODULE_HEADER_TAGS_OPENSEARCH_SITE_IMAGE, , A 64x64 sized image (must be in .png format, eg http://server/images/logo.png). (optional), 6, 0, now())"; configuration; "configuration_title, configuration_key, configuration_value, configuration_description, configuration_group_id, sort_order, date_added"; ""; false
INSERT; "insert into configuration (configuration_title, configuration_key, configuration_value, configuration_description, configuration_group_id, sort_order, date_added) values (Sort Order, MODULE_HEADER_TAGS_OPENSEARCH_SORT_ORDER, 0, Sort order of display. Lowest is displayed first., 6, 0, now())"; configuration; "configuration_title, configuration_key, configuration_value, configuration_description, configuration_group_id, sort_order, date_added"; ""; false
SELECT; "select pd.products_name from products p, products_description pd where p.products_status = 1 and p.products_id = (int) $HTTP_GET_VARS[products_id] and pd.products_id = p.products_id and pd.language_id = (int) $languages_id"; products; "pdproductsname"; "$languages_id"; true
INSERT; "insert into configuration (configuration_title, configuration_key, configuration_value, configuration_description, configuration_group_id, sort_order, set_function, date_added) values (Enable Product Title Module, MODULE_HEADER_TAGS_PRODUCT_TITLE_STATUS, True, Do you want to allow product titles to be added to the page title?, 6, 1, tep_cfg_select_option(array(True, False), , now())"; configuration; "configuration_title, configuration_key, configuration_value, configuration_description, configuration_group_id, sort_order, set_function, date_added"; ""; false
INSERT; "insert into configuration (configuration_title, configuration_key, configuration_value, configuration_description, configuration_group_id, sort_order, date_added) values (Sort Order, MODULE_HEADER_TAGS_PRODUCT_TITLE_SORT_ORDER, 0, Sort order of display. Lowest is displayed first., 6, 0, now())"; configuration; "configuration_title, configuration_key, configuration_value, configuration_description, configuration_group_id, sort_order, date_added"; ""; false
INSERT; "insert into configuration (configuration_title, configuration_key, configuration_value, configuration_description, configuration_group_id, sort_order, set_function, date_added) values (Enable Robot NoIndex Module, MODULE_HEADER_TAGS_ROBOT_NOINDEX_STATUS, True, Do you want to enable the Robot NoIndex module?, 6, 1, tep_cfg_select_option(array(True, False), , now())"; configuration; "configuration_title, configuration_key, configuration_value, configuration_description, configuration_group_id, sort_order, set_function, date_added"; ""; false
INSERT; "insert into configuration (configuration_title, configuration_key, configuration_value, configuration_description, configuration_group_id, sort_order, use_function, set_function, date_added) values (Pages, MODULE_HEADER_TAGS_ROBOT_NOINDEX_PAGES, implode(;, $this->get_default_pages()) , The pages to add the meta robot noindex tag to., 6, 0, ht_robot_noindex_show_pages, ht_robot_noindex_edit_pages(, now())"; configuration; "configuration_title, configuration_key, configuration_value, configuration_description, configuration_group_id, sort_order, use_function, set_function, date_added"; ""; false
INSERT; "insert into configuration (configuration_title, configuration_key, configuration_value, configuration_description, configuration_group_id, sort_order, date_added) values (Sort Order, MODULE_HEADER_TAGS_ROBOT_NOINDEX_SORT_ORDER, 0, Sort order of display. Lowest is displayed first., 6, 0, now())"; configuration; "configuration_title, configuration_key, configuration_value, configuration_description, configuration_group_id, sort_order, date_added"; ""; false
SELECT; "select p.products_id, pd.products_name, pd.products_description, p.products_image, p.products_price, p.products_quantity, p.products_tax_class_id, p.products_date_available from products p, products_description pd where p.products_id = (int) $HTTP_GET_VARS[products_id] and p.products_status = 1 and p.products_id = pd.products_id and pd.language_id = (int) $languages_id"; products; "pproductsid, pdproductsname, pdproductsdescription, pproductsimage, pproductsprice, pproductsquantity, pproductstaxclassid, pproductsdateavailable"; "$languages_id"; false
SELECT; "select image from products_images where products_id = (int) $product_info[products_id] order by sort_order limit 1"; products_images; "image"; ""products_id", $product_info["products_id"]"; false
INSERT; "insert into configuration (configuration_title, configuration_key, configuration_value, configuration_description, configuration_group_id, sort_order, set_function, date_added) values (Enable Twitter Product Card Module, MODULE_HEADER_TAGS_TWITTER_PRODUCT_CARD_STATUS, True, Do you want to allow Twitter Product Card tags to be added to your product information pages? Note that your product images MUST be at least 160px by 160px., 6, 1, tep_cfg_select_option(array(True, False), , now())"; configuration; "configuration_title, configuration_key, configuration_value, configuration_description, configuration_group_id, sort_order, set_function, date_added"; ""; false
INSERT; "insert into configuration (configuration_title, configuration_key, configuration_value, configuration_description, configuration_group_id, sort_order, date_added) values (Twitter Author @username, MODULE_HEADER_TAGS_TWITTER_PRODUCT_CARD_USER_ID, , Your @username at Twitter, 6, 0, now())"; configuration; "configuration_title, configuration_key, configuration_value, configuration_description, configuration_group_id, sort_order, date_added"; ""; false
INSERT; "insert into configuration (configuration_title, configuration_key, configuration_value, configuration_description, configuration_group_id, sort_order, date_added) values (Twitter Shop @username, MODULE_HEADER_TAGS_TWITTER_PRODUCT_CARD_SITE_ID, , Your shops @username at Twitter (or leave blank if it is the same as your @username above)., 6, 0, now())"; configuration; "configuration_title, configuration_key, configuration_value, configuration_description, configuration_group_id, sort_order, date_added"; ""; false
INSERT; "insert into configuration (configuration_title, configuration_key, configuration_value, configuration_description, configuration_group_id, sort_order, date_added) values (Sort Order, MODULE_HEADER_TAGS_TWITTER_PRODUCT_CARD_SORT_ORDER, 0, Sort order of display. Lowest is displayed first., 6, 0, now())"; configuration; "configuration_title, configuration_key, configuration_value, configuration_description, configuration_group_id, sort_order, date_added"; ""; false
SELECT; "select p.products_id, p.products_image, p.products_tax_class_id, pd.products_name, if(s.status, s.specials_new_products_price, p.products_price) as products_price from products p left join specials s on p.products_id = s.products_id, products_description pd where p.products_status = 1 and p.products_id = pd.products_id and pd.language_id = (int) $languages_id order by p.products_date_added desc limit MAX_DISPLAY_NEW_PRODUCTS"; specials; "pproductsid, pproductsimage, pproductstaxclassid, pdproductsname, sstatus, sspecialsnewproductsprice, pproductsprice"; "$languages_id"; true
SELECT; "select distinct p.products_id, p.products_image, p.products_tax_class_id, pd.products_name, if(s.status, s.specials_new_products_price, p.products_price) as products_price from products p left join specials s on p.products_id = s.products_id, products_description pd, products_to_categories p2c, categories c where p.products_id = p2c.products_id and p2c.categories_id = c.categories_id and c.parent_id = (int) $new_products_category_id and p.products_status = 1 and p.products_id = pd.products_id and pd.language_id = (int) $languages_id order by p.products_date_added desc limit MAX_DISPLAY_NEW_PRODUCTS"; specials; "distinct, pproductsid, pproductsimage, pproductstaxclassid, pdproductsname, sstatus, sspecialsnewproductsprice, pproductsprice"; "(int) $new_products_category_id, $languages_id"; true
SELECT; "select configuration_value from configuration where configuration_key = MODULE_ORDER_TOTAL_LOWORDERFEE_STATUS"; configuration; "configurationvalue"; ""; false
INSERT; "insert into configuration (configuration_title, configuration_key, configuration_value, configuration_description, configuration_group_id, sort_order, set_function, date_added) values (Display Low Order Fee, MODULE_ORDER_TOTAL_LOWORDERFEE_STATUS, true, Do you want to display the low order fee?, 6, 1, tep_cfg_select_option(array(true, false), , now())"; configuration; "configuration_title, configuration_key, configuration_value, configuration_description, configuration_group_id, sort_order, set_function, date_added"; ""; false
INSERT; "insert into configuration (configuration_title, configuration_key, configuration_value, configuration_description, configuration_group_id, sort_order, date_added) values (Sort Order, MODULE_ORDER_TOTAL_LOWORDERFEE_SORT_ORDER, 4, Sort order of display., 6, 2, now())"; configuration; "configuration_title, configuration_key, configuration_value, configuration_description, configuration_group_id, sort_order, date_added"; ""; false
INSERT; "insert into configuration (configuration_title, configuration_key, configuration_value, configuration_description, configuration_group_id, sort_order, set_function, date_added) values (Allow Low Order Fee, MODULE_ORDER_TOTAL_LOWORDERFEE_LOW_ORDER_FEE, false, Do you want to allow low order fees?, 6, 3, tep_cfg_select_option(array(true, false), , now())"; configuration; "configuration_title, configuration_key, configuration_value, configuration_description, configuration_group_id, sort_order, set_function, date_added"; ""; false
INSERT; "insert into configuration (configuration_title, configuration_key, configuration_value, configuration_description, configuration_group_id, sort_order, use_function, date_added) values (Order Fee For Orders Under, MODULE_ORDER_TOTAL_LOWORDERFEE_ORDER_UNDER, 50, Add the low order fee to orders under this amount., 6, 4, currencies->format, now())"; configuration; "configuration_title, configuration_key, configuration_value, configuration_description, configuration_group_id, sort_order, use_function, date_added"; ""; false
INSERT; "insert into configuration (configuration_title, configuration_key, configuration_value, configuration_description, configuration_group_id, sort_order, use_function, date_added) values (Order Fee, MODULE_ORDER_TOTAL_LOWORDERFEE_FEE, 5, Low order fee., 6, 5, currencies->format, now())"; configuration; "configuration_title, configuration_key, configuration_value, configuration_description, configuration_group_id, sort_order, use_function, date_added"; ""; false
INSERT; "insert into configuration (configuration_title, configuration_key, configuration_value, configuration_description, configuration_group_id, sort_order, set_function, date_added) values (Attach Low Order Fee On Orders Made, MODULE_ORDER_TOTAL_LOWORDERFEE_DESTINATION, both, Attach low order fee for orders sent to the set destination., 6, 6, tep_cfg_select_option(array(national, international, both), , now())"; configuration; "configuration_title, configuration_key, configuration_value, configuration_description, configuration_group_id, sort_order, set_function, date_added"; ""; false
INSERT; "insert into configuration (configuration_title, configuration_key, configuration_value, configuration_description, configuration_group_id, sort_order, use_function, set_function, date_added) values (Tax Class, MODULE_ORDER_TOTAL_LOWORDERFEE_TAX_CLASS, 0, Use the following tax class on the low order fee., 6, 7, tep_get_tax_class_title, tep_cfg_pull_down_tax_classes(, now())"; configuration; "configuration_title, configuration_key, configuration_value, configuration_description, configuration_group_id, sort_order, use_function, set_function, date_added"; ""; false
SELECT; "select configuration_value from configuration where configuration_key = MODULE_ORDER_TOTAL_SHIPPING_STATUS"; configuration; "configurationvalue"; ""; false
INSERT; "insert into configuration (configuration_title, configuration_key, configuration_value, configuration_description, configuration_group_id, sort_order, set_function, date_added) values (Display Shipping, MODULE_ORDER_TOTAL_SHIPPING_STATUS, true, Do you want to display the order shipping cost?, 6, 1, tep_cfg_select_option(array(true, false), , now())"; configuration; "configuration_title, configuration_key, configuration_value, configuration_description, configuration_group_id, sort_order, set_function, date_added"; ""; false
INSERT; "insert into configuration (configuration_title, configuration_key, configuration_value, configuration_description, configuration_group_id, sort_order, date_added) values (Sort Order, MODULE_ORDER_TOTAL_SHIPPING_SORT_ORDER, 2, Sort order of display., 6, 2, now())"; configuration; "configuration_title, configuration_key, configuration_value, configuration_description, configuration_group_id, sort_order, date_added"; ""; false
INSERT; "insert into configuration (configuration_title, configuration_key, configuration_value, configuration_description, configuration_group_id, sort_order, set_function, date_added) values (Allow Free Shipping, MODULE_ORDER_TOTAL_SHIPPING_FREE_SHIPPING, false, Do you want to allow free shipping?, 6, 3, tep_cfg_select_option(array(true, false), , now())"; configuration; "configuration_title, configuration_key, configuration_value, configuration_description, configuration_group_id, sort_order, set_function, date_added"; ""; false
INSERT; "insert into configuration (configuration_title, configuration_key, configuration_value, configuration_description, configuration_group_id, sort_order, use_function, date_added) values (Free Shipping For Orders Over, MODULE_ORDER_TOTAL_SHIPPING_FREE_SHIPPING_OVER, 50, Provide free shipping for orders over the set amount., 6, 4, currencies->format, now())"; configuration; "configuration_title, configuration_key, configuration_value, configuration_description, configuration_group_id, sort_order, use_function, date_added"; ""; false
INSERT; "insert into configuration (configuration_title, configuration_key, configuration_value, configuration_description, configuration_group_id, sort_order, set_function, date_added) values (Provide Free Shipping For Orders Made, MODULE_ORDER_TOTAL_SHIPPING_DESTINATION, national, Provide free shipping for orders sent to the set destination., 6, 5, tep_cfg_select_option(array(national, international, both), , now())"; configuration; "configuration_title, configuration_key, configuration_value, configuration_description, configuration_group_id, sort_order, set_function, date_added"; ""; false
SELECT; "select configuration_value from configuration where configuration_key = MODULE_ORDER_TOTAL_SUBTOTAL_STATUS"; configuration; "configurationvalue"; ""; false
INSERT; "insert into configuration (configuration_title, configuration_key, configuration_value, configuration_description, configuration_group_id, sort_order, set_function, date_added) values (Display Sub-Total, MODULE_ORDER_TOTAL_SUBTOTAL_STATUS, true, Do you want to display the order sub-total cost?, 6, 1, tep_cfg_select_option(array(true, false), , now())"; configuration; "configuration_title, configuration_key, configuration_value, configuration_description, configuration_group_id, sort_order, set_function, date_added"; ""; false
INSERT; "insert into configuration (configuration_title, configuration_key, configuration_value, configuration_description, configuration_group_id, sort_order, date_added) values (Sort Order, MODULE_ORDER_TOTAL_SUBTOTAL_SORT_ORDER, 1, Sort order of display., 6, 2, now())"; configuration; "configuration_title, configuration_key, configuration_value, configuration_description, configuration_group_id, sort_order, date_added"; ""; false
SELECT; "select configuration_value from configuration where configuration_key = MODULE_ORDER_TOTAL_TAX_STATUS"; configuration; "configurationvalue"; ""; false
INSERT; "insert into configuration (configuration_title, configuration_key, configuration_value, configuration_description, configuration_group_id, sort_order, set_function, date_added) values (Display Tax, MODULE_ORDER_TOTAL_TAX_STATUS, true, Do you want to display the order tax value?, 6, 1, tep_cfg_select_option(array(true, false), , now())"; configuration; "configuration_title, configuration_key, configuration_value, configuration_description, configuration_group_id, sort_order, set_function, date_added"; ""; false
INSERT; "insert into configuration (configuration_title, configuration_key, configuration_value, configuration_description, configuration_group_id, sort_order, date_added) values (Sort Order, MODULE_ORDER_TOTAL_TAX_SORT_ORDER, 3, Sort order of display., 6, 2, now())"; configuration; "configuration_title, configuration_key, configuration_value, configuration_description, configuration_group_id, sort_order, date_added"; ""; false
SELECT; "select configuration_value from configuration where configuration_key = MODULE_ORDER_TOTAL_TOTAL_STATUS"; configuration; "configurationvalue"; ""; false
INSERT; "insert into configuration (configuration_title, configuration_key, configuration_value, configuration_description, configuration_group_id, sort_order, set_function, date_added) values (Display Total, MODULE_ORDER_TOTAL_TOTAL_STATUS, true, Do you want to display the total order value?, 6, 1, tep_cfg_select_option(array(true, false), , now())"; configuration; "configuration_title, configuration_key, configuration_value, configuration_description, configuration_group_id, sort_order, set_function, date_added"; ""; false
INSERT; "insert into configuration (configuration_title, configuration_key, configuration_value, configuration_description, configuration_group_id, sort_order, date_added) values (Sort Order, MODULE_ORDER_TOTAL_TOTAL_SORT_ORDER, 4, Sort order of display., 6, 2, now())"; configuration; "configuration_title, configuration_key, configuration_value, configuration_description, configuration_group_id, sort_order, date_added"; ""; false
SELECT; "select zone_id from zones_to_geo_zones where geo_zone_id = MODULE_PAYMENT_AUTHORIZENET_CC_AIM_ZONE and zone_country_id = $order->billing[country][id] order by zone_id"; zones_to_geo_zones; "zoneid"; "$order->billing["country"]["id"], $order"; true
SELECT; "select configuration_value from configuration where configuration_key = MODULE_PAYMENT_AUTHORIZENET_CC_AIM_STATUS"; configuration; "configurationvalue"; ""; false
SELECT; "select orders_status_id from orders_status where orders_status_name = Authorize.net [Transactions] limit 1"; orders_status; "ordersstatusid"; ""; true
SELECT; "select max(orders_status_id) as status_id from orders_status"; orders_status; "ordersstatusid"; ""; true
INSERT; "insert into orders_status (orders_status_id, language_id, orders_status_name) values ( $status_id , $lang[id] , Authorize.net [Transactions])"; orders_status; "orders_status_id, language_id, orders_status_name"; "$status_id, $lang["id"]"; false
UPDATE; "update orders_status set public_flag = 0 and downloads_flag = 0 where orders_status_id = $status_id"; orders_status; "public_flag, downloads_flag"; ""; false
SELECT; "select zone_id from zones_to_geo_zones where geo_zone_id = MODULE_PAYMENT_AUTHORIZENET_CC_DPM_ZONE and zone_country_id = $order->billing[country][id] order by zone_id"; zones_to_geo_zones; "zoneid"; "$order->billing["country"]["id"], $order"; true
SELECT; "select configuration_value from configuration where configuration_key = MODULE_PAYMENT_AUTHORIZENET_CC_DPM_STATUS"; configuration; "configurationvalue"; ""; false
SELECT; "select orders_status_id from orders_status where orders_status_name = Authorize.net [Transactions] limit 1"; orders_status; "ordersstatusid"; ""; true
SELECT; "select max(orders_status_id) as status_id from orders_status"; orders_status; "ordersstatusid"; ""; true
INSERT; "insert into orders_status (orders_status_id, language_id, orders_status_name) values ( $status_id , $lang[id] , Authorize.net [Transactions])"; orders_status; "orders_status_id, language_id, orders_status_name"; "$status_id, $lang["id"]"; false
UPDATE; "update orders_status set public_flag = 0 and downloads_flag = 0 where orders_status_id = $status_id"; orders_status; "public_flag, downloads_flag"; ""; false
SELECT; "select zone_id from zones_to_geo_zones where geo_zone_id = MODULE_PAYMENT_AUTHORIZENET_CC_SIM_ZONE and zone_country_id = $order->billing[country][id] order by zone_id"; zones_to_geo_zones; "zoneid"; "$order->billing["country"]["id"], $order"; true
SELECT; "select configuration_value from configuration where configuration_key = MODULE_PAYMENT_AUTHORIZENET_CC_SIM_STATUS"; configuration; "configurationvalue"; ""; false
SELECT; "select orders_status_id from orders_status where orders_status_name = Authorize.net [Transactions] limit 1"; orders_status; "ordersstatusid"; ""; true
SELECT; "select max(orders_status_id) as status_id from orders_status"; orders_status; "ordersstatusid"; ""; true
INSERT; "insert into orders_status (orders_status_id, language_id, orders_status_name) values ( $status_id , $lang[id] , Authorize.net [Transactions])"; orders_status; "orders_status_id, language_id, orders_status_name"; "$status_id, $lang["id"]"; false
UPDATE; "update orders_status set public_flag = 0 and downloads_flag = 0 where orders_status_id = $status_id"; orders_status; "public_flag, downloads_flag"; ""; false
SELECT; "select zone_id from zones_to_geo_zones where geo_zone_id = MODULE_PAYMENT_BRAINTREE_CC_ZONE and zone_country_id = $order->delivery[country][id] order by zone_id"; zones_to_geo_zones; "zoneid"; "$order->delivery["country"]["id"], $order"; true
SELECT; "select id, card_type, number_filtered, expiry_date from customers_braintree_tokens where customers_id = (int) $customer_id order by date_added"; customers_basket; "id, cardtype, numberfiltered, expirydate"; "$customer_id"; true
SELECT; "select braintree_token from customers_braintree_tokens where id = (int) $HTTP_POST_VARS[braintree_card] and customers_id = (int) $customer_id"; customers_basket; "braintreetoken"; "$customer_id"; true
SELECT; "select id from customers_braintree_tokens where customers_id = (int) $customer_id and braintree_token = tep_db_input($token) limit 1"; customers_basket; "id"; "$customer_id, tep_db_input($token)"; true
SELECT; "select configuration_value from configuration where configuration_key = MODULE_PAYMENT_BRAINTREE_CC_STATUS"; configuration; "configurationvalue"; ""; false
SELECT; "select orders_status_id from orders_status where orders_status_name = Braintree [Transactions] limit 1"; orders_status; "ordersstatusid"; ""; true
SELECT; "select max(orders_status_id) as status_id from orders_status"; orders_status; "ordersstatusid"; ""; true
INSERT; "insert into orders_status (orders_status_id, language_id, orders_status_name) values ( $status_id , $lang[id] , Braintree [Transactions])"; orders_status; "orders_status_id, language_id, orders_status_name"; "$status_id, $lang["id"]"; false
UPDATE; "update orders_status set public_flag = 0 and downloads_flag = 0 where orders_status_id = $status_id"; orders_status; "public_flag, downloads_flag"; ""; false
SELECT; "select zone_id from zones_to_geo_zones where geo_zone_id = MODULE_PAYMENT_CHRONOPAY_ZONE and zone_country_id = $order->billing[country][id] order by zone_id"; zones_to_geo_zones; "zoneid"; "$order->billing["country"]["id"], $order"; true
SELECT; "select orders_id from orders_status_history where orders_id = (int) $order_id limit 1"; orders_status_history; "ordersid"; "$order_id"; true
SELECT; "select currency from orders where orders_id = (int) $order_id"; orders; "currency"; "$order_id"; false
SELECT; "select orders_id from orders_status_history where orders_id = (int) $order_id limit 1"; orders_status_history; "ordersid"; "$order_id"; true
SELECT; "select popt.products_options_name, poval.products_options_values_name, pa.options_values_price, pa.price_prefix, pad.products_attributes_maxdays, pad.products_attributes_maxcount , pad.products_attributes_filename from products_options popt, products_options_values poval, products_attributes pa left join products_attributes_download pad on pa.products_attributes_id=pad.products_attributes_id where pa.products_id = $order->products[$i][id] and pa.options_id = $order->products[$i][attributes][$j][option_id] and pa.options_id = popt.products_options_id and pa.options_values_id = $order->products[$i][attributes][$j][value_id] and pa.options_values_id = poval.products_options_values_id and popt.language_id = $languages_id and poval.language_id = $languages_id"; products_options_values; "poptproductsoptionsname, povalproductsoptionsvaluesname, paoptionsvaluesprice, papriceprefix, padproductsattributesmaxdays, padproductsattributesmaxcount, , padproductsattributesfilename"; "$order->products[$i]["id"], $order->products[$i]["attributes"][$j]["option_id"], $languages_id"; false
SELECT; "select popt.products_options_name, poval.products_options_values_name, pa.options_values_price, pa.price_prefix from products_options popt, products_options_values poval, products_attributes pa where pa.products_id = $order->products[$i][id] and pa.options_id = $order->products[$i][attributes][$j][option_id] and pa.options_id = popt.products_options_id and pa.options_values_id = $order->products[$i][attributes][$j][value_id] and pa.options_values_id = poval.products_options_values_id and popt.language_id = $languages_id and poval.language_id = $languages_id"; products_options_values; "poptproductsoptionsname, povalproductsoptionsvaluesname, paoptionsvaluesprice, papriceprefix"; "$order->products[$i]["id"], $order->products[$i]["attributes"][$j]["option_id"], $languages_id"; false
SELECT; "select zone_code from zones where zone_id = (int) $order->billing[zone_id]"; zones; "zonecode"; "$order->billing["zone_id"]"; false
SELECT; "select code from languages where languages_id = (int) $languages_id"; languages; "code"; "$languages_id"; false
SELECT; "select orders_status from orders where orders_id = (int) $order_id"; orders; "ordersstatus"; "$order_id"; true
UPDATE; "update orders set orders_status = MODULE_PAYMENT_CHRONOPAY_ORDER_STATUS_ID > 0 ? (int) MODULE_PAYMENT_CHRONOPAY_ORDER_STATUS_ID : (int) DEFAULT_ORDERS_STATUS_ID , last_modified = now() where orders_id = (int) $order_id"; orders; "orders_status, last_modified"; "MODULE_PAYMENT_CHRONOPAY_ORDER_STATUS_ID > 0, 0, DEFAULT_ORDERS_STATUS_ID"; true
SELECT; "SELECT products_quantity, pad.products_attributes_filename FROM products p LEFT JOIN products_attributes pa ON p.products_id=pa.products_id LEFT JOIN products_attributes_download pad ON pa.products_attributes_id=pad.products_attributes_id WHERE p.products_id = tep_get_prid($order->products[$i][id])"; products; "productsquantity, padproductsattributesfilename"; "tep_get_prid($order->products[$i]["id"])"; true
SELECT; "select products_quantity from products where products_id = tep_get_prid($order->products[$i][id])"; products; "productsquantity"; "tep_get_prid($order->products[$i]["id"])"; true
UPDATE; "update products set products_quantity = $stock_left where products_id = tep_get_prid($order->products[$i][id])"; products; "products_quantity"; "$stock_left"; true
UPDATE; "update products set products_status = 0 where products_id = tep_get_prid($order->products[$i][id])"; products; "products_status"; ""; true
UPDATE; "update products set products_ordered = products_ordered + sprintf(%d, $order->products[$i][qty]) where products_id = tep_get_prid($order->products[$i][id])"; products; "products_ordered"; "$order->products[$i]["qty"]"; true
SELECT; "select popt.products_options_name, poval.products_options_values_name, pa.options_values_price, pa.price_prefix, pad.products_attributes_maxdays, pad.products_attributes_maxcount , pad.products_attributes_filename from products_options popt, products_options_values poval, products_attributes pa left join products_attributes_download pad on pa.products_attributes_id=pad.products_attributes_id where pa.products_id = $order->products[$i][id] and pa.options_id = $order->products[$i][attributes][$j][option_id] and pa.options_id = popt.products_options_id and pa.options_values_id = $order->products[$i][attributes][$j][value_id] and pa.options_values_id = poval.products_options_values_id and popt.language_id = $languages_id and poval.language_id = $languages_id"; products_options_values; "poptproductsoptionsname, povalproductsoptionsvaluesname, paoptionsvaluesprice, papriceprefix, padproductsattributesmaxdays, padproductsattributesmaxcount, , padproductsattributesfilename"; "$order->products[$i]["id"], $order->products[$i]["attributes"][$j]["option_id"], $languages_id"; false
SELECT; "select popt.products_options_name, poval.products_options_values_name, pa.options_values_price, pa.price_prefix from products_options popt, products_options_values poval, products_attributes pa where pa.products_id = $order->products[$i][id] and pa.options_id = $order->products[$i][attributes][$j][option_id] and pa.options_id = popt.products_options_id and pa.options_values_id = $order->products[$i][attributes][$j][value_id] and pa.options_values_id = poval.products_options_values_id and popt.language_id = $languages_id and poval.language_id = $languages_id"; products_options_values; "poptproductsoptionsname, povalproductsoptionsvaluesname, paoptionsvaluesprice, papriceprefix"; "$order->products[$i]["id"], $order->products[$i]["attributes"][$j]["option_id"], $languages_id"; false
SELECT; "select configuration_value from configuration where configuration_key = MODULE_PAYMENT_CHRONOPAY_STATUS"; configuration; "configurationvalue"; ""; false
SELECT; "select orders_status_id from orders_status where orders_status_name = Preparing [ChronoPay] limit 1"; orders_status; "ordersstatusid"; ""; true
SELECT; "select max(orders_status_id) as status_id from orders_status"; orders_status; "ordersstatusid"; ""; true
INSERT; "insert into orders_status (orders_status_id, language_id, orders_status_name) values ( $status_id , $languages[$i][id] , Preparing [ChronoPay])"; orders_status; "orders_status_id, language_id, orders_status_name"; "$status_id, $languages[$i]["id"]"; false
UPDATE; "update orders_status set public_flag = 0 and downloads_flag = 0 where orders_status_id = $status_id"; orders_status; "public_flag, downloads_flag"; ""; false
INSERT; "insert into configuration (configuration_title, configuration_key, configuration_value, configuration_description, configuration_group_id, sort_order, set_function, date_added) values (Enable ChronoPay, MODULE_PAYMENT_CHRONOPAY_STATUS, False, Do you want to accept ChronoPay payments?, 6, 3, tep_cfg_select_option(array(True, False), , now())"; configuration; "configuration_title, configuration_key, configuration_value, configuration_description, configuration_group_id, sort_order, set_function, date_added"; ""; false
INSERT; "insert into configuration (configuration_title, configuration_key, configuration_value, configuration_description, configuration_group_id, sort_order, date_added) values (ChronoPay Product ID, MODULE_PAYMENT_CHRONOPAY_PRODUCT_ID, , The product ID to assign transactions to., 6, 4, now())"; configuration; "configuration_title, configuration_key, configuration_value, configuration_description, configuration_group_id, sort_order, date_added"; ""; false
INSERT; "insert into configuration (configuration_title, configuration_key, configuration_value, configuration_description, configuration_group_id, sort_order, date_added) values (MD5 Hash Signature, MODULE_PAYMENT_CHRONOPAY_MD5_HASH, , Use this value to verify transactions with., 6, 4, now())"; configuration; "configuration_title, configuration_key, configuration_value, configuration_description, configuration_group_id, sort_order, date_added"; ""; false
INSERT; "insert into configuration (configuration_title, configuration_key, configuration_value, configuration_description, configuration_group_id, sort_order, use_function, set_function, date_added) values (Payment Zone, MODULE_PAYMENT_CHRONOPAY_ZONE, 0, If a zone is selected, only enable this payment method for that zone., 6, 2, tep_get_zone_class_title, tep_cfg_pull_down_zone_classes(, now())"; configuration; "configuration_title, configuration_key, configuration_value, configuration_description, configuration_group_id, sort_order, use_function, set_function, date_added"; ""; false
INSERT; "insert into configuration (configuration_title, configuration_key, configuration_value, configuration_description, configuration_group_id, sort_order, set_function, use_function, date_added) values (Set Preparing Order Status, MODULE_PAYMENT_CHRONOPAY_PREPARE_ORDER_STATUS_ID, $status_id , Set the status of prepared orders made with this payment module to this value, 6, 0, tep_cfg_pull_down_order_statuses(, tep_get_order_status_name, now())"; configuration; "configuration_title, configuration_key, configuration_value, configuration_description, configuration_group_id, sort_order, set_function, use_function, date_added"; "$status_id"; false
INSERT; "insert into configuration (configuration_title, configuration_key, configuration_value, configuration_description, configuration_group_id, sort_order, set_function, use_function, date_added) values (Set ChronoPay Acknowledged Order Status, MODULE_PAYMENT_CHRONOPAY_ORDER_STATUS_ID, 0, Set the status of orders made with this payment module to this value, 6, 0, tep_cfg_pull_down_order_statuses(, tep_get_order_status_name, now())"; configuration; "configuration_title, configuration_key, configuration_value, configuration_description, configuration_group_id, sort_order, set_function, use_function, date_added"; ""; false
INSERT; "insert into configuration (configuration_title, configuration_key, configuration_value, configuration_description, configuration_group_id, sort_order, date_added) values (Sort order of display., MODULE_PAYMENT_CHRONOPAY_SORT_ORDER, 0, Sort order of display. Lowest is displayed first., 6, 0, now())"; configuration; "configuration_title, configuration_key, configuration_value, configuration_description, configuration_group_id, sort_order, date_added"; ""; false
SELECT; "select zone_id from zones_to_geo_zones where geo_zone_id = MODULE_PAYMENT_COD_ZONE and zone_country_id = $order->delivery[country][id] order by zone_id"; zones_to_geo_zones; "zoneid"; "$order->delivery["country"]["id"], $order"; true
SELECT; "select configuration_value from configuration where configuration_key = MODULE_PAYMENT_COD_STATUS"; configuration; "configurationvalue"; ""; false
INSERT; "insert into configuration (configuration_title, configuration_key, configuration_value, configuration_description, configuration_group_id, sort_order, set_function, date_added) values (Enable Cash On Delivery Module, MODULE_PAYMENT_COD_STATUS, True, Do you want to accept Cash On Delevery payments?, 6, 1, tep_cfg_select_option(array(True, False), , now())"; configuration; "configuration_title, configuration_key, configuration_value, configuration_description, configuration_group_id, sort_order, set_function, date_added"; ""; false
INSERT; "insert into configuration (configuration_title, configuration_key, configuration_value, configuration_description, configuration_group_id, sort_order, use_function, set_function, date_added) values (Payment Zone, MODULE_PAYMENT_COD_ZONE, 0, If a zone is selected, only enable this payment method for that zone., 6, 2, tep_get_zone_class_title, tep_cfg_pull_down_zone_classes(, now())"; configuration; "configuration_title, configuration_key, configuration_value, configuration_description, configuration_group_id, sort_order, use_function, set_function, date_added"; ""; false
INSERT; "insert into configuration (configuration_title, configuration_key, configuration_value, configuration_description, configuration_group_id, sort_order, date_added) values (Sort order of display., MODULE_PAYMENT_COD_SORT_ORDER, 0, Sort order of display. Lowest is displayed first., 6, 0, now())"; configuration; "configuration_title, configuration_key, configuration_value, configuration_description, configuration_group_id, sort_order, date_added"; ""; false
INSERT; "insert into configuration (configuration_title, configuration_key, configuration_value, configuration_description, configuration_group_id, sort_order, set_function, use_function, date_added) values (Set Order Status, MODULE_PAYMENT_COD_ORDER_STATUS_ID, 0, Set the status of orders made with this payment module to this value, 6, 0, tep_cfg_pull_down_order_statuses(, tep_get_order_status_name, now())"; configuration; "configuration_title, configuration_key, configuration_value, configuration_description, configuration_group_id, sort_order, set_function, use_function, date_added"; ""; false
SELECT; "select zone_id from zones_to_geo_zones where geo_zone_id = MODULE_PAYMENT_INPAY_ZONE and zone_country_id = $order->billing[country][id] order by zone_id"; zones_to_geo_zones; "zoneid"; "$order->billing["country"]["id"], $order"; true
SELECT; "select orders_id from orders_status_history where orders_id = (int) $order_id limit 1"; orders_status_history; "ordersid"; "$order_id"; true
SELECT; "select currency from orders where orders_id = (int) $order_id"; orders; "currency"; "$order_id"; false
SELECT; "select orders_id from orders_status_history where orders_id = (int) $order_id limit 1"; orders_status_history; "ordersid"; "$order_id"; true
SELECT; "select popt.products_options_name, poval.products_options_values_name, pa.options_values_price, pa.price_prefix, pad.products_attributes_maxdays, pad.products_attributes_maxcount , pad.products_attributes_filename from products_options popt, products_options_values poval, products_attributes pa left join products_attributes_download pad on pa.products_attributes_id=pad.products_attributes_id where pa.products_id = $order->products[$i][id] and pa.options_id = $order->products[$i][attributes][$j][option_id] and pa.options_id = popt.products_options_id and pa.options_values_id = $order->products[$i][attributes][$j][value_id] and pa.options_values_id = poval.products_options_values_id and popt.language_id = $languages_id and poval.language_id = $languages_id"; products_options_values; "poptproductsoptionsname, povalproductsoptionsvaluesname, paoptionsvaluesprice, papriceprefix, padproductsattributesmaxdays, padproductsattributesmaxcount, , padproductsattributesfilename"; "$order->products[$i]["id"], $order->products[$i]["attributes"][$j]["option_id"], $languages_id"; false
SELECT; "select popt.products_options_name, poval.products_options_values_name, pa.options_values_price, pa.price_prefix from products_options popt, products_options_values poval, products_attributes pa where pa.products_id = $order->products[$i][id] and pa.options_id = $order->products[$i][attributes][$j][option_id] and pa.options_id = popt.products_options_id and pa.options_values_id = $order->products[$i][attributes][$j][value_id] and pa.options_values_id = poval.products_options_values_id and popt.language_id = $languages_id and poval.language_id = $languages_id"; products_options_values; "poptproductsoptionsname, povalproductsoptionsvaluesname, paoptionsvaluesprice, papriceprefix"; "$order->products[$i]["id"], $order->products[$i]["attributes"][$j]["option_id"], $languages_id"; false
SELECT; "select orders_status from orders where orders_id = $order_id"; orders; "ordersstatus"; "$order_id"; true
UPDATE; "update orders set orders_status = $order_status_id , last_modified = now() where orders_id = (int) $order_id"; orders; "orders_status, last_modified"; "$order_status_id"; true
SELECT; "SELECT products_quantity, pad.products_attributes_filename FROM products p LEFT JOIN products_attributes pa ON p.products_id=pa.products_id LEFT JOIN products_attributes_download pad ON pa.products_attributes_id=pad.products_attributes_id WHERE p.products_id = tep_get_prid($order->products[$i][id])"; products; "productsquantity, padproductsattributesfilename"; "tep_get_prid($order->products[$i]["id"])"; true
SELECT; "select products_quantity from products where products_id = tep_get_prid($order->products[$i][id])"; products; "productsquantity"; "tep_get_prid($order->products[$i]["id"])"; true
UPDATE; "update products set products_quantity = $stock_left where products_id = tep_get_prid($order->products[$i][id])"; products; "products_quantity"; "$stock_left"; true
UPDATE; "update products set products_status = 0 where products_id = tep_get_prid($order->products[$i][id])"; products; "products_status"; ""; true
UPDATE; "update products set products_ordered = products_ordered + sprintf(%d, $order->products[$i][qty]) where products_id = tep_get_prid($order->products[$i][id])"; products; "products_ordered"; "$order->products[$i]["qty"]"; true
SELECT; "select popt.products_options_name, poval.products_options_values_name, pa.options_values_price, pa.price_prefix, pad.products_attributes_maxdays, pad.products_attributes_maxcount , pad.products_attributes_filename from products_options popt, products_options_values poval, products_attributes pa left join products_attributes_download pad on pa.products_attributes_id=pad.products_attributes_id where pa.products_id = $order->products[$i][id] and pa.options_id = $order->products[$i][attributes][$j][option_id] and pa.options_id = popt.products_options_id and pa.options_values_id = $order->products[$i][attributes][$j][value_id] and pa.options_values_id = poval.products_options_values_id and popt.language_id = $languages_id and poval.language_id = $languages_id"; products_options_values; "poptproductsoptionsname, povalproductsoptionsvaluesname, paoptionsvaluesprice, papriceprefix, padproductsattributesmaxdays, padproductsattributesmaxcount, , padproductsattributesfilename"; "$order->products[$i]["id"], $order->products[$i]["attributes"][$j]["option_id"], $languages_id"; false
SELECT; "select popt.products_options_name, poval.products_options_values_name, pa.options_values_price, pa.price_prefix from products_options popt, products_options_values poval, products_attributes pa where pa.products_id = $order->products[$i][id] and pa.options_id = $order->products[$i][attributes][$j][option_id] and pa.options_id = popt.products_options_id and pa.options_values_id = $order->products[$i][attributes][$j][value_id] and pa.options_values_id = poval.products_options_values_id and popt.language_id = $languages_id and poval.language_id = $languages_id"; products_options_values; "poptproductsoptionsname, povalproductsoptionsvaluesname, paoptionsvaluesprice, papriceprefix"; "$order->products[$i]["id"], $order->products[$i]["attributes"][$j]["option_id"], $languages_id"; false
SELECT; "select configuration_value from configuration where configuration_key = MODULE_PAYMENT_INPAY_STATUS"; configuration; "configurationvalue"; ""; false
SELECT; "select orders_status_id from orders_status where orders_status_name = $order_status limit 1"; orders_status; "ordersstatusid"; "$order_status"; true
SELECT; "select max(orders_status_id) as status_id from orders_status"; orders_status; "ordersstatusid"; ""; true
INSERT; "insert into orders_status (orders_status_id, language_id, orders_status_name, public_flag) values ( $status_id , $lang[id] , $order_status , 1)"; orders_status; "orders_status_id, language_id, orders_status_name, public_flag"; "$status_id, $lang["id"], $order_status"; true
INSERT; "insert into orders_status (orders_status_id, language_id, orders_status_name) values ( $status_id , $lang[id] , $order_status )"; orders_status; "orders_status_id, language_id, orders_status_name"; "$status_id, $lang["id"], $order_status"; true
INSERT; "insert into configuration (configuration_title, configuration_key, configuration_value, configuration_description, configuration_group_id, sort_order, set_function, date_added) values (Enable inpay on your webshop?, MODULE_PAYMENT_INPAY_STATUS, False, , 6, $sort_order++ , tep_cfg_select_option(array(True, False), , now())"; configuration; "configuration_title, configuration_key, configuration_value, configuration_description, configuration_group_id, sort_order, set_function, date_added"; "$sort_order++"; false
INSERT; "insert into configuration (configuration_title, configuration_key, configuration_value, configuration_description, configuration_group_id, sort_order, set_function, date_added) values (Gateway Server, MODULE_PAYMENT_INPAY_GATEWAY_SERVER, Production, Use the testing or production gateway server for transactions, 6, $sort_order++ , tep_cfg_select_option(array(Production, Test), , now())"; configuration; "configuration_title, configuration_key, configuration_value, configuration_description, configuration_group_id, sort_order, set_function, date_added"; "$sort_order++"; false
INSERT; "insert into configuration (configuration_title, configuration_key, configuration_value, configuration_description, configuration_group_id, sort_order, date_added) values (Your merchant id, MODULE_PAYMENT_INPAY_MERCHANT_ID, , Your merchant unique identifier (supplied by inpay), 6, $sort_order++ , now())"; configuration; "configuration_title, configuration_key, configuration_value, configuration_description, configuration_group_id, sort_order, date_added"; "$sort_order++"; false
INSERT; "insert into configuration (configuration_title, configuration_key, configuration_value, configuration_description, configuration_group_id, sort_order, date_added) values (Your secret key, MODULE_PAYMENT_INPAY_SECRET_KEY, , Your secret key (supplied by inpay), 6, $sort_order++ , now())"; configuration; "configuration_title, configuration_key, configuration_value, configuration_description, configuration_group_id, sort_order, date_added"; "$sort_order++"; false
INSERT; "insert into configuration (configuration_title, configuration_key, configuration_value, configuration_description, configuration_group_id, sort_order, date_added) values (Flow Layout, MODULE_PAYMENT_INPAY_FLOW_LAYOUT, multi_page, Layout for the buyer flow, 6, $sort_order++ , now())"; configuration; "configuration_title, configuration_key, configuration_value, configuration_description, configuration_group_id, sort_order, date_added"; "$sort_order++"; false
INSERT; "insert into configuration (configuration_title, configuration_key, configuration_value, configuration_description, configuration_group_id, sort_order, set_function, date_added) values (Decrease stock on payment creation, MODULE_PAYMENT_INPAY_DECREASE_STOCK_ON_CREATION, False, Do you want to decrease stock upon payment creation?, 6, $sort_order++ , tep_cfg_select_option(array(True, False), , now())"; configuration; "configuration_title, configuration_key, configuration_value, configuration_description, configuration_group_id, sort_order, set_function, date_added"; "$sort_order++"; false
INSERT; "insert into configuration (configuration_title, configuration_key, configuration_value, configuration_description, configuration_group_id, sort_order, date_added) values (Debug E-Mail Address, MODULE_PAYMENT_INPAY_DEBUG_EMAIL, , All parameters of an Invalid IPN notification will be sent to this email address if one is entered., 6, $sort_order++ , now())"; configuration; "configuration_title, configuration_key, configuration_value, configuration_description, configuration_group_id, sort_order, date_added"; "$sort_order++"; false
INSERT; "insert into configuration (configuration_title, configuration_key, configuration_value, configuration_description, configuration_group_id, sort_order, use_function, set_function, date_added) values (Payment Zone, MODULE_PAYMENT_INPAY_ZONE, 0, If a zone is selected, only enable this payment method for that zone., 6, $sort_order++ , tep_get_zone_class_title, tep_cfg_pull_down_zone_classes(, now())"; configuration; "configuration_title, configuration_key, configuration_value, configuration_description, configuration_group_id, sort_order, use_function, set_function, date_added"; "$sort_order++"; false
INSERT; "insert into configuration (configuration_title, configuration_key, configuration_value, configuration_description, configuration_group_id, sort_order, date_added) values (Sort order of display., MODULE_PAYMENT_INPAY_SORT_ORDER, 0, Sort order of display. Lowest is displayed first., 6, $sort_order++ , now())"; configuration; "configuration_title, configuration_key, configuration_value, configuration_description, configuration_group_id, sort_order, date_added"; "$sort_order++"; false
INSERT; "insert into configuration (configuration_title, configuration_key, configuration_value, configuration_description, configuration_group_id, sort_order, set_function, use_function, date_added) values (Set inpay Acknowledged Order Status, MODULE_PAYMENT_INPAY_CREATE_ORDER_STATUS_ID, $created_status_id , Set the status of orders made with this payment module to this value, 6, $sort_order++ , tep_cfg_pull_down_order_statuses(, tep_get_order_status_name, now())"; configuration; "configuration_title, configuration_key, configuration_value, configuration_description, configuration_group_id, sort_order, set_function, use_function, date_added"; "$created_status_id, $sort_order++"; false
INSERT; "insert into configuration (configuration_title, configuration_key, configuration_value, configuration_description, configuration_group_id, sort_order, set_function, use_function, date_added) values (Set inpay sum too low Order Status, MODULE_PAYMENT_INPAY_SUM_TOO_LOW_ORDER_STATUS_ID, $sum_too_low_status_id , Set the status of orders which are paid with insufficient fund (sum too low) to this value, 6, $sort_order++ , tep_cfg_pull_down_order_statuses(, tep_get_order_status_name, now())"; configuration; "configuration_title, configuration_key, configuration_value, configuration_description, configuration_group_id, sort_order, set_function, use_function, date_added"; "$sum_too_low_status_id, $sort_order++"; false
INSERT; "insert into configuration (configuration_title, configuration_key, configuration_value, configuration_description, configuration_group_id, sort_order, set_function, use_function, date_added) values (Set inpay Completed Order Status, MODULE_PAYMENT_INPAY_COMP_ORDER_STATUS_ID, $completed_status_id , Set the status of orders which are confirmed as paid (approved) to this value, 6, $sort_order++ , tep_cfg_pull_down_order_statuses(, tep_get_order_status_name, now())"; configuration; "configuration_title, configuration_key, configuration_value, configuration_description, configuration_group_id, sort_order, set_function, use_function, date_added"; "$completed_status_id, $sort_order++"; false
SELECT; "select zone_id from zones_to_geo_zones where geo_zone_id = MODULE_PAYMENT_IPAYMENT_CC_ZONE and zone_country_id = $order->billing[country][id] order by zone_id"; zones_to_geo_zones; "zoneid"; "$order->billing["country"]["id"], $order"; true
SELECT; "select zone_code from zones where zone_id = (int) $order->billing[zone_id]"; zones; "zonecode"; "$order->billing["zone_id"]"; false
SELECT; "select configuration_value from configuration where configuration_key = MODULE_PAYMENT_IPAYMENT_CC_STATUS"; configuration; "configurationvalue"; ""; false
INSERT; "insert into configuration (configuration_title, configuration_key, configuration_value, configuration_description, configuration_group_id, sort_order, set_function, date_added) values (Enable iPayment, MODULE_PAYMENT_IPAYMENT_CC_STATUS, False, Do you want to accept iPayment payments?, 6, 1, tep_cfg_select_option(array(True, False), , now())"; configuration; "configuration_title, configuration_key, configuration_value, configuration_description, configuration_group_id, sort_order, set_function, date_added"; ""; false
INSERT; "insert into configuration (configuration_title, configuration_key, configuration_value, configuration_description, configuration_group_id, sort_order, date_added) values (Account Number, MODULE_PAYMENT_IPAYMENT_CC_ID, 99999, The account number used for the iPayment service, 6, 2, now())"; configuration; "configuration_title, configuration_key, configuration_value, configuration_description, configuration_group_id, sort_order, date_added"; ""; false
INSERT; "insert into configuration (configuration_title, configuration_key, configuration_value, configuration_description, configuration_group_id, sort_order, date_added) values (User ID, MODULE_PAYMENT_IPAYMENT_CC_USER_ID, 99998, The user ID for the iPayment service, 6, 3, now())"; configuration; "configuration_title, configuration_key, configuration_value, configuration_description, configuration_group_id, sort_order, date_added"; ""; false
INSERT; "insert into configuration (configuration_title, configuration_key, configuration_value, configuration_description, configuration_group_id, sort_order, date_added) values (User Password, MODULE_PAYMENT_IPAYMENT_CC_PASSWORD, 0, The user password for the iPayment service, 6, 4, now())"; configuration; "configuration_title, configuration_key, configuration_value, configuration_description, configuration_group_id, sort_order, date_added"; ""; false
INSERT; "insert into configuration (configuration_title, configuration_key, configuration_value, configuration_description, configuration_group_id, sort_order, set_function, date_added) values (Transaction Method, MODULE_PAYMENT_IPAYMENT_CC_TRANSACTION_METHOD, Authorization, The processing method to use for each transaction., 6, 0, tep_cfg_select_option(array(Authorization, Capture), , now())"; configuration; "configuration_title, configuration_key, configuration_value, configuration_description, configuration_group_id, sort_order, set_function, date_added"; ""; false
INSERT; "insert into configuration (configuration_title, configuration_key, configuration_value, configuration_description, configuration_group_id, sort_order, date_added) values (Secret Hash Password, MODULE_PAYMENT_IPAYMENT_CC_SECRET_HASH_PASSWORD, testtest, The secret hash password to validate transactions with, 6, 4, now())"; configuration; "configuration_title, configuration_key, configuration_value, configuration_description, configuration_group_id, sort_order, date_added"; ""; false
INSERT; "insert into configuration (configuration_title, configuration_key, configuration_value, configuration_description, configuration_group_id, sort_order, date_added) values (Transaction Notification (E-Mail), MODULE_PAYMENT_IPAYMENT_CC_DEBUG_EMAIL, , An e-mail address to send transaction notifications to., 6, 0, now())"; configuration; "configuration_title, configuration_key, configuration_value, configuration_description, configuration_group_id, sort_order, date_added"; ""; false
INSERT; "insert into configuration (configuration_title, configuration_key, configuration_value, configuration_description, configuration_group_id, sort_order, date_added) values (Sort order of display., MODULE_PAYMENT_IPAYMENT_CC_SORT_ORDER, 0, Sort order of display. Lowest is displayed first., 6, 0, now())"; configuration; "configuration_title, configuration_key, configuration_value, configuration_description, configuration_group_id, sort_order, date_added"; ""; false
INSERT; "insert into configuration (configuration_title, configuration_key, configuration_value, configuration_description, configuration_group_id, sort_order, use_function, set_function, date_added) values (Payment Zone, MODULE_PAYMENT_IPAYMENT_CC_ZONE, 0, If a zone is selected, only enable this payment method for that zone., 6, 2, tep_get_zone_class_title, tep_cfg_pull_down_zone_classes(, now())"; configuration; "configuration_title, configuration_key, configuration_value, configuration_description, configuration_group_id, sort_order, use_function, set_function, date_added"; ""; false
INSERT; "insert into configuration (configuration_title, configuration_key, configuration_value, configuration_description, configuration_group_id, sort_order, set_function, use_function, date_added) values (Set Order Status, MODULE_PAYMENT_IPAYMENT_CC_ORDER_STATUS_ID, 0, Set the status of orders made with this payment module to this value, 6, 0, tep_cfg_pull_down_order_statuses(, tep_get_order_status_name, now())"; configuration; "configuration_title, configuration_key, configuration_value, configuration_description, configuration_group_id, sort_order, set_function, use_function, date_added"; ""; false
SELECT; "select zone_id from zones_to_geo_zones where geo_zone_id = MODULE_PAYMENT_IPAYMENT_ELV_ZONE and zone_country_id = $order->billing[country][id] order by zone_id"; zones_to_geo_zones; "zoneid"; "$order->billing["country"]["id"], $order"; true
SELECT; "select zone_code from zones where zone_id = (int) $order->billing[zone_id]"; zones; "zonecode"; "$order->billing["zone_id"]"; false
SELECT; "select configuration_value from configuration where configuration_key = MODULE_PAYMENT_IPAYMENT_ELV_STATUS"; configuration; "configurationvalue"; ""; false
INSERT; "insert into configuration (configuration_title, configuration_key, configuration_value, configuration_description, configuration_group_id, sort_order, set_function, date_added) values (Enable iPayment (ELV), MODULE_PAYMENT_IPAYMENT_ELV_STATUS, False, Do you want to accept iPayment (ELV) payments?, 6, 1, tep_cfg_select_option(array(True, False), , now())"; configuration; "configuration_title, configuration_key, configuration_value, configuration_description, configuration_group_id, sort_order, set_function, date_added"; ""; false
INSERT; "insert into configuration (configuration_title, configuration_key, configuration_value, configuration_description, configuration_group_id, sort_order, date_added) values (Account Number, MODULE_PAYMENT_IPAYMENT_ELV_ID, 99999, The account number used for the iPayment service, 6, 2, now())"; configuration; "configuration_title, configuration_key, configuration_value, configuration_description, configuration_group_id, sort_order, date_added"; ""; false
INSERT; "insert into configuration (configuration_title, configuration_key, configuration_value, configuration_description, configuration_group_id, sort_order, date_added) values (User ID, MODULE_PAYMENT_IPAYMENT_ELV_USER_ID, 99998, The user ID for the iPayment service, 6, 3, now())"; configuration; "configuration_title, configuration_key, configuration_value, configuration_description, configuration_group_id, sort_order, date_added"; ""; false
INSERT; "insert into configuration (configuration_title, configuration_key, configuration_value, configuration_description, configuration_group_id, sort_order, date_added) values (User Password, MODULE_PAYMENT_IPAYMENT_ELV_PASSWORD, 0, The user password for the iPayment service, 6, 4, now())"; configuration; "configuration_title, configuration_key, configuration_value, configuration_description, configuration_group_id, sort_order, date_added"; ""; false
INSERT; "insert into configuration (configuration_title, configuration_key, configuration_value, configuration_description, configuration_group_id, sort_order, set_function, date_added) values (Transaction Method, MODULE_PAYMENT_IPAYMENT_ELV_TRANSACTION_METHOD, Authorization, The processing method to use for each transaction., 6, 0, tep_cfg_select_option(array(Authorization, Capture), , now())"; configuration; "configuration_title, configuration_key, configuration_value, configuration_description, configuration_group_id, sort_order, set_function, date_added"; ""; false
INSERT; "insert into configuration (configuration_title, configuration_key, configuration_value, configuration_description, configuration_group_id, sort_order, date_added) values (Secret Hash Password, MODULE_PAYMENT_IPAYMENT_ELV_SECRET_HASH_PASSWORD, testtest, The secret hash password to validate transactions with, 6, 4, now())"; configuration; "configuration_title, configuration_key, configuration_value, configuration_description, configuration_group_id, sort_order, date_added"; ""; false
INSERT; "insert into configuration (configuration_title, configuration_key, configuration_value, configuration_description, configuration_group_id, sort_order, date_added) values (Transaction Notification (E-Mail), MODULE_PAYMENT_IPAYMENT_ELV_DEBUG_EMAIL, , An e-mail address to send transaction notifications to., 6, 0, now())"; configuration; "configuration_title, configuration_key, configuration_value, configuration_description, configuration_group_id, sort_order, date_added"; ""; false
INSERT; "insert into configuration (configuration_title, configuration_key, configuration_value, configuration_description, configuration_group_id, sort_order, date_added) values (Sort order of display., MODULE_PAYMENT_IPAYMENT_ELV_SORT_ORDER, 0, Sort order of display. Lowest is displayed first., 6, 0, now())"; configuration; "configuration_title, configuration_key, configuration_value, configuration_description, configuration_group_id, sort_order, date_added"; ""; false
INSERT; "insert into configuration (configuration_title, configuration_key, configuration_value, configuration_description, configuration_group_id, sort_order, use_function, set_function, date_added) values (Payment Zone, MODULE_PAYMENT_IPAYMENT_ELV_ZONE, 0, If a zone is selected, only enable this payment method for that zone., 6, 2, tep_get_zone_class_title, tep_cfg_pull_down_zone_classes(, now())"; configuration; "configuration_title, configuration_key, configuration_value, configuration_description, configuration_group_id, sort_order, use_function, set_function, date_added"; ""; false
INSERT; "insert into configuration (configuration_title, configuration_key, configuration_value, configuration_description, configuration_group_id, sort_order, set_function, use_function, date_added) values (Set Order Status, MODULE_PAYMENT_IPAYMENT_ELV_ORDER_STATUS_ID, 0, Set the status of orders made with this payment module to this value, 6, 0, tep_cfg_pull_down_order_statuses(, tep_get_order_status_name, now())"; configuration; "configuration_title, configuration_key, configuration_value, configuration_description, configuration_group_id, sort_order, set_function, use_function, date_added"; ""; false
SELECT; "select zone_id from zones_to_geo_zones where geo_zone_id = MODULE_PAYMENT_IPAYMENT_PP_ZONE and zone_country_id = $order->billing[country][id] order by zone_id"; zones_to_geo_zones; "zoneid"; "$order->billing["country"]["id"], $order"; true
SELECT; "select zone_code from zones where zone_id = (int) $order->billing[zone_id]"; zones; "zonecode"; "$order->billing["zone_id"]"; false
SELECT; "select configuration_value from configuration where configuration_key = MODULE_PAYMENT_IPAYMENT_PP_STATUS"; configuration; "configurationvalue"; ""; false
INSERT; "insert into configuration (configuration_title, configuration_key, configuration_value, configuration_description, configuration_group_id, sort_order, set_function, date_added) values (Enable iPayment (Prepaid), MODULE_PAYMENT_IPAYMENT_PP_STATUS, False, Do you want to accept iPayment (Prepaid) payments?, 6, 1, tep_cfg_select_option(array(True, False), , now())"; configuration; "configuration_title, configuration_key, configuration_value, configuration_description, configuration_group_id, sort_order, set_function, date_added"; ""; false
INSERT; "insert into configuration (configuration_title, configuration_key, configuration_value, configuration_description, configuration_group_id, sort_order, date_added) values (Account Number, MODULE_PAYMENT_IPAYMENT_PP_ID, 999997, The account number used for the iPayment service, 6, 2, now())"; configuration; "configuration_title, configuration_key, configuration_value, configuration_description, configuration_group_id, sort_order, date_added"; ""; false
INSERT; "insert into configuration (configuration_title, configuration_key, configuration_value, configuration_description, configuration_group_id, sort_order, date_added) values (User ID, MODULE_PAYMENT_IPAYMENT_PP_USER_ID, 999997, The user ID for the iPayment service, 6, 3, now())"; configuration; "configuration_title, configuration_key, configuration_value, configuration_description, configuration_group_id, sort_order, date_added"; ""; false
INSERT; "insert into configuration (configuration_title, configuration_key, configuration_value, configuration_description, configuration_group_id, sort_order, date_added) values (User Password, MODULE_PAYMENT_IPAYMENT_PP_PASSWORD, 999997, The user password for the iPayment service, 6, 4, now())"; configuration; "configuration_title, configuration_key, configuration_value, configuration_description, configuration_group_id, sort_order, date_added"; ""; false
INSERT; "insert into configuration (configuration_title, configuration_key, configuration_value, configuration_description, configuration_group_id, sort_order, set_function, date_added) values (Transaction Method, MODULE_PAYMENT_IPAYMENT_PP_TRANSACTION_METHOD, Authorization, The processing method to use for each transaction., 6, 0, tep_cfg_select_option(array(Authorization, Capture), , now())"; configuration; "configuration_title, configuration_key, configuration_value, configuration_description, configuration_group_id, sort_order, set_function, date_added"; ""; false
INSERT; "insert into configuration (configuration_title, configuration_key, configuration_value, configuration_description, configuration_group_id, sort_order, date_added) values (Secret Hash Password, MODULE_PAYMENT_IPAYMENT_PP_SECRET_HASH_PASSWORD, , The secret hash password to validate transactions with, 6, 4, now())"; configuration; "configuration_title, configuration_key, configuration_value, configuration_description, configuration_group_id, sort_order, date_added"; ""; false
INSERT; "insert into configuration (configuration_title, configuration_key, configuration_value, configuration_description, configuration_group_id, sort_order, date_added) values (Transaction Notification (E-Mail), MODULE_PAYMENT_IPAYMENT_PP_DEBUG_EMAIL, , An e-mail address to send transaction notifications to., 6, 0, now())"; configuration; "configuration_title, configuration_key, configuration_value, configuration_description, configuration_group_id, sort_order, date_added"; ""; false
INSERT; "insert into configuration (configuration_title, configuration_key, configuration_value, configuration_description, configuration_group_id, sort_order, date_added) values (Sort order of display., MODULE_PAYMENT_IPAYMENT_PP_SORT_ORDER, 0, Sort order of display. Lowest is displayed first., 6, 0, now())"; configuration; "configuration_title, configuration_key, configuration_value, configuration_description, configuration_group_id, sort_order, date_added"; ""; false
INSERT; "insert into configuration (configuration_title, configuration_key, configuration_value, configuration_description, configuration_group_id, sort_order, use_function, set_function, date_added) values (Payment Zone, MODULE_PAYMENT_IPAYMENT_PP_ZONE, 0, If a zone is selected, only enable this payment method for that zone., 6, 2, tep_get_zone_class_title, tep_cfg_pull_down_zone_classes(, now())"; configuration; "configuration_title, configuration_key, configuration_value, configuration_description, configuration_group_id, sort_order, use_function, set_function, date_added"; ""; false
INSERT; "insert into configuration (configuration_title, configuration_key, configuration_value, configuration_description, configuration_group_id, sort_order, set_function, use_function, date_added) values (Set Order Status, MODULE_PAYMENT_IPAYMENT_PP_ORDER_STATUS_ID, 0, Set the status of orders made with this payment module to this value, 6, 0, tep_cfg_pull_down_order_statuses(, tep_get_order_status_name, now())"; configuration; "configuration_title, configuration_key, configuration_value, configuration_description, configuration_group_id, sort_order, set_function, use_function, date_added"; ""; false
SELECT; "select zone_id from zones_to_geo_zones where geo_zone_id = MODULE_PAYMENT_MONEYBOOKERS_ZONE and zone_country_id = $order->billing[country][id] order by zone_id"; zones_to_geo_zones; "zoneid"; "$order->billing["country"]["id"], $order"; true
SELECT; "select orders_id from orders_status_history where orders_id = (int) $order_id limit 1"; orders_status_history; "ordersid"; "$order_id"; true
SELECT; "select currency from orders where orders_id = (int) $order_id"; orders; "currency"; "$order_id"; false
SELECT; "select orders_id from orders_status_history where orders_id = (int) $order_id limit 1"; orders_status_history; "ordersid"; "$order_id"; true
SELECT; "select popt.products_options_name, poval.products_options_values_name, pa.options_values_price, pa.price_prefix, pad.products_attributes_maxdays, pad.products_attributes_maxcount , pad.products_attributes_filename from products_options popt, products_options_values poval, products_attributes pa left join products_attributes_download pad on pa.products_attributes_id=pad.products_attributes_id where pa.products_id = $order->products[$i][id] and pa.options_id = $order->products[$i][attributes][$j][option_id] and pa.options_id = popt.products_options_id and pa.options_values_id = $order->products[$i][attributes][$j][value_id] and pa.options_values_id = poval.products_options_values_id and popt.language_id = $languages_id and poval.language_id = $languages_id"; products_options_values; "poptproductsoptionsname, povalproductsoptionsvaluesname, paoptionsvaluesprice, papriceprefix, padproductsattributesmaxdays, padproductsattributesmaxcount, , padproductsattributesfilename"; "$order->products[$i]["id"], $order->products[$i]["attributes"][$j]["option_id"], $languages_id"; false
SELECT; "select popt.products_options_name, poval.products_options_values_name, pa.options_values_price, pa.price_prefix from products_options popt, products_options_values poval, products_attributes pa where pa.products_id = $order->products[$i][id] and pa.options_id = $order->products[$i][attributes][$j][option_id] and pa.options_id = popt.products_options_id and pa.options_values_id = $order->products[$i][attributes][$j][value_id] and pa.options_values_id = poval.products_options_values_id and popt.language_id = $languages_id and poval.language_id = $languages_id"; products_options_values; "poptproductsoptionsname, povalproductsoptionsvaluesname, paoptionsvaluesprice, papriceprefix"; "$order->products[$i]["id"], $order->products[$i]["attributes"][$j]["option_id"], $languages_id"; false
SELECT; "select orders_status from orders where orders_id = (int) $order_id"; orders; "ordersstatus"; "$order_id"; true
UPDATE; "update orders set orders_status = MODULE_PAYMENT_MONEYBOOKERS_ORDER_STATUS_ID > 0 ? (int) MODULE_PAYMENT_MONEYBOOKERS_ORDER_STATUS_ID : (int) DEFAULT_ORDERS_STATUS_ID , last_modified = now() where orders_id = (int) $order_id"; orders; "orders_status, last_modified"; "MODULE_PAYMENT_MONEYBOOKERS_ORDER_STATUS_ID > 0, 0, DEFAULT_ORDERS_STATUS_ID"; true
SELECT; "SELECT products_quantity, pad.products_attributes_filename FROM products p LEFT JOIN products_attributes pa ON p.products_id=pa.products_id LEFT JOIN products_attributes_download pad ON pa.products_attributes_id=pad.products_attributes_id WHERE p.products_id = tep_get_prid($order->products[$i][id])"; products; "productsquantity, padproductsattributesfilename"; "tep_get_prid($order->products[$i]["id"])"; true
SELECT; "select products_quantity from products where products_id = tep_get_prid($order->products[$i][id])"; products; "productsquantity"; "tep_get_prid($order->products[$i]["id"])"; true
UPDATE; "update products set products_quantity = $stock_left where products_id = tep_get_prid($order->products[$i][id])"; products; "products_quantity"; "$stock_left"; true
UPDATE; "update products set products_status = 0 where products_id = tep_get_prid($order->products[$i][id])"; products; "products_status"; ""; true
UPDATE; "update products set products_ordered = products_ordered + sprintf(%d, $order->products[$i][qty]) where products_id = tep_get_prid($order->products[$i][id])"; products; "products_ordered"; "$order->products[$i]["qty"]"; true
SELECT; "select popt.products_options_name, poval.products_options_values_name, pa.options_values_price, pa.price_prefix, pad.products_attributes_maxdays, pad.products_attributes_maxcount , pad.products_attributes_filename from products_options popt, products_options_values poval, products_attributes pa left join products_attributes_download pad on pa.products_attributes_id=pad.products_attributes_id where pa.products_id = $order->products[$i][id] and pa.options_id = $order->products[$i][attributes][$j][option_id] and pa.options_id = popt.products_options_id and pa.options_values_id = $order->products[$i][attributes][$j][value_id] and pa.options_values_id = poval.products_options_values_id and popt.language_id = $languages_id and poval.language_id = $languages_id"; products_options_values; "poptproductsoptionsname, povalproductsoptionsvaluesname, paoptionsvaluesprice, papriceprefix, padproductsattributesmaxdays, padproductsattributesmaxcount, , padproductsattributesfilename"; "$order->products[$i]["id"], $order->products[$i]["attributes"][$j]["option_id"], $languages_id"; false
SELECT; "select popt.products_options_name, poval.products_options_values_name, pa.options_values_price, pa.price_prefix from products_options popt, products_options_values poval, products_attributes pa where pa.products_id = $order->products[$i][id] and pa.options_id = $order->products[$i][attributes][$j][option_id] and pa.options_id = popt.products_options_id and pa.options_values_id = $order->products[$i][attributes][$j][value_id] and pa.options_values_id = poval.products_options_values_id and popt.language_id = $languages_id and poval.language_id = $languages_id"; products_options_values; "poptproductsoptionsname, povalproductsoptionsvaluesname, paoptionsvaluesprice, papriceprefix"; "$order->products[$i]["id"], $order->products[$i]["attributes"][$j]["option_id"], $languages_id"; false
SELECT; "select configuration_value from configuration where configuration_key = MODULE_PAYMENT_MONEYBOOKERS_STATUS"; configuration; "configurationvalue"; ""; false
SELECT; "select orders_status_id from orders_status where orders_status_name = Preparing [Moneybookers] limit 1"; orders_status; "ordersstatusid"; ""; true
SELECT; "select max(orders_status_id) as status_id from orders_status"; orders_status; "ordersstatusid"; ""; true
INSERT; "insert into orders_status (orders_status_id, language_id, orders_status_name) values ( $preparing_status_id , $lang[id] , Preparing [Moneybookers])"; orders_status; "orders_status_id, language_id, orders_status_name"; "$preparing_status_id, $lang["id"]"; false
UPDATE; "update orders_status set public_flag = 0 and downloads_flag = 0 where orders_status_id = $preparing_status_id"; orders_status; "public_flag, downloads_flag"; ""; false
SELECT; "select orders_status_id from orders_status where orders_status_name = Transaction [Moneybookers] limit 1"; orders_status; "ordersstatusid"; ""; true
SELECT; "select max(orders_status_id) as status_id from orders_status"; orders_status; "ordersstatusid"; ""; true
INSERT; "insert into orders_status (orders_status_id, language_id, orders_status_name) values ( $transactions_status_id , $lang[id] , Transaction [Moneybookers])"; orders_status; "orders_status_id, language_id, orders_status_name"; "$transactions_status_id, $lang["id"]"; false
UPDATE; "update orders_status set public_flag = 0 and downloads_flag = 0 where orders_status_id = $transactions_status_id"; orders_status; "public_flag, downloads_flag"; ""; false
INSERT; "insert into configuration (configuration_title, configuration_key, configuration_value, configuration_description, configuration_group_id, sort_order, set_function, date_added) values (Enable Moneybookers eWallet, MODULE_PAYMENT_MONEYBOOKERS_STATUS, False, Do you want to accept Moneybookers eWallet payments?, 6, 3, tep_cfg_select_option(array(True, False), , now())"; configuration; "configuration_title, configuration_key, configuration_value, configuration_description, configuration_group_id, sort_order, set_function, date_added"; ""; false
INSERT; "insert into configuration (configuration_title, configuration_key, configuration_value, configuration_description, configuration_group_id, sort_order, date_added) values (E-Mail Address, MODULE_PAYMENT_MONEYBOOKERS_PAY_TO, isset($HTTP_GET_VARS[email]) ? $HTTP_GET_VARS[email] : , The Moneybookers seller e-mail address to accept payments for, 6, 4, now())"; configuration; "configuration_title, configuration_key, configuration_value, configuration_description, configuration_group_id, sort_order, date_added"; "isset($HTTP_GET_VARS["email"]), $HTTP_GET_VARS["email"]"; false
INSERT; "insert into configuration (configuration_title, configuration_key, configuration_value, configuration_description, configuration_group_id, sort_order, date_added) values (Merchant ID, MODULE_PAYMENT_MONEYBOOKERS_MERCHANT_ID, isset($HTTP_GET_VARS[custid]) ? $HTTP_GET_VARS[custid] : , The Moneybookers merchant ID assigned to the seller e-mail address, 6, 4, now())"; configuration; "configuration_title, configuration_key, configuration_value, configuration_description, configuration_group_id, sort_order, date_added"; "isset($HTTP_GET_VARS["custid"]), $HTTP_GET_VARS["custid"]"; false
INSERT; "insert into configuration (configuration_title, configuration_key, configuration_value, configuration_description, configuration_group_id, sort_order, date_added) values (Secret Word, MODULE_PAYMENT_MONEYBOOKERS_SECRET_WORD, , The secret word to verify transactions with, 6, 4, now())"; configuration; "configuration_title, configuration_key, configuration_value, configuration_description, configuration_group_id, sort_order, date_added"; ""; false
INSERT; "insert into configuration (configuration_title, configuration_key, configuration_value, configuration_description, configuration_group_id, sort_order, date_added) values (Store Logo Image, MODULE_PAYMENT_MONEYBOOKERS_STORE_IMAGE, tep_catalog_href_link(images/store_logo.png, , SSL) , The URL of the store logo image to display on the gateway transaction page. This must be served through HTTPS otherwise it will not be shown., 6, 4, now())"; configuration; "configuration_title, configuration_key, configuration_value, configuration_description, configuration_group_id, sort_order, date_added"; ""; false
INSERT; "insert into configuration (configuration_title, configuration_key, configuration_value, configuration_description, configuration_group_id, sort_order, set_function, date_added) values (iFrame Presentation, MODULE_PAYMENT_MONEYBOOKERS_IFRAME, True, Show the Moneybookers payment pages through an iFrame?, 6, 3, tep_cfg_select_option(array(True, False), , now())"; configuration; "configuration_title, configuration_key, configuration_value, configuration_description, configuration_group_id, sort_order, set_function, date_added"; ""; false
INSERT; "insert into configuration (configuration_title, configuration_key, configuration_value, configuration_description, configuration_group_id, sort_order, date_added) values (Debug E-Mail Address, MODULE_PAYMENT_MONEYBOOKERS_DEBUG_EMAIL, , All parameters of an invalid transaction will be sent to this email address., 6, 0, now())"; configuration; "configuration_title, configuration_key, configuration_value, configuration_description, configuration_group_id, sort_order, date_added"; ""; false
INSERT; "insert into configuration (configuration_title, configuration_key, configuration_value, configuration_description, configuration_group_id, sort_order, date_added) values (Sort order of display., MODULE_PAYMENT_MONEYBOOKERS_SORT_ORDER, 0, Sort order of display. Lowest is displayed first., 6, 0, now())"; configuration; "configuration_title, configuration_key, configuration_value, configuration_description, configuration_group_id, sort_order, date_added"; ""; false
INSERT; "insert into configuration (configuration_title, configuration_key, configuration_value, configuration_description, configuration_group_id, sort_order, use_function, set_function, date_added) values (Payment Zone, MODULE_PAYMENT_MONEYBOOKERS_ZONE, 0, If a zone is selected, only enable this payment method for that zone., 6, 2, tep_get_zone_class_title, tep_cfg_pull_down_zone_classes(, now())"; configuration; "configuration_title, configuration_key, configuration_value, configuration_description, configuration_group_id, sort_order, use_function, set_function, date_added"; ""; false
INSERT; "insert into configuration (configuration_title, configuration_key, configuration_value, configuration_description, configuration_group_id, sort_order, set_function, use_function, date_added) values (Set Preparing Order Status, MODULE_PAYMENT_MONEYBOOKERS_PREPARE_ORDER_STATUS_ID, $preparing_status_id , Set the status of prepared orders made with this payment module to this value, 6, 0, tep_cfg_pull_down_order_statuses(, tep_get_order_status_name, now())"; configuration; "configuration_title, configuration_key, configuration_value, configuration_description, configuration_group_id, sort_order, set_function, use_function, date_added"; "$preparing_status_id"; false
INSERT; "insert into configuration (configuration_title, configuration_key, configuration_value, configuration_description, configuration_group_id, sort_order, set_function, use_function, date_added) values (Set Transactions Order Status, MODULE_PAYMENT_MONEYBOOKERS_TRANSACTIONS_ORDER_STATUS_ID, $transactions_status_id , Set the status of callback transactions to this value, 6, 0, tep_cfg_pull_down_order_statuses(, tep_get_order_status_name, now())"; configuration; "configuration_title, configuration_key, configuration_value, configuration_description, configuration_group_id, sort_order, set_function, use_function, date_added"; "$transactions_status_id"; false
INSERT; "insert into configuration (configuration_title, configuration_key, configuration_value, configuration_description, configuration_group_id, sort_order, set_function, use_function, date_added) values (Set Order Status, MODULE_PAYMENT_MONEYBOOKERS_ORDER_STATUS_ID, 0, Set the status of orders made with this payment module to this value, 6, 0, tep_cfg_pull_down_order_statuses(, tep_get_order_status_name, now())"; configuration; "configuration_title, configuration_key, configuration_value, configuration_description, configuration_group_id, sort_order, set_function, use_function, date_added"; ""; false
INSERT; "insert into configuration (configuration_title, configuration_key, configuration_value, configuration_description, configuration_group_id, sort_order, date_added) values (cURL Program Location, MODULE_PAYMENT_MONEYBOOKERS_CURL, /usr/bin/curl, The location to the cURL program application., 6, 0 , now())"; configuration; "configuration_title, configuration_key, configuration_value, configuration_description, configuration_group_id, sort_order, date_added"; ""; false
SELECT; "select zone_id from zones_to_geo_zones where geo_zone_id = MODULE_PAYMENT_MONEYBOOKERS_ACC_ZONE and zone_country_id = $order->billing[country][id] order by zone_id"; zones_to_geo_zones; "zoneid"; "$order->billing["country"]["id"], $order"; true
SELECT; "select configuration_value from configuration where configuration_key = MODULE_PAYMENT_MONEYBOOKERS_ACC_STATUS"; configuration; "configurationvalue"; ""; false
INSERT; "insert into configuration (configuration_title, configuration_key, configuration_value, configuration_description, configuration_group_id, sort_order, set_function, date_added) values (Enable Moneybookers Credit Cards, MODULE_PAYMENT_MONEYBOOKERS_ACC_STATUS, False, Do you want to accept Moneybookers Credit Cards payments?, 6, 3, tep_cfg_select_option(array(True, False), , now())"; configuration; "configuration_title, configuration_key, configuration_value, configuration_description, configuration_group_id, sort_order, set_function, date_added"; ""; false
INSERT; "insert into configuration (configuration_title, configuration_key, configuration_value, configuration_description, configuration_group_id, sort_order, date_added) values (Sort order of display., MODULE_PAYMENT_MONEYBOOKERS_ACC_SORT_ORDER, 0, Sort order of display. Lowest is displayed first., 6, 0, now())"; configuration; "configuration_title, configuration_key, configuration_value, configuration_description, configuration_group_id, sort_order, date_added"; ""; false
INSERT; "insert into configuration (configuration_title, configuration_key, configuration_value, configuration_description, configuration_group_id, sort_order, use_function, set_function, date_added) values (Payment Zone, MODULE_PAYMENT_MONEYBOOKERS_ACC_ZONE, 0, If a zone is selected, only enable this payment method for that zone., 6, 2, tep_get_zone_class_title, tep_cfg_pull_down_zone_classes(, now())"; configuration; "configuration_title, configuration_key, configuration_value, configuration_description, configuration_group_id, sort_order, use_function, set_function, date_added"; ""; false
INSERT; "insert into configuration (configuration_title, configuration_key, configuration_value, configuration_description, configuration_group_id, sort_order, set_function, use_function, date_added) values (Set Preparing Order Status, MODULE_PAYMENT_MONEYBOOKERS_ACC_PREPARE_ORDER_STATUS_ID, MODULE_PAYMENT_MONEYBOOKERS_PREPARE_ORDER_STATUS_ID , Set the status of prepared orders made with this payment module to this value, 6, 0, tep_cfg_pull_down_order_statuses(, tep_get_order_status_name, now())"; configuration; "configuration_title, configuration_key, configuration_value, configuration_description, configuration_group_id, sort_order, set_function, use_function, date_added"; "MODULE_PAYMENT_MONEYBOOKERS_PREPARE_ORDER_STATUS_ID"; false
INSERT; "insert into configuration (configuration_title, configuration_key, configuration_value, configuration_description, configuration_group_id, sort_order, set_function, use_function, date_added) values (Set Transactions Order Status, MODULE_PAYMENT_MONEYBOOKERS_ACC_TRANSACTIONS_ORDER_STATUS_ID, MODULE_PAYMENT_MONEYBOOKERS_TRANSACTIONS_ORDER_STATUS_ID , Set the status of callback transactions to this value, 6, 0, tep_cfg_pull_down_order_statuses(, tep_get_order_status_name, now())"; configuration; "configuration_title, configuration_key, configuration_value, configuration_description, configuration_group_id, sort_order, set_function, use_function, date_added"; "MODULE_PAYMENT_MONEYBOOKERS_TRANSACTIONS_ORDER_STATUS_ID"; false
INSERT; "insert into configuration (configuration_title, configuration_key, configuration_value, configuration_description, configuration_group_id, sort_order, set_function, use_function, date_added) values (Set Order Status, MODULE_PAYMENT_MONEYBOOKERS_ACC_ORDER_STATUS_ID, 0, Set the status of orders made with this payment module to this value, 6, 0, tep_cfg_pull_down_order_statuses(, tep_get_order_status_name, now())"; configuration; "configuration_title, configuration_key, configuration_value, configuration_description, configuration_group_id, sort_order, set_function, use_function, date_added"; ""; false
SELECT; "select zone_id from zones_to_geo_zones where geo_zone_id = MODULE_PAYMENT_MONEYBOOKERS_BWI_ZONE and zone_country_id = $order->billing[country][id] order by zone_id"; zones_to_geo_zones; "zoneid"; "$order->billing["country"]["id"], $order"; true
SELECT; "select configuration_value from configuration where configuration_key = MODULE_PAYMENT_MONEYBOOKERS_BWI_STATUS"; configuration; "configurationvalue"; ""; false
INSERT; "insert into configuration (configuration_title, configuration_key, configuration_value, configuration_description, configuration_group_id, sort_order, set_function, date_added) values (Enable Moneybookers Bank Transfer, MODULE_PAYMENT_MONEYBOOKERS_BWI_STATUS, False, Do you want to accept Moneybookers Bank Transfer payments?, 6, 3, tep_cfg_select_option(array(True, False), , now())"; configuration; "configuration_title, configuration_key, configuration_value, configuration_description, configuration_group_id, sort_order, set_function, date_added"; ""; false
INSERT; "insert into configuration (configuration_title, configuration_key, configuration_value, configuration_description, configuration_group_id, sort_order, date_added) values (Sort order of display., MODULE_PAYMENT_MONEYBOOKERS_BWI_SORT_ORDER, 0, Sort order of display. Lowest is displayed first., 6, 0, now())"; configuration; "configuration_title, configuration_key, configuration_value, configuration_description, configuration_group_id, sort_order, date_added"; ""; false
INSERT; "insert into configuration (configuration_title, configuration_key, configuration_value, configuration_description, configuration_group_id, sort_order, use_function, set_function, date_added) values (Payment Zone, MODULE_PAYMENT_MONEYBOOKERS_BWI_ZONE, 0, If a zone is selected, only enable this payment method for that zone., 6, 2, tep_get_zone_class_title, tep_cfg_pull_down_zone_classes(, now())"; configuration; "configuration_title, configuration_key, configuration_value, configuration_description, configuration_group_id, sort_order, use_function, set_function, date_added"; ""; false
INSERT; "insert into configuration (configuration_title, configuration_key, configuration_value, configuration_description, configuration_group_id, sort_order, set_function, use_function, date_added) values (Set Preparing Order Status, MODULE_PAYMENT_MONEYBOOKERS_BWI_PREPARE_ORDER_STATUS_ID, MODULE_PAYMENT_MONEYBOOKERS_PREPARE_ORDER_STATUS_ID , Set the status of prepared orders made with this payment module to this value, 6, 0, tep_cfg_pull_down_order_statuses(, tep_get_order_status_name, now())"; configuration; "configuration_title, configuration_key, configuration_value, configuration_description, configuration_group_id, sort_order, set_function, use_function, date_added"; "MODULE_PAYMENT_MONEYBOOKERS_PREPARE_ORDER_STATUS_ID"; false
INSERT; "insert into configuration (configuration_title, configuration_key, configuration_value, configuration_description, configuration_group_id, sort_order, set_function, use_function, date_added) values (Set Transactions Order Status, MODULE_PAYMENT_MONEYBOOKERS_BWI_TRANSACTIONS_ORDER_STATUS_ID, MODULE_PAYMENT_MONEYBOOKERS_TRANSACTIONS_ORDER_STATUS_ID , Set the status of callback transactions to this value, 6, 0, tep_cfg_pull_down_order_statuses(, tep_get_order_status_name, now())"; configuration; "configuration_title, configuration_key, configuration_value, configuration_description, configuration_group_id, sort_order, set_function, use_function, date_added"; "MODULE_PAYMENT_MONEYBOOKERS_TRANSACTIONS_ORDER_STATUS_ID"; false
INSERT; "insert into configuration (configuration_title, configuration_key, configuration_value, configuration_description, configuration_group_id, sort_order, set_function, use_function, date_added) values (Set Order Status, MODULE_PAYMENT_MONEYBOOKERS_BWI_ORDER_STATUS_ID, 0, Set the status of orders made with this payment module to this value, 6, 0, tep_cfg_pull_down_order_statuses(, tep_get_order_status_name, now())"; configuration; "configuration_title, configuration_key, configuration_value, configuration_description, configuration_group_id, sort_order, set_function, use_function, date_added"; ""; false
SELECT; "select zone_id from zones_to_geo_zones where geo_zone_id = MODULE_PAYMENT_MONEYBOOKERS_CSI_ZONE and zone_country_id = $order->billing[country][id] order by zone_id"; zones_to_geo_zones; "zoneid"; "$order->billing["country"]["id"], $order"; true
SELECT; "select configuration_value from configuration where configuration_key = MODULE_PAYMENT_MONEYBOOKERS_CSI_STATUS"; configuration; "configurationvalue"; ""; false
SELECT; "select geo_zone_id from geo_zones where geo_zone_name = Moneybookers CartaSi"; geo_zones; "geozoneid"; ""; true
INSERT; "insert into geo_zones values (null, Moneybookers CartaSi, The zone for the Moneybookers CartaSi payment module, null, now())"; geo_zones; "geo_zone_id, geo_zone_name, geo_zone_description, last_modified, date_added"; ""; false
SELECT; "select countries_id from countries where countries_iso_code_2 = IT"; countries; "countriesid"; ""; true
INSERT; "insert into zones_to_geo_zones values (null, (int) $country[countries_id] , 0, (int) $zone_id , null, now())"; zones_to_geo_zones; "association_id, zone_country_id, zone_id, geo_zone_id, last_modified, date_added"; "$country["countries_id"], $zone_id"; false
INSERT; "insert into configuration (configuration_title, configuration_key, configuration_value, configuration_description, configuration_group_id, sort_order, set_function, date_added) values (Enable Moneybookers CartaSi, MODULE_PAYMENT_MONEYBOOKERS_CSI_STATUS, False, Do you want to accept Moneybookers CartaSi payments?, 6, 3, tep_cfg_select_option(array(True, False), , now())"; configuration; "configuration_title, configuration_key, configuration_value, configuration_description, configuration_group_id, sort_order, set_function, date_added"; ""; false
INSERT; "insert into configuration (configuration_title, configuration_key, configuration_value, configuration_description, configuration_group_id, sort_order, date_added) values (Sort order of display., MODULE_PAYMENT_MONEYBOOKERS_CSI_SORT_ORDER, 0, Sort order of display. Lowest is displayed first., 6, 0, now())"; configuration; "configuration_title, configuration_key, configuration_value, configuration_description, configuration_group_id, sort_order, date_added"; ""; false
INSERT; "insert into configuration (configuration_title, configuration_key, configuration_value, configuration_description, configuration_group_id, sort_order, use_function, set_function, date_added) values (Payment Zone, MODULE_PAYMENT_MONEYBOOKERS_CSI_ZONE, (int) $zone_id , If a zone is selected, only enable this payment method for that zone., 6, 2, tep_get_zone_class_title, tep_cfg_pull_down_zone_classes(, now())"; configuration; "configuration_title, configuration_key, configuration_value, configuration_description, configuration_group_id, sort_order, use_function, set_function, date_added"; "$zone_id"; false
INSERT; "insert into configuration (configuration_title, configuration_key, configuration_value, configuration_description, configuration_group_id, sort_order, set_function, use_function, date_added) values (Set Preparing Order Status, MODULE_PAYMENT_MONEYBOOKERS_CSI_PREPARE_ORDER_STATUS_ID, MODULE_PAYMENT_MONEYBOOKERS_PREPARE_ORDER_STATUS_ID , Set the status of prepared orders made with this payment module to this value, 6, 0, tep_cfg_pull_down_order_statuses(, tep_get_order_status_name, now())"; configuration; "configuration_title, configuration_key, configuration_value, configuration_description, configuration_group_id, sort_order, set_function, use_function, date_added"; "MODULE_PAYMENT_MONEYBOOKERS_PREPARE_ORDER_STATUS_ID"; false
INSERT; "insert into configuration (configuration_title, configuration_key, configuration_value, configuration_description, configuration_group_id, sort_order, set_function, use_function, date_added) values (Set Transactions Order Status, MODULE_PAYMENT_MONEYBOOKERS_CSI_TRANSACTIONS_ORDER_STATUS_ID, MODULE_PAYMENT_MONEYBOOKERS_TRANSACTIONS_ORDER_STATUS_ID , Set the status of callback transactions to this value, 6, 0, tep_cfg_pull_down_order_statuses(, tep_get_order_status_name, now())"; configuration; "configuration_title, configuration_key, configuration_value, configuration_description, configuration_group_id, sort_order, set_function, use_function, date_added"; "MODULE_PAYMENT_MONEYBOOKERS_TRANSACTIONS_ORDER_STATUS_ID"; false
INSERT; "insert into configuration (configuration_title, configuration_key, configuration_value, configuration_description, configuration_group_id, sort_order, set_function, use_function, date_added) values (Set Order Status, MODULE_PAYMENT_MONEYBOOKERS_CSI_ORDER_STATUS_ID, 0, Set the status of orders made with this payment module to this value, 6, 0, tep_cfg_pull_down_order_statuses(, tep_get_order_status_name, now())"; configuration; "configuration_title, configuration_key, configuration_value, configuration_description, configuration_group_id, sort_order, set_function, use_function, date_added"; ""; false
SELECT; "select zone_id from zones_to_geo_zones where geo_zone_id = MODULE_PAYMENT_MONEYBOOKERS_DID_ZONE and zone_country_id = $order->billing[country][id] order by zone_id"; zones_to_geo_zones; "zoneid"; "$order->billing["country"]["id"], $order"; true
SELECT; "select configuration_value from configuration where configuration_key = MODULE_PAYMENT_MONEYBOOKERS_DID_STATUS"; configuration; "configurationvalue"; ""; false
SELECT; "select geo_zone_id from geo_zones where geo_zone_name = Moneybookers Lastschrift"; geo_zones; "geozoneid"; ""; true
INSERT; "insert into geo_zones values (null, Moneybookers Lastschrift, The zone for the Moneybookers Lastschrift payment module, null, now())"; geo_zones; "geo_zone_id, geo_zone_name, geo_zone_description, last_modified, date_added"; ""; false
SELECT; "select countries_id from countries where countries_iso_code_2 = DE"; countries; "countriesid"; ""; true
INSERT; "insert into zones_to_geo_zones values (null, (int) $country[countries_id] , 0, (int) $zone_id , null, now())"; zones_to_geo_zones; "association_id, zone_country_id, zone_id, geo_zone_id, last_modified, date_added"; "$country["countries_id"], $zone_id"; false
INSERT; "insert into configuration (configuration_title, configuration_key, configuration_value, configuration_description, configuration_group_id, sort_order, set_function, date_added) values (Enable Moneybookers Lastschrift, MODULE_PAYMENT_MONEYBOOKERS_DID_STATUS, False, Do you want to accept Moneybookers Lastschrift payments?, 6, 3, tep_cfg_select_option(array(True, False), , now())"; configuration; "configuration_title, configuration_key, configuration_value, configuration_description, configuration_group_id, sort_order, set_function, date_added"; ""; false
INSERT; "insert into configuration (configuration_title, configuration_key, configuration_value, configuration_description, configuration_group_id, sort_order, date_added) values (Sort order of display., MODULE_PAYMENT_MONEYBOOKERS_DID_SORT_ORDER, 0, Sort order of display. Lowest is displayed first., 6, 0, now())"; configuration; "configuration_title, configuration_key, configuration_value, configuration_description, configuration_group_id, sort_order, date_added"; ""; false
INSERT; "insert into configuration (configuration_title, configuration_key, configuration_value, configuration_description, configuration_group_id, sort_order, use_function, set_function, date_added) values (Payment Zone, MODULE_PAYMENT_MONEYBOOKERS_DID_ZONE, (int) $zone_id , If a zone is selected, only enable this payment method for that zone., 6, 2, tep_get_zone_class_title, tep_cfg_pull_down_zone_classes(, now())"; configuration; "configuration_title, configuration_key, configuration_value, configuration_description, configuration_group_id, sort_order, use_function, set_function, date_added"; "$zone_id"; false
INSERT; "insert into configuration (configuration_title, configuration_key, configuration_value, configuration_description, configuration_group_id, sort_order, set_function, use_function, date_added) values (Set Preparing Order Status, MODULE_PAYMENT_MONEYBOOKERS_DID_PREPARE_ORDER_STATUS_ID, MODULE_PAYMENT_MONEYBOOKERS_PREPARE_ORDER_STATUS_ID , Set the status of prepared orders made with this payment module to this value, 6, 0, tep_cfg_pull_down_order_statuses(, tep_get_order_status_name, now())"; configuration; "configuration_title, configuration_key, configuration_value, configuration_description, configuration_group_id, sort_order, set_function, use_function, date_added"; "MODULE_PAYMENT_MONEYBOOKERS_PREPARE_ORDER_STATUS_ID"; false
INSERT; "insert into configuration (configuration_title, configuration_key, configuration_value, configuration_description, configuration_group_id, sort_order, set_function, use_function, date_added) values (Set Transactions Order Status, MODULE_PAYMENT_MONEYBOOKERS_DID_TRANSACTIONS_ORDER_STATUS_ID, MODULE_PAYMENT_MONEYBOOKERS_TRANSACTIONS_ORDER_STATUS_ID , Set the status of callback transactions to this value, 6, 0, tep_cfg_pull_down_order_statuses(, tep_get_order_status_name, now())"; configuration; "configuration_title, configuration_key, configuration_value, configuration_description, configuration_group_id, sort_order, set_function, use_function, date_added"; "MODULE_PAYMENT_MONEYBOOKERS_TRANSACTIONS_ORDER_STATUS_ID"; false
INSERT; "insert into configuration (configuration_title, configuration_key, configuration_value, configuration_description, configuration_group_id, sort_order, set_function, use_function, date_added) values (Set Order Status, MODULE_PAYMENT_MONEYBOOKERS_DID_ORDER_STATUS_ID, 0, Set the status of orders made with this payment module to this value, 6, 0, tep_cfg_pull_down_order_statuses(, tep_get_order_status_name, now())"; configuration; "configuration_title, configuration_key, configuration_value, configuration_description, configuration_group_id, sort_order, set_function, use_function, date_added"; ""; false
SELECT; "select zone_id from zones_to_geo_zones where geo_zone_id = MODULE_PAYMENT_MONEYBOOKERS_DNK_ZONE and zone_country_id = $order->billing[country][id] order by zone_id"; zones_to_geo_zones; "zoneid"; "$order->billing["country"]["id"], $order"; true
SELECT; "select configuration_value from configuration where configuration_key = MODULE_PAYMENT_MONEYBOOKERS_DNK_STATUS"; configuration; "configurationvalue"; ""; false
SELECT; "select geo_zone_id from geo_zones where geo_zone_name = Moneybookers Dankort"; geo_zones; "geozoneid"; ""; true
INSERT; "insert into geo_zones values (null, Moneybookers Dankort, The zone for the Moneybookers Dankort payment module, null, now())"; geo_zones; "geo_zone_id, geo_zone_name, geo_zone_description, last_modified, date_added"; ""; false
SELECT; "select countries_id from countries where countries_iso_code_2 = DK"; countries; "countriesid"; ""; true
INSERT; "insert into zones_to_geo_zones values (null, (int) $country[countries_id] , 0, (int) $zone_id , null, now())"; zones_to_geo_zones; "association_id, zone_country_id, zone_id, geo_zone_id, last_modified, date_added"; "$country["countries_id"], $zone_id"; false
INSERT; "insert into configuration (configuration_title, configuration_key, configuration_value, configuration_description, configuration_group_id, sort_order, set_function, date_added) values (Enable Moneybookers Dankort, MODULE_PAYMENT_MONEYBOOKERS_DNK_STATUS, False, Do you want to accept Moneybookers Dankort payments?, 6, 3, tep_cfg_select_option(array(True, False), , now())"; configuration; "configuration_title, configuration_key, configuration_value, configuration_description, configuration_group_id, sort_order, set_function, date_added"; ""; false
INSERT; "insert into configuration (configuration_title, configuration_key, configuration_value, configuration_description, configuration_group_id, sort_order, date_added) values (Sort order of display., MODULE_PAYMENT_MONEYBOOKERS_DNK_SORT_ORDER, 0, Sort order of display. Lowest is displayed first., 6, 0, now())"; configuration; "configuration_title, configuration_key, configuration_value, configuration_description, configuration_group_id, sort_order, date_added"; ""; false
INSERT; "insert into configuration (configuration_title, configuration_key, configuration_value, configuration_description, configuration_group_id, sort_order, use_function, set_function, date_added) values (Payment Zone, MODULE_PAYMENT_MONEYBOOKERS_DNK_ZONE, (int) $zone_id , If a zone is selected, only enable this payment method for that zone., 6, 2, tep_get_zone_class_title, tep_cfg_pull_down_zone_classes(, now())"; configuration; "configuration_title, configuration_key, configuration_value, configuration_description, configuration_group_id, sort_order, use_function, set_function, date_added"; "$zone_id"; false
INSERT; "insert into configuration (configuration_title, configuration_key, configuration_value, configuration_description, configuration_group_id, sort_order, set_function, use_function, date_added) values (Set Preparing Order Status, MODULE_PAYMENT_MONEYBOOKERS_DNK_PREPARE_ORDER_STATUS_ID, MODULE_PAYMENT_MONEYBOOKERS_PREPARE_ORDER_STATUS_ID , Set the status of prepared orders made with this payment module to this value, 6, 0, tep_cfg_pull_down_order_statuses(, tep_get_order_status_name, now())"; configuration; "configuration_title, configuration_key, configuration_value, configuration_description, configuration_group_id, sort_order, set_function, use_function, date_added"; "MODULE_PAYMENT_MONEYBOOKERS_PREPARE_ORDER_STATUS_ID"; false
INSERT; "insert into configuration (configuration_title, configuration_key, configuration_value, configuration_description, configuration_group_id, sort_order, set_function, use_function, date_added) values (Set Transactions Order Status, MODULE_PAYMENT_MONEYBOOKERS_DNK_TRANSACTIONS_ORDER_STATUS_ID, MODULE_PAYMENT_MONEYBOOKERS_TRANSACTIONS_ORDER_STATUS_ID , Set the status of callback transactions to this value, 6, 0, tep_cfg_pull_down_order_statuses(, tep_get_order_status_name, now())"; configuration; "configuration_title, configuration_key, configuration_value, configuration_description, configuration_group_id, sort_order, set_function, use_function, date_added"; "MODULE_PAYMENT_MONEYBOOKERS_TRANSACTIONS_ORDER_STATUS_ID"; false
INSERT; "insert into configuration (configuration_title, configuration_key, configuration_value, configuration_description, configuration_group_id, sort_order, set_function, use_function, date_added) values (Set Order Status, MODULE_PAYMENT_MONEYBOOKERS_DNK_ORDER_STATUS_ID, 0, Set the status of orders made with this payment module to this value, 6, 0, tep_cfg_pull_down_order_statuses(, tep_get_order_status_name, now())"; configuration; "configuration_title, configuration_key, configuration_value, configuration_description, configuration_group_id, sort_order, set_function, use_function, date_added"; ""; false
SELECT; "select zone_id from zones_to_geo_zones where geo_zone_id = MODULE_PAYMENT_MONEYBOOKERS_EBT_ZONE and zone_country_id = $order->billing[country][id] order by zone_id"; zones_to_geo_zones; "zoneid"; "$order->billing["country"]["id"], $order"; true
SELECT; "select configuration_value from configuration where configuration_key = MODULE_PAYMENT_MONEYBOOKERS_EBT_STATUS"; configuration; "configurationvalue"; ""; false
SELECT; "select geo_zone_id from geo_zones where geo_zone_name = Moneybookers Nordea Solo (SE)"; geo_zones; "geozoneid"; ""; true
INSERT; "insert into geo_zones values (null, Moneybookers Nordea Solo (SE), The zone for the Moneybookers Nordea Solo (SE) payment module, null, now())"; geo_zones; "geo_zone_id, geo_zone_name, geo_zone_description, last_modified, date_added"; ""; false
SELECT; "select countries_id from countries where countries_iso_code_2 = SE"; countries; "countriesid"; ""; true
INSERT; "insert into zones_to_geo_zones values (null, (int) $country[countries_id] , 0, (int) $zone_id , null, now())"; zones_to_geo_zones; "association_id, zone_country_id, zone_id, geo_zone_id, last_modified, date_added"; "$country["countries_id"], $zone_id"; false
INSERT; "insert into configuration (configuration_title, configuration_key, configuration_value, configuration_description, configuration_group_id, sort_order, set_function, date_added) values (Enable Moneybookers Nordea Solo, MODULE_PAYMENT_MONEYBOOKERS_EBT_STATUS, False, Do you want to accept Moneybookers Nordea Solo payments?, 6, 3, tep_cfg_select_option(array(True, False), , now())"; configuration; "configuration_title, configuration_key, configuration_value, configuration_description, configuration_group_id, sort_order, set_function, date_added"; ""; false
INSERT; "insert into configuration (configuration_title, configuration_key, configuration_value, configuration_description, configuration_group_id, sort_order, date_added) values (Sort order of display., MODULE_PAYMENT_MONEYBOOKERS_EBT_SORT_ORDER, 0, Sort order of display. Lowest is displayed first., 6, 0, now())"; configuration; "configuration_title, configuration_key, configuration_value, configuration_description, configuration_group_id, sort_order, date_added"; ""; false
INSERT; "insert into configuration (configuration_title, configuration_key, configuration_value, configuration_description, configuration_group_id, sort_order, use_function, set_function, date_added) values (Payment Zone, MODULE_PAYMENT_MONEYBOOKERS_EBT_ZONE, (int) $zone_id , If a zone is selected, only enable this payment method for that zone., 6, 2, tep_get_zone_class_title, tep_cfg_pull_down_zone_classes(, now())"; configuration; "configuration_title, configuration_key, configuration_value, configuration_description, configuration_group_id, sort_order, use_function, set_function, date_added"; "$zone_id"; false
INSERT; "insert into configuration (configuration_title, configuration_key, configuration_value, configuration_description, configuration_group_id, sort_order, set_function, use_function, date_added) values (Set Preparing Order Status, MODULE_PAYMENT_MONEYBOOKERS_EBT_PREPARE_ORDER_STATUS_ID, MODULE_PAYMENT_MONEYBOOKERS_PREPARE_ORDER_STATUS_ID , Set the status of prepared orders made with this payment module to this value, 6, 0, tep_cfg_pull_down_order_statuses(, tep_get_order_status_name, now())"; configuration; "configuration_title, configuration_key, configuration_value, configuration_description, configuration_group_id, sort_order, set_function, use_function, date_added"; "MODULE_PAYMENT_MONEYBOOKERS_PREPARE_ORDER_STATUS_ID"; false
INSERT; "insert into configuration (configuration_title, configuration_key, configuration_value, configuration_description, configuration_group_id, sort_order, set_function, use_function, date_added) values (Set Transactions Order Status, MODULE_PAYMENT_MONEYBOOKERS_EBT_TRANSACTIONS_ORDER_STATUS_ID, MODULE_PAYMENT_MONEYBOOKERS_TRANSACTIONS_ORDER_STATUS_ID , Set the status of callback transactions to this value, 6, 0, tep_cfg_pull_down_order_statuses(, tep_get_order_status_name, now())"; configuration; "configuration_title, configuration_key, configuration_value, configuration_description, configuration_group_id, sort_order, set_function, use_function, date_added"; "MODULE_PAYMENT_MONEYBOOKERS_TRANSACTIONS_ORDER_STATUS_ID"; false
INSERT; "insert into configuration (configuration_title, configuration_key, configuration_value, configuration_description, configuration_group_id, sort_order, set_function, use_function, date_added) values (Set Order Status, MODULE_PAYMENT_MONEYBOOKERS_EBT_ORDER_STATUS_ID, 0, Set the status of orders made with this payment module to this value, 6, 0, tep_cfg_pull_down_order_statuses(, tep_get_order_status_name, now())"; configuration; "configuration_title, configuration_key, configuration_value, configuration_description, configuration_group_id, sort_order, set_function, use_function, date_added"; ""; false
SELECT; "select zone_id from zones_to_geo_zones where geo_zone_id = MODULE_PAYMENT_MONEYBOOKERS_ENT_ZONE and zone_country_id = $order->billing[country][id] order by zone_id"; zones_to_geo_zones; "zoneid"; "$order->billing["country"]["id"], $order"; true
SELECT; "select configuration_value from configuration where configuration_key = MODULE_PAYMENT_MONEYBOOKERS_ENT_STATUS"; configuration; "configurationvalue"; ""; false
SELECT; "select geo_zone_id from geo_zones where geo_zone_name = Moneybookers eNETS"; geo_zones; "geozoneid"; ""; true
INSERT; "insert into geo_zones values (null, Moneybookers eNETS, The zone for the Moneybookers eNETS payment module, null, now())"; geo_zones; "geo_zone_id, geo_zone_name, geo_zone_description, last_modified, date_added"; ""; false
SELECT; "select countries_id from countries where countries_iso_code_2 = SG"; countries; "countriesid"; ""; true
INSERT; "insert into zones_to_geo_zones values (null, (int) $country[countries_id] , 0, (int) $zone_id , null, now())"; zones_to_geo_zones; "association_id, zone_country_id, zone_id, geo_zone_id, last_modified, date_added"; "$country["countries_id"], $zone_id"; false
INSERT; "insert into configuration (configuration_title, configuration_key, configuration_value, configuration_description, configuration_group_id, sort_order, set_function, date_added) values (Enable Moneybookers eNETS, MODULE_PAYMENT_MONEYBOOKERS_ENT_STATUS, False, Do you want to accept Moneybookers eNETS payments?, 6, 3, tep_cfg_select_option(array(True, False), , now())"; configuration; "configuration_title, configuration_key, configuration_value, configuration_description, configuration_group_id, sort_order, set_function, date_added"; ""; false
INSERT; "insert into configuration (configuration_title, configuration_key, configuration_value, configuration_description, configuration_group_id, sort_order, date_added) values (Sort order of display., MODULE_PAYMENT_MONEYBOOKERS_ENT_SORT_ORDER, 0, Sort order of display. Lowest is displayed first., 6, 0, now())"; configuration; "configuration_title, configuration_key, configuration_value, configuration_description, configuration_group_id, sort_order, date_added"; ""; false
INSERT; "insert into configuration (configuration_title, configuration_key, configuration_value, configuration_description, configuration_group_id, sort_order, use_function, set_function, date_added) values (Payment Zone, MODULE_PAYMENT_MONEYBOOKERS_ENT_ZONE, (int) $zone_id , If a zone is selected, only enable this payment method for that zone., 6, 2, tep_get_zone_class_title, tep_cfg_pull_down_zone_classes(, now())"; configuration; "configuration_title, configuration_key, configuration_value, configuration_description, configuration_group_id, sort_order, use_function, set_function, date_added"; "$zone_id"; false
INSERT; "insert into configuration (configuration_title, configuration_key, configuration_value, configuration_description, configuration_group_id, sort_order, set_function, use_function, date_added) values (Set Preparing Order Status, MODULE_PAYMENT_MONEYBOOKERS_ENT_PREPARE_ORDER_STATUS_ID, MODULE_PAYMENT_MONEYBOOKERS_PREPARE_ORDER_STATUS_ID , Set the status of prepared orders made with this payment module to this value, 6, 0, tep_cfg_pull_down_order_statuses(, tep_get_order_status_name, now())"; configuration; "configuration_title, configuration_key, configuration_value, configuration_description, configuration_group_id, sort_order, set_function, use_function, date_added"; "MODULE_PAYMENT_MONEYBOOKERS_PREPARE_ORDER_STATUS_ID"; false
INSERT; "insert into configuration (configuration_title, configuration_key, configuration_value, configuration_description, configuration_group_id, sort_order, set_function, use_function, date_added) values (Set Transactions Order Status, MODULE_PAYMENT_MONEYBOOKERS_ENT_TRANSACTIONS_ORDER_STATUS_ID, MODULE_PAYMENT_MONEYBOOKERS_TRANSACTIONS_ORDER_STATUS_ID , Set the status of callback transactions to this value, 6, 0, tep_cfg_pull_down_order_statuses(, tep_get_order_status_name, now())"; configuration; "configuration_title, configuration_key, configuration_value, configuration_description, configuration_group_id, sort_order, set_function, use_function, date_added"; "MODULE_PAYMENT_MONEYBOOKERS_TRANSACTIONS_ORDER_STATUS_ID"; false
INSERT; "insert into configuration (configuration_title, configuration_key, configuration_value, configuration_description, configuration_group_id, sort_order, set_function, use_function, date_added) values (Set Order Status, MODULE_PAYMENT_MONEYBOOKERS_ENT_ORDER_STATUS_ID, 0, Set the status of orders made with this payment module to this value, 6, 0, tep_cfg_pull_down_order_statuses(, tep_get_order_status_name, now())"; configuration; "configuration_title, configuration_key, configuration_value, configuration_description, configuration_group_id, sort_order, set_function, use_function, date_added"; ""; false
SELECT; "select zone_id from zones_to_geo_zones where geo_zone_id = MODULE_PAYMENT_MONEYBOOKERS_GCB_ZONE and zone_country_id = $order->billing[country][id] order by zone_id"; zones_to_geo_zones; "zoneid"; "$order->billing["country"]["id"], $order"; true
SELECT; "select configuration_value from configuration where configuration_key = MODULE_PAYMENT_MONEYBOOKERS_GCB_STATUS"; configuration; "configurationvalue"; ""; false
SELECT; "select geo_zone_id from geo_zones where geo_zone_name = Moneybookers Carte Bleue"; geo_zones; "geozoneid"; ""; true
INSERT; "insert into geo_zones values (null, Moneybookers Carte Bleue, The zone for the Moneybookers Carte Bleue payment module, null, now())"; geo_zones; "geo_zone_id, geo_zone_name, geo_zone_description, last_modified, date_added"; ""; false
SELECT; "select countries_id from countries where countries_iso_code_2 = FR"; countries; "countriesid"; ""; true
INSERT; "insert into zones_to_geo_zones values (null, (int) $country[countries_id] , 0, (int) $zone_id , null, now())"; zones_to_geo_zones; "association_id, zone_country_id, zone_id, geo_zone_id, last_modified, date_added"; "$country["countries_id"], $zone_id"; false
INSERT; "insert into configuration (configuration_title, configuration_key, configuration_value, configuration_description, configuration_group_id, sort_order, set_function, date_added) values (Enable Moneybookers Carte Bleue, MODULE_PAYMENT_MONEYBOOKERS_GCB_STATUS, False, Do you want to accept Moneybookers Carte Bleue payments?, 6, 3, tep_cfg_select_option(array(True, False), , now())"; configuration; "configuration_title, configuration_key, configuration_value, configuration_description, configuration_group_id, sort_order, set_function, date_added"; ""; false
INSERT; "insert into configuration (configuration_title, configuration_key, configuration_value, configuration_description, configuration_group_id, sort_order, date_added) values (Sort order of display., MODULE_PAYMENT_MONEYBOOKERS_GCB_SORT_ORDER, 0, Sort order of display. Lowest is displayed first., 6, 0, now())"; configuration; "configuration_title, configuration_key, configuration_value, configuration_description, configuration_group_id, sort_order, date_added"; ""; false
INSERT; "insert into configuration (configuration_title, configuration_key, configuration_value, configuration_description, configuration_group_id, sort_order, use_function, set_function, date_added) values (Payment Zone, MODULE_PAYMENT_MONEYBOOKERS_GCB_ZONE, (int) $zone_id , If a zone is selected, only enable this payment method for that zone., 6, 2, tep_get_zone_class_title, tep_cfg_pull_down_zone_classes(, now())"; configuration; "configuration_title, configuration_key, configuration_value, configuration_description, configuration_group_id, sort_order, use_function, set_function, date_added"; "$zone_id"; false
INSERT; "insert into configuration (configuration_title, configuration_key, configuration_value, configuration_description, configuration_group_id, sort_order, set_function, use_function, date_added) values (Set Preparing Order Status, MODULE_PAYMENT_MONEYBOOKERS_GCB_PREPARE_ORDER_STATUS_ID, MODULE_PAYMENT_MONEYBOOKERS_PREPARE_ORDER_STATUS_ID , Set the status of prepared orders made with this payment module to this value, 6, 0, tep_cfg_pull_down_order_statuses(, tep_get_order_status_name, now())"; configuration; "configuration_title, configuration_key, configuration_value, configuration_description, configuration_group_id, sort_order, set_function, use_function, date_added"; "MODULE_PAYMENT_MONEYBOOKERS_PREPARE_ORDER_STATUS_ID"; false
INSERT; "insert into configuration (configuration_title, configuration_key, configuration_value, configuration_description, configuration_group_id, sort_order, set_function, use_function, date_added) values (Set Transactions Order Status, MODULE_PAYMENT_MONEYBOOKERS_GCB_TRANSACTIONS_ORDER_STATUS_ID, MODULE_PAYMENT_MONEYBOOKERS_TRANSACTIONS_ORDER_STATUS_ID , Set the status of callback transactions to this value, 6, 0, tep_cfg_pull_down_order_statuses(, tep_get_order_status_name, now())"; configuration; "configuration_title, configuration_key, configuration_value, configuration_description, configuration_group_id, sort_order, set_function, use_function, date_added"; "MODULE_PAYMENT_MONEYBOOKERS_TRANSACTIONS_ORDER_STATUS_ID"; false
INSERT; "insert into configuration (configuration_title, configuration_key, configuration_value, configuration_description, configuration_group_id, sort_order, set_function, use_function, date_added) values (Set Order Status, MODULE_PAYMENT_MONEYBOOKERS_GCB_ORDER_STATUS_ID, 0, Set the status of orders made with this payment module to this value, 6, 0, tep_cfg_pull_down_order_statuses(, tep_get_order_status_name, now())"; configuration; "configuration_title, configuration_key, configuration_value, configuration_description, configuration_group_id, sort_order, set_function, use_function, date_added"; ""; false
SELECT; "select zone_id from zones_to_geo_zones where geo_zone_id = MODULE_PAYMENT_MONEYBOOKERS_GIR_ZONE and zone_country_id = $order->billing[country][id] order by zone_id"; zones_to_geo_zones; "zoneid"; "$order->billing["country"]["id"], $order"; true
SELECT; "select configuration_value from configuration where configuration_key = MODULE_PAYMENT_MONEYBOOKERS_GIR_STATUS"; configuration; "configurationvalue"; ""; false
SELECT; "select geo_zone_id from geo_zones where geo_zone_name = Moneybookers Giropay"; geo_zones; "geozoneid"; ""; true
INSERT; "insert into geo_zones values (null, Moneybookers Giropay, The zone for the Moneybookers Giropay payment module, null, now())"; geo_zones; "geo_zone_id, geo_zone_name, geo_zone_description, last_modified, date_added"; ""; false
SELECT; "select countries_id from countries where countries_iso_code_2 = DE"; countries; "countriesid"; ""; true
INSERT; "insert into zones_to_geo_zones values (null, (int) $country[countries_id] , 0, (int) $zone_id , null, now())"; zones_to_geo_zones; "association_id, zone_country_id, zone_id, geo_zone_id, last_modified, date_added"; "$country["countries_id"], $zone_id"; false
INSERT; "insert into configuration (configuration_title, configuration_key, configuration_value, configuration_description, configuration_group_id, sort_order, set_function, date_added) values (Enable Moneybookers Giropay, MODULE_PAYMENT_MONEYBOOKERS_GIR_STATUS, False, Do you want to accept Moneybookers Giropay payments?, 6, 3, tep_cfg_select_option(array(True, False), , now())"; configuration; "configuration_title, configuration_key, configuration_value, configuration_description, configuration_group_id, sort_order, set_function, date_added"; ""; false
INSERT; "insert into configuration (configuration_title, configuration_key, configuration_value, configuration_description, configuration_group_id, sort_order, date_added) values (Sort order of display., MODULE_PAYMENT_MONEYBOOKERS_GIR_SORT_ORDER, 0, Sort order of display. Lowest is displayed first., 6, 0, now())"; configuration; "configuration_title, configuration_key, configuration_value, configuration_description, configuration_group_id, sort_order, date_added"; ""; false
INSERT; "insert into configuration (configuration_title, configuration_key, configuration_value, configuration_description, configuration_group_id, sort_order, use_function, set_function, date_added) values (Payment Zone, MODULE_PAYMENT_MONEYBOOKERS_GIR_ZONE, (int) $zone_id , If a zone is selected, only enable this payment method for that zone., 6, 2, tep_get_zone_class_title, tep_cfg_pull_down_zone_classes(, now())"; configuration; "configuration_title, configuration_key, configuration_value, configuration_description, configuration_group_id, sort_order, use_function, set_function, date_added"; "$zone_id"; false
INSERT; "insert into configuration (configuration_title, configuration_key, configuration_value, configuration_description, configuration_group_id, sort_order, set_function, use_function, date_added) values (Set Preparing Order Status, MODULE_PAYMENT_MONEYBOOKERS_GIR_PREPARE_ORDER_STATUS_ID, MODULE_PAYMENT_MONEYBOOKERS_PREPARE_ORDER_STATUS_ID , Set the status of prepared orders made with this payment module to this value, 6, 0, tep_cfg_pull_down_order_statuses(, tep_get_order_status_name, now())"; configuration; "configuration_title, configuration_key, configuration_value, configuration_description, configuration_group_id, sort_order, set_function, use_function, date_added"; "MODULE_PAYMENT_MONEYBOOKERS_PREPARE_ORDER_STATUS_ID"; false
INSERT; "insert into configuration (configuration_title, configuration_key, configuration_value, configuration_description, configuration_group_id, sort_order, set_function, use_function, date_added) values (Set Transactions Order Status, MODULE_PAYMENT_MONEYBOOKERS_GIR_TRANSACTIONS_ORDER_STATUS_ID, MODULE_PAYMENT_MONEYBOOKERS_TRANSACTIONS_ORDER_STATUS_ID , Set the status of callback transactions to this value, 6, 0, tep_cfg_pull_down_order_statuses(, tep_get_order_status_name, now())"; configuration; "configuration_title, configuration_key, configuration_value, configuration_description, configuration_group_id, sort_order, set_function, use_function, date_added"; "MODULE_PAYMENT_MONEYBOOKERS_TRANSACTIONS_ORDER_STATUS_ID"; false
INSERT; "insert into configuration (configuration_title, configuration_key, configuration_value, configuration_description, configuration_group_id, sort_order, set_function, use_function, date_added) values (Set Order Status, MODULE_PAYMENT_MONEYBOOKERS_GIR_ORDER_STATUS_ID, 0, Set the status of orders made with this payment module to this value, 6, 0, tep_cfg_pull_down_order_statuses(, tep_get_order_status_name, now())"; configuration; "configuration_title, configuration_key, configuration_value, configuration_description, configuration_group_id, sort_order, set_function, use_function, date_added"; ""; false
SELECT; "select zone_id from zones_to_geo_zones where geo_zone_id = MODULE_PAYMENT_MONEYBOOKERS_IDL_ZONE and zone_country_id = $order->billing[country][id] order by zone_id"; zones_to_geo_zones; "zoneid"; "$order->billing["country"]["id"], $order"; true
SELECT; "select configuration_value from configuration where configuration_key = MODULE_PAYMENT_MONEYBOOKERS_IDL_STATUS"; configuration; "configurationvalue"; ""; false
SELECT; "select geo_zone_id from geo_zones where geo_zone_name = Moneybookers iDeal"; geo_zones; "geozoneid"; ""; true
INSERT; "insert into geo_zones values (null, Moneybookers iDeal, The zone for the Moneybookers iDeal payment module, null, now())"; geo_zones; "geo_zone_id, geo_zone_name, geo_zone_description, last_modified, date_added"; ""; false
SELECT; "select countries_id from countries where countries_iso_code_2 = NL"; countries; "countriesid"; ""; true
INSERT; "insert into zones_to_geo_zones values (null, (int) $country[countries_id] , 0, (int) $zone_id , null, now())"; zones_to_geo_zones; "association_id, zone_country_id, zone_id, geo_zone_id, last_modified, date_added"; "$country["countries_id"], $zone_id"; false
INSERT; "insert into configuration (configuration_title, configuration_key, configuration_value, configuration_description, configuration_group_id, sort_order, set_function, date_added) values (Enable Moneybookers iDeal, MODULE_PAYMENT_MONEYBOOKERS_IDL_STATUS, False, Do you want to accept Moneybookers iDeal payments?, 6, 3, tep_cfg_select_option(array(True, False), , now())"; configuration; "configuration_title, configuration_key, configuration_value, configuration_description, configuration_group_id, sort_order, set_function, date_added"; ""; false
INSERT; "insert into configuration (configuration_title, configuration_key, configuration_value, configuration_description, configuration_group_id, sort_order, date_added) values (Sort order of display., MODULE_PAYMENT_MONEYBOOKERS_IDL_SORT_ORDER, 0, Sort order of display. Lowest is displayed first., 6, 0, now())"; configuration; "configuration_title, configuration_key, configuration_value, configuration_description, configuration_group_id, sort_order, date_added"; ""; false
INSERT; "insert into configuration (configuration_title, configuration_key, configuration_value, configuration_description, configuration_group_id, sort_order, use_function, set_function, date_added) values (Payment Zone, MODULE_PAYMENT_MONEYBOOKERS_IDL_ZONE, (int) $zone_id , If a zone is selected, only enable this payment method for that zone., 6, 2, tep_get_zone_class_title, tep_cfg_pull_down_zone_classes(, now())"; configuration; "configuration_title, configuration_key, configuration_value, configuration_description, configuration_group_id, sort_order, use_function, set_function, date_added"; "$zone_id"; false
INSERT; "insert into configuration (configuration_title, configuration_key, configuration_value, configuration_description, configuration_group_id, sort_order, set_function, use_function, date_added) values (Set Preparing Order Status, MODULE_PAYMENT_MONEYBOOKERS_IDL_PREPARE_ORDER_STATUS_ID, MODULE_PAYMENT_MONEYBOOKERS_PREPARE_ORDER_STATUS_ID , Set the status of prepared orders made with this payment module to this value, 6, 0, tep_cfg_pull_down_order_statuses(, tep_get_order_status_name, now())"; configuration; "configuration_title, configuration_key, configuration_value, configuration_description, configuration_group_id, sort_order, set_function, use_function, date_added"; "MODULE_PAYMENT_MONEYBOOKERS_PREPARE_ORDER_STATUS_ID"; false
INSERT; "insert into configuration (configuration_title, configuration_key, configuration_value, configuration_description, configuration_group_id, sort_order, set_function, use_function, date_added) values (Set Transactions Order Status, MODULE_PAYMENT_MONEYBOOKERS_IDL_TRANSACTIONS_ORDER_STATUS_ID, MODULE_PAYMENT_MONEYBOOKERS_TRANSACTIONS_ORDER_STATUS_ID , Set the status of callback transactions to this value, 6, 0, tep_cfg_pull_down_order_statuses(, tep_get_order_status_name, now())"; configuration; "configuration_title, configuration_key, configuration_value, configuration_description, configuration_group_id, sort_order, set_function, use_function, date_added"; "MODULE_PAYMENT_MONEYBOOKERS_TRANSACTIONS_ORDER_STATUS_ID"; false
INSERT; "insert into configuration (configuration_title, configuration_key, configuration_value, configuration_description, configuration_group_id, sort_order, set_function, use_function, date_added) values (Set Order Status, MODULE_PAYMENT_MONEYBOOKERS_IDL_ORDER_STATUS_ID, 0, Set the status of orders made with this payment module to this value, 6, 0, tep_cfg_pull_down_order_statuses(, tep_get_order_status_name, now())"; configuration; "configuration_title, configuration_key, configuration_value, configuration_description, configuration_group_id, sort_order, set_function, use_function, date_added"; ""; false
SELECT; "select zone_id from zones_to_geo_zones where geo_zone_id = MODULE_PAYMENT_MONEYBOOKERS_LSR_ZONE and zone_country_id = $order->billing[country][id] order by zone_id"; zones_to_geo_zones; "zoneid"; "$order->billing["country"]["id"], $order"; true
SELECT; "select configuration_value from configuration where configuration_key = MODULE_PAYMENT_MONEYBOOKERS_LSR_STATUS"; configuration; "configurationvalue"; ""; false
SELECT; "select geo_zone_id from geo_zones where geo_zone_name = Moneybookers Laser"; geo_zones; "geozoneid"; ""; true
INSERT; "insert into geo_zones values (null, Moneybookers Laser, The zone for the Moneybookers Laser payment module, null, now())"; geo_zones; "geo_zone_id, geo_zone_name, geo_zone_description, last_modified, date_added"; ""; false
SELECT; "select countries_id from countries where countries_iso_code_2 = IE"; countries; "countriesid"; ""; true
INSERT; "insert into zones_to_geo_zones values (null, (int) $country[countries_id] , 0, (int) $zone_id , null, now())"; zones_to_geo_zones; "association_id, zone_country_id, zone_id, geo_zone_id, last_modified, date_added"; "$country["countries_id"], $zone_id"; false
INSERT; "insert into configuration (configuration_title, configuration_key, configuration_value, configuration_description, configuration_group_id, sort_order, set_function, date_added) values (Enable Moneybookers Laser, MODULE_PAYMENT_MONEYBOOKERS_LSR_STATUS, False, Do you want to accept Moneybookers Laser payments?, 6, 3, tep_cfg_select_option(array(True, False), , now())"; configuration; "configuration_title, configuration_key, configuration_value, configuration_description, configuration_group_id, sort_order, set_function, date_added"; ""; false
INSERT; "insert into configuration (configuration_title, configuration_key, configuration_value, configuration_description, configuration_group_id, sort_order, date_added) values (Sort order of display., MODULE_PAYMENT_MONEYBOOKERS_LSR_SORT_ORDER, 0, Sort order of display. Lowest is displayed first., 6, 0, now())"; configuration; "configuration_title, configuration_key, configuration_value, configuration_description, configuration_group_id, sort_order, date_added"; ""; false
INSERT; "insert into configuration (configuration_title, configuration_key, configuration_value, configuration_description, configuration_group_id, sort_order, use_function, set_function, date_added) values (Payment Zone, MODULE_PAYMENT_MONEYBOOKERS_LSR_ZONE, (int) $zone_id , If a zone is selected, only enable this payment method for that zone., 6, 2, tep_get_zone_class_title, tep_cfg_pull_down_zone_classes(, now())"; configuration; "configuration_title, configuration_key, configuration_value, configuration_description, configuration_group_id, sort_order, use_function, set_function, date_added"; "$zone_id"; false
INSERT; "insert into configuration (configuration_title, configuration_key, configuration_value, configuration_description, configuration_group_id, sort_order, set_function, use_function, date_added) values (Set Preparing Order Status, MODULE_PAYMENT_MONEYBOOKERS_LSR_PREPARE_ORDER_STATUS_ID, MODULE_PAYMENT_MONEYBOOKERS_PREPARE_ORDER_STATUS_ID , Set the status of prepared orders made with this payment module to this value, 6, 0, tep_cfg_pull_down_order_statuses(, tep_get_order_status_name, now())"; configuration; "configuration_title, configuration_key, configuration_value, configuration_description, configuration_group_id, sort_order, set_function, use_function, date_added"; "MODULE_PAYMENT_MONEYBOOKERS_PREPARE_ORDER_STATUS_ID"; false
INSERT; "insert into configuration (configuration_title, configuration_key, configuration_value, configuration_description, configuration_group_id, sort_order, set_function, use_function, date_added) values (Set Transactions Order Status, MODULE_PAYMENT_MONEYBOOKERS_LSR_TRANSACTIONS_ORDER_STATUS_ID, MODULE_PAYMENT_MONEYBOOKERS_TRANSACTIONS_ORDER_STATUS_ID , Set the status of callback transactions to this value, 6, 0, tep_cfg_pull_down_order_statuses(, tep_get_order_status_name, now())"; configuration; "configuration_title, configuration_key, configuration_value, configuration_description, configuration_group_id, sort_order, set_function, use_function, date_added"; "MODULE_PAYMENT_MONEYBOOKERS_TRANSACTIONS_ORDER_STATUS_ID"; false
INSERT; "insert into configuration (configuration_title, configuration_key, configuration_value, configuration_description, configuration_group_id, sort_order, set_function, use_function, date_added) values (Set Order Status, MODULE_PAYMENT_MONEYBOOKERS_LSR_ORDER_STATUS_ID, 0, Set the status of orders made with this payment module to this value, 6, 0, tep_cfg_pull_down_order_statuses(, tep_get_order_status_name, now())"; configuration; "configuration_title, configuration_key, configuration_value, configuration_description, configuration_group_id, sort_order, set_function, use_function, date_added"; ""; false
SELECT; "select zone_id from zones_to_geo_zones where geo_zone_id = MODULE_PAYMENT_MONEYBOOKERS_MAE_ZONE and zone_country_id = $order->billing[country][id] order by zone_id"; zones_to_geo_zones; "zoneid"; "$order->billing["country"]["id"], $order"; true
SELECT; "select configuration_value from configuration where configuration_key = MODULE_PAYMENT_MONEYBOOKERS_MAE_STATUS"; configuration; "configurationvalue"; ""; false
SELECT; "select geo_zone_id from geo_zones where geo_zone_name = Moneybookers Maestro"; geo_zones; "geozoneid"; ""; true
INSERT; "insert into geo_zones values (null, Moneybookers Maestro, The zone for the Moneybookers Maestro payment module, null, now())"; geo_zones; "geo_zone_id, geo_zone_name, geo_zone_description, last_modified, date_added"; ""; false
SELECT; "select countries_id from countries where countries_iso_code_2 = AT or countries_iso_code_2 = ES or countries_iso_code_2 = GB"; countries; "countriesid"; ""; true
INSERT; "insert into zones_to_geo_zones values (null, (int) $country[countries_id] , 0, (int) $zone_id , null, now())"; zones_to_geo_zones; "association_id, zone_country_id, zone_id, geo_zone_id, last_modified, date_added"; "$country["countries_id"], $zone_id"; false
INSERT; "insert into configuration (configuration_title, configuration_key, configuration_value, configuration_description, configuration_group_id, sort_order, set_function, date_added) values (Enable Moneybookers Maestro, MODULE_PAYMENT_MONEYBOOKERS_MAE_STATUS, False, Do you want to accept Moneybookers Maestro payments?, 6, 3, tep_cfg_select_option(array(True, False), , now())"; configuration; "configuration_title, configuration_key, configuration_value, configuration_description, configuration_group_id, sort_order, set_function, date_added"; ""; false
INSERT; "insert into configuration (configuration_title, configuration_key, configuration_value, configuration_description, configuration_group_id, sort_order, date_added) values (Sort order of display., MODULE_PAYMENT_MONEYBOOKERS_MAE_SORT_ORDER, 0, Sort order of display. Lowest is displayed first., 6, 0, now())"; configuration; "configuration_title, configuration_key, configuration_value, configuration_description, configuration_group_id, sort_order, date_added"; ""; false
INSERT; "insert into configuration (configuration_title, configuration_key, configuration_value, configuration_description, configuration_group_id, sort_order, use_function, set_function, date_added) values (Payment Zone, MODULE_PAYMENT_MONEYBOOKERS_MAE_ZONE, (int) $zone_id , If a zone is selected, only enable this payment method for that zone., 6, 2, tep_get_zone_class_title, tep_cfg_pull_down_zone_classes(, now())"; configuration; "configuration_title, configuration_key, configuration_value, configuration_description, configuration_group_id, sort_order, use_function, set_function, date_added"; "$zone_id"; false
INSERT; "insert into configuration (configuration_title, configuration_key, configuration_value, configuration_description, configuration_group_id, sort_order, set_function, use_function, date_added) values (Set Preparing Order Status, MODULE_PAYMENT_MONEYBOOKERS_MAE_PREPARE_ORDER_STATUS_ID, MODULE_PAYMENT_MONEYBOOKERS_PREPARE_ORDER_STATUS_ID , Set the status of prepared orders made with this payment module to this value, 6, 0, tep_cfg_pull_down_order_statuses(, tep_get_order_status_name, now())"; configuration; "configuration_title, configuration_key, configuration_value, configuration_description, configuration_group_id, sort_order, set_function, use_function, date_added"; "MODULE_PAYMENT_MONEYBOOKERS_PREPARE_ORDER_STATUS_ID"; false
INSERT; "insert into configuration (configuration_title, configuration_key, configuration_value, configuration_description, configuration_group_id, sort_order, set_function, use_function, date_added) values (Set Transactions Order Status, MODULE_PAYMENT_MONEYBOOKERS_MAE_TRANSACTIONS_ORDER_STATUS_ID, MODULE_PAYMENT_MONEYBOOKERS_TRANSACTIONS_ORDER_STATUS_ID , Set the status of callback transactions to this value, 6, 0, tep_cfg_pull_down_order_statuses(, tep_get_order_status_name, now())"; configuration; "configuration_title, configuration_key, configuration_value, configuration_description, configuration_group_id, sort_order, set_function, use_function, date_added"; "MODULE_PAYMENT_MONEYBOOKERS_TRANSACTIONS_ORDER_STATUS_ID"; false
INSERT; "insert into configuration (configuration_title, configuration_key, configuration_value, configuration_description, configuration_group_id, sort_order, set_function, use_function, date_added) values (Set Order Status, MODULE_PAYMENT_MONEYBOOKERS_MAE_ORDER_STATUS_ID, 0, Set the status of orders made with this payment module to this value, 6, 0, tep_cfg_pull_down_order_statuses(, tep_get_order_status_name, now())"; configuration; "configuration_title, configuration_key, configuration_value, configuration_description, configuration_group_id, sort_order, set_function, use_function, date_added"; ""; false
SELECT; "select zone_id from zones_to_geo_zones where geo_zone_id = MODULE_PAYMENT_MONEYBOOKERS_MSC_ZONE and zone_country_id = $order->billing[country][id] order by zone_id"; zones_to_geo_zones; "zoneid"; "$order->billing["country"]["id"], $order"; true
SELECT; "select configuration_value from configuration where configuration_key = MODULE_PAYMENT_MONEYBOOKERS_MSC_STATUS"; configuration; "configurationvalue"; ""; false
SELECT; "select geo_zone_id from geo_zones where geo_zone_name = Moneybookers MC (Euro 6000/4B)"; geo_zones; "geozoneid"; ""; true
INSERT; "insert into geo_zones values (null, Moneybookers MC (Euro 6000/4B), The zone for the Moneybookers MC (Euro 6000/4B) payment module, null, now())"; geo_zones; "geo_zone_id, geo_zone_name, geo_zone_description, last_modified, date_added"; ""; false
SELECT; "select countries_id from countries where countries_iso_code_2 = ES"; countries; "countriesid"; ""; true
INSERT; "insert into zones_to_geo_zones values (null, (int) $country[countries_id] , 0, (int) $zone_id , null, now())"; zones_to_geo_zones; "association_id, zone_country_id, zone_id, geo_zone_id, last_modified, date_added"; "$country["countries_id"], $zone_id"; false
INSERT; "insert into configuration (configuration_title, configuration_key, configuration_value, configuration_description, configuration_group_id, sort_order, set_function, date_added) values (Enable Moneybookers Mastercard (Euro 6000/4B), MODULE_PAYMENT_MONEYBOOKERS_MSC_STATUS, False, Do you want to accept Moneybookers Mastercard (Euro 6000/4B) payments?, 6, 3, tep_cfg_select_option(array(True, False), , now())"; configuration; "configuration_title, configuration_key, configuration_value, configuration_description, configuration_group_id, sort_order, set_function, date_added"; ""; false
INSERT; "insert into configuration (configuration_title, configuration_key, configuration_value, configuration_description, configuration_group_id, sort_order, date_added) values (Sort order of display., MODULE_PAYMENT_MONEYBOOKERS_MSC_SORT_ORDER, 0, Sort order of display. Lowest is displayed first., 6, 0, now())"; configuration; "configuration_title, configuration_key, configuration_value, configuration_description, configuration_group_id, sort_order, date_added"; ""; false
INSERT; "insert into configuration (configuration_title, configuration_key, configuration_value, configuration_description, configuration_group_id, sort_order, use_function, set_function, date_added) values (Payment Zone, MODULE_PAYMENT_MONEYBOOKERS_MSC_ZONE, (int) $zone_id , If a zone is selected, only enable this payment method for that zone., 6, 2, tep_get_zone_class_title, tep_cfg_pull_down_zone_classes(, now())"; configuration; "configuration_title, configuration_key, configuration_value, configuration_description, configuration_group_id, sort_order, use_function, set_function, date_added"; "$zone_id"; false
INSERT; "insert into configuration (configuration_title, configuration_key, configuration_value, configuration_description, configuration_group_id, sort_order, set_function, use_function, date_added) values (Set Preparing Order Status, MODULE_PAYMENT_MONEYBOOKERS_MSC_PREPARE_ORDER_STATUS_ID, MODULE_PAYMENT_MONEYBOOKERS_PREPARE_ORDER_STATUS_ID , Set the status of prepared orders made with this payment module to this value, 6, 0, tep_cfg_pull_down_order_statuses(, tep_get_order_status_name, now())"; configuration; "configuration_title, configuration_key, configuration_value, configuration_description, configuration_group_id, sort_order, set_function, use_function, date_added"; "MODULE_PAYMENT_MONEYBOOKERS_PREPARE_ORDER_STATUS_ID"; false
INSERT; "insert into configuration (configuration_title, configuration_key, configuration_value, configuration_description, configuration_group_id, sort_order, set_function, use_function, date_added) values (Set Transactions Order Status, MODULE_PAYMENT_MONEYBOOKERS_MSC_TRANSACTIONS_ORDER_STATUS_ID, MODULE_PAYMENT_MONEYBOOKERS_TRANSACTIONS_ORDER_STATUS_ID , Set the status of callback transactions to this value, 6, 0, tep_cfg_pull_down_order_statuses(, tep_get_order_status_name, now())"; configuration; "configuration_title, configuration_key, configuration_value, configuration_description, configuration_group_id, sort_order, set_function, use_function, date_added"; "MODULE_PAYMENT_MONEYBOOKERS_TRANSACTIONS_ORDER_STATUS_ID"; false
INSERT; "insert into configuration (configuration_title, configuration_key, configuration_value, configuration_description, configuration_group_id, sort_order, set_function, use_function, date_added) values (Set Order Status, MODULE_PAYMENT_MONEYBOOKERS_MSC_ORDER_STATUS_ID, 0, Set the status of orders made with this payment module to this value, 6, 0, tep_cfg_pull_down_order_statuses(, tep_get_order_status_name, now())"; configuration; "configuration_title, configuration_key, configuration_value, configuration_description, configuration_group_id, sort_order, set_function, use_function, date_added"; ""; false
SELECT; "select zone_id from zones_to_geo_zones where geo_zone_id = MODULE_PAYMENT_MONEYBOOKERS_NGP_ZONE and zone_country_id = $order->billing[country][id] order by zone_id"; zones_to_geo_zones; "zoneid"; "$order->billing["country"]["id"], $order"; true
SELECT; "select configuration_value from configuration where configuration_key = MODULE_PAYMENT_MONEYBOOKERS_NGP_STATUS"; configuration; "configurationvalue"; ""; false
SELECT; "select geo_zone_id from geo_zones where geo_zone_name = Moneybookers OnlineBank Transfer"; geo_zones; "geozoneid"; ""; true
INSERT; "insert into geo_zones values (null, Moneybookers OnlineBank Transfer, The zone for the Moneybookers OnlineBank Transfer payment module, null, now())"; geo_zones; "geo_zone_id, geo_zone_name, geo_zone_description, last_modified, date_added"; ""; false
SELECT; "select countries_id from countries where countries_iso_code_2 = DE or countries_iso_code_2 = GB"; countries; "countriesid"; ""; true
INSERT; "insert into zones_to_geo_zones values (null, (int) $country[countries_id] , 0, (int) $zone_id , null, now())"; zones_to_geo_zones; "association_id, zone_country_id, zone_id, geo_zone_id, last_modified, date_added"; "$country["countries_id"], $zone_id"; false
INSERT; "insert into configuration (configuration_title, configuration_key, configuration_value, configuration_description, configuration_group_id, sort_order, set_function, date_added) values (Enable Moneybookers OnlineBank Transfer, MODULE_PAYMENT_MONEYBOOKERS_NGP_STATUS, False, Do you want to accept Moneybookers OnlineBank Transfer payments?, 6, 3, tep_cfg_select_option(array(True, False), , now())"; configuration; "configuration_title, configuration_key, configuration_value, configuration_description, configuration_group_id, sort_order, set_function, date_added"; ""; false
INSERT; "insert into configuration (configuration_title, configuration_key, configuration_value, configuration_description, configuration_group_id, sort_order, date_added) values (Sort order of display., MODULE_PAYMENT_MONEYBOOKERS_NGP_SORT_ORDER, 0, Sort order of display. Lowest is displayed first., 6, 0, now())"; configuration; "configuration_title, configuration_key, configuration_value, configuration_description, configuration_group_id, sort_order, date_added"; ""; false
INSERT; "insert into configuration (configuration_title, configuration_key, configuration_value, configuration_description, configuration_group_id, sort_order, use_function, set_function, date_added) values (Payment Zone, MODULE_PAYMENT_MONEYBOOKERS_NGP_ZONE, (int) $zone_id , If a zone is selected, only enable this payment method for that zone., 6, 2, tep_get_zone_class_title, tep_cfg_pull_down_zone_classes(, now())"; configuration; "configuration_title, configuration_key, configuration_value, configuration_description, configuration_group_id, sort_order, use_function, set_function, date_added"; "$zone_id"; false
INSERT; "insert into configuration (configuration_title, configuration_key, configuration_value, configuration_description, configuration_group_id, sort_order, set_function, use_function, date_added) values (Set Preparing Order Status, MODULE_PAYMENT_MONEYBOOKERS_NGP_PREPARE_ORDER_STATUS_ID, MODULE_PAYMENT_MONEYBOOKERS_PREPARE_ORDER_STATUS_ID , Set the status of prepared orders made with this payment module to this value, 6, 0, tep_cfg_pull_down_order_statuses(, tep_get_order_status_name, now())"; configuration; "configuration_title, configuration_key, configuration_value, configuration_description, configuration_group_id, sort_order, set_function, use_function, date_added"; "MODULE_PAYMENT_MONEYBOOKERS_PREPARE_ORDER_STATUS_ID"; false
INSERT; "insert into configuration (configuration_title, configuration_key, configuration_value, configuration_description, configuration_group_id, sort_order, set_function, use_function, date_added) values (Set Transactions Order Status, MODULE_PAYMENT_MONEYBOOKERS_NGP_TRANSACTIONS_ORDER_STATUS_ID, MODULE_PAYMENT_MONEYBOOKERS_TRANSACTIONS_ORDER_STATUS_ID , Set the status of callback transactions to this value, 6, 0, tep_cfg_pull_down_order_statuses(, tep_get_order_status_name, now())"; configuration; "configuration_title, configuration_key, configuration_value, configuration_description, configuration_group_id, sort_order, set_function, use_function, date_added"; "MODULE_PAYMENT_MONEYBOOKERS_TRANSACTIONS_ORDER_STATUS_ID"; false
INSERT; "insert into configuration (configuration_title, configuration_key, configuration_value, configuration_description, configuration_group_id, sort_order, set_function, use_function, date_added) values (Set Order Status, MODULE_PAYMENT_MONEYBOOKERS_NGP_ORDER_STATUS_ID, 0, Set the status of orders made with this payment module to this value, 6, 0, tep_cfg_pull_down_order_statuses(, tep_get_order_status_name, now())"; configuration; "configuration_title, configuration_key, configuration_value, configuration_description, configuration_group_id, sort_order, set_function, use_function, date_added"; ""; false
SELECT; "select zone_id from zones_to_geo_zones where geo_zone_id = MODULE_PAYMENT_MONEYBOOKERS_NPY_ZONE and zone_country_id = $order->billing[country][id] order by zone_id"; zones_to_geo_zones; "zoneid"; "$order->billing["country"]["id"], $order"; true
SELECT; "select configuration_value from configuration where configuration_key = MODULE_PAYMENT_MONEYBOOKERS_NPY_STATUS"; configuration; "configurationvalue"; ""; false
SELECT; "select geo_zone_id from geo_zones where geo_zone_name = Moneybookers EPS"; geo_zones; "geozoneid"; ""; true
INSERT; "insert into geo_zones values (null, Moneybookers EPS, The zone for the Moneybookers EPS payment module, null, now())"; geo_zones; "geo_zone_id, geo_zone_name, geo_zone_description, last_modified, date_added"; ""; false
SELECT; "select countries_id from countries where countries_iso_code_2 = AT"; countries; "countriesid"; ""; true
INSERT; "insert into zones_to_geo_zones values (null, (int) $country[countries_id] , 0, (int) $zone_id , null, now())"; zones_to_geo_zones; "association_id, zone_country_id, zone_id, geo_zone_id, last_modified, date_added"; "$country["countries_id"], $zone_id"; false
INSERT; "insert into configuration (configuration_title, configuration_key, configuration_value, configuration_description, configuration_group_id, sort_order, set_function, date_added) values (Enable Moneybookers EPS, MODULE_PAYMENT_MONEYBOOKERS_NPY_STATUS, False, Do you want to accept Moneybookers EPS payments?, 6, 3, tep_cfg_select_option(array(True, False), , now())"; configuration; "configuration_title, configuration_key, configuration_value, configuration_description, configuration_group_id, sort_order, set_function, date_added"; ""; false
INSERT; "insert into configuration (configuration_title, configuration_key, configuration_value, configuration_description, configuration_group_id, sort_order, date_added) values (Sort order of display., MODULE_PAYMENT_MONEYBOOKERS_NPY_SORT_ORDER, 0, Sort order of display. Lowest is displayed first., 6, 0, now())"; configuration; "configuration_title, configuration_key, configuration_value, configuration_description, configuration_group_id, sort_order, date_added"; ""; false
INSERT; "insert into configuration (configuration_title, configuration_key, configuration_value, configuration_description, configuration_group_id, sort_order, use_function, set_function, date_added) values (Payment Zone, MODULE_PAYMENT_MONEYBOOKERS_NPY_ZONE, (int) $zone_id , If a zone is selected, only enable this payment method for that zone., 6, 2, tep_get_zone_class_title, tep_cfg_pull_down_zone_classes(, now())"; configuration; "configuration_title, configuration_key, configuration_value, configuration_description, configuration_group_id, sort_order, use_function, set_function, date_added"; "$zone_id"; false
INSERT; "insert into configuration (configuration_title, configuration_key, configuration_value, configuration_description, configuration_group_id, sort_order, set_function, use_function, date_added) values (Set Preparing Order Status, MODULE_PAYMENT_MONEYBOOKERS_NPY_PREPARE_ORDER_STATUS_ID, MODULE_PAYMENT_MONEYBOOKERS_PREPARE_ORDER_STATUS_ID , Set the status of prepared orders made with this payment module to this value, 6, 0, tep_cfg_pull_down_order_statuses(, tep_get_order_status_name, now())"; configuration; "configuration_title, configuration_key, configuration_value, configuration_description, configuration_group_id, sort_order, set_function, use_function, date_added"; "MODULE_PAYMENT_MONEYBOOKERS_PREPARE_ORDER_STATUS_ID"; false
INSERT; "insert into configuration (configuration_title, configuration_key, configuration_value, configuration_description, configuration_group_id, sort_order, set_function, use_function, date_added) values (Set Transactions Order Status, MODULE_PAYMENT_MONEYBOOKERS_NPY_TRANSACTIONS_ORDER_STATUS_ID, MODULE_PAYMENT_MONEYBOOKERS_TRANSACTIONS_ORDER_STATUS_ID , Set the status of callback transactions to this value, 6, 0, tep_cfg_pull_down_order_statuses(, tep_get_order_status_name, now())"; configuration; "configuration_title, configuration_key, configuration_value, configuration_description, configuration_group_id, sort_order, set_function, use_function, date_added"; "MODULE_PAYMENT_MONEYBOOKERS_TRANSACTIONS_ORDER_STATUS_ID"; false
INSERT; "insert into configuration (configuration_title, configuration_key, configuration_value, configuration_description, configuration_group_id, sort_order, set_function, use_function, date_added) values (Set Order Status, MODULE_PAYMENT_MONEYBOOKERS_NPY_ORDER_STATUS_ID, 0, Set the status of orders made with this payment module to this value, 6, 0, tep_cfg_pull_down_order_statuses(, tep_get_order_status_name, now())"; configuration; "configuration_title, configuration_key, configuration_value, configuration_description, configuration_group_id, sort_order, set_function, use_function, date_added"; ""; false
SELECT; "select zone_id from zones_to_geo_zones where geo_zone_id = MODULE_PAYMENT_MONEYBOOKERS_PLI_ZONE and zone_country_id = $order->billing[country][id] order by zone_id"; zones_to_geo_zones; "zoneid"; "$order->billing["country"]["id"], $order"; true
SELECT; "select configuration_value from configuration where configuration_key = MODULE_PAYMENT_MONEYBOOKERS_PLI_STATUS"; configuration; "configurationvalue"; ""; false
SELECT; "select geo_zone_id from geo_zones where geo_zone_name = Moneybookers POLi"; geo_zones; "geozoneid"; ""; true
INSERT; "insert into geo_zones values (null, Moneybookers POLi, The zone for the Moneybookers POLi payment module, null, now())"; geo_zones; "geo_zone_id, geo_zone_name, geo_zone_description, last_modified, date_added"; ""; false
SELECT; "select countries_id from countries where countries_iso_code_2 = AU"; countries; "countriesid"; ""; true
INSERT; "insert into zones_to_geo_zones values (null, (int) $country[countries_id] , 0, (int) $zone_id , null, now())"; zones_to_geo_zones; "association_id, zone_country_id, zone_id, geo_zone_id, last_modified, date_added"; "$country["countries_id"], $zone_id"; false
INSERT; "insert into configuration (configuration_title, configuration_key, configuration_value, configuration_description, configuration_group_id, sort_order, set_function, date_added) values (Enable Moneybookers POLi, MODULE_PAYMENT_MONEYBOOKERS_PLI_STATUS, False, Do you want to accept Moneybookers POLi payments?, 6, 3, tep_cfg_select_option(array(True, False), , now())"; configuration; "configuration_title, configuration_key, configuration_value, configuration_description, configuration_group_id, sort_order, set_function, date_added"; ""; false
INSERT; "insert into configuration (configuration_title, configuration_key, configuration_value, configuration_description, configuration_group_id, sort_order, date_added) values (Sort order of display., MODULE_PAYMENT_MONEYBOOKERS_PLI_SORT_ORDER, 0, Sort order of display. Lowest is displayed first., 6, 0, now())"; configuration; "configuration_title, configuration_key, configuration_value, configuration_description, configuration_group_id, sort_order, date_added"; ""; false
INSERT; "insert into configuration (configuration_title, configuration_key, configuration_value, configuration_description, configuration_group_id, sort_order, use_function, set_function, date_added) values (Payment Zone, MODULE_PAYMENT_MONEYBOOKERS_PLI_ZONE, (int) $zone_id , If a zone is selected, only enable this payment method for that zone., 6, 2, tep_get_zone_class_title, tep_cfg_pull_down_zone_classes(, now())"; configuration; "configuration_title, configuration_key, configuration_value, configuration_description, configuration_group_id, sort_order, use_function, set_function, date_added"; "$zone_id"; false
INSERT; "insert into configuration (configuration_title, configuration_key, configuration_value, configuration_description, configuration_group_id, sort_order, set_function, use_function, date_added) values (Set Preparing Order Status, MODULE_PAYMENT_MONEYBOOKERS_PLI_PREPARE_ORDER_STATUS_ID, MODULE_PAYMENT_MONEYBOOKERS_PREPARE_ORDER_STATUS_ID , Set the status of prepared orders made with this payment module to this value, 6, 0, tep_cfg_pull_down_order_statuses(, tep_get_order_status_name, now())"; configuration; "configuration_title, configuration_key, configuration_value, configuration_description, configuration_group_id, sort_order, set_function, use_function, date_added"; "MODULE_PAYMENT_MONEYBOOKERS_PREPARE_ORDER_STATUS_ID"; false
INSERT; "insert into configuration (configuration_title, configuration_key, configuration_value, configuration_description, configuration_group_id, sort_order, set_function, use_function, date_added) values (Set Transactions Order Status, MODULE_PAYMENT_MONEYBOOKERS_PLI_TRANSACTIONS_ORDER_STATUS_ID, MODULE_PAYMENT_MONEYBOOKERS_TRANSACTIONS_ORDER_STATUS_ID , Set the status of callback transactions to this value, 6, 0, tep_cfg_pull_down_order_statuses(, tep_get_order_status_name, now())"; configuration; "configuration_title, configuration_key, configuration_value, configuration_description, configuration_group_id, sort_order, set_function, use_function, date_added"; "MODULE_PAYMENT_MONEYBOOKERS_TRANSACTIONS_ORDER_STATUS_ID"; false
INSERT; "insert into configuration (configuration_title, configuration_key, configuration_value, configuration_description, configuration_group_id, sort_order, set_function, use_function, date_added) values (Set Order Status, MODULE_PAYMENT_MONEYBOOKERS_PLI_ORDER_STATUS_ID, 0, Set the status of orders made with this payment module to this value, 6, 0, tep_cfg_pull_down_order_statuses(, tep_get_order_status_name, now())"; configuration; "configuration_title, configuration_key, configuration_value, configuration_description, configuration_group_id, sort_order, set_function, use_function, date_added"; ""; false
SELECT; "select zone_id from zones_to_geo_zones where geo_zone_id = MODULE_PAYMENT_MONEYBOOKERS_PSP_ZONE and zone_country_id = $order->billing[country][id] order by zone_id"; zones_to_geo_zones; "zoneid"; "$order->billing["country"]["id"], $order"; true
SELECT; "select configuration_value from configuration where configuration_key = MODULE_PAYMENT_MONEYBOOKERS_PSP_STATUS"; configuration; "configurationvalue"; ""; false
SELECT; "select geo_zone_id from geo_zones where geo_zone_name = Moneybookers Postepay"; geo_zones; "geozoneid"; ""; true
INSERT; "insert into geo_zones values (null, Moneybookers Postepay, The zone for the Moneybookers Postepay payment module, null, now())"; geo_zones; "geo_zone_id, geo_zone_name, geo_zone_description, last_modified, date_added"; ""; false
SELECT; "select countries_id from countries where countries_iso_code_2 = IT"; countries; "countriesid"; ""; true
INSERT; "insert into zones_to_geo_zones values (null, (int) $country[countries_id] , 0, (int) $zone_id , null, now())"; zones_to_geo_zones; "association_id, zone_country_id, zone_id, geo_zone_id, last_modified, date_added"; "$country["countries_id"], $zone_id"; false
INSERT; "insert into configuration (configuration_title, configuration_key, configuration_value, configuration_description, configuration_group_id, sort_order, set_function, date_added) values (Enable Moneybookers Postepay, MODULE_PAYMENT_MONEYBOOKERS_PSP_STATUS, False, Do you want to accept Moneybookers Postepay payments?, 6, 3, tep_cfg_select_option(array(True, False), , now())"; configuration; "configuration_title, configuration_key, configuration_value, configuration_description, configuration_group_id, sort_order, set_function, date_added"; ""; false
INSERT; "insert into configuration (configuration_title, configuration_key, configuration_value, configuration_description, configuration_group_id, sort_order, date_added) values (Sort order of display., MODULE_PAYMENT_MONEYBOOKERS_PSP_SORT_ORDER, 0, Sort order of display. Lowest is displayed first., 6, 0, now())"; configuration; "configuration_title, configuration_key, configuration_value, configuration_description, configuration_group_id, sort_order, date_added"; ""; false
INSERT; "insert into configuration (configuration_title, configuration_key, configuration_value, configuration_description, configuration_group_id, sort_order, use_function, set_function, date_added) values (Payment Zone, MODULE_PAYMENT_MONEYBOOKERS_PSP_ZONE, (int) $zone_id , If a zone is selected, only enable this payment method for that zone., 6, 2, tep_get_zone_class_title, tep_cfg_pull_down_zone_classes(, now())"; configuration; "configuration_title, configuration_key, configuration_value, configuration_description, configuration_group_id, sort_order, use_function, set_function, date_added"; "$zone_id"; false
INSERT; "insert into configuration (configuration_title, configuration_key, configuration_value, configuration_description, configuration_group_id, sort_order, set_function, use_function, date_added) values (Set Preparing Order Status, MODULE_PAYMENT_MONEYBOOKERS_PSP_PREPARE_ORDER_STATUS_ID, MODULE_PAYMENT_MONEYBOOKERS_PREPARE_ORDER_STATUS_ID , Set the status of prepared orders made with this payment module to this value, 6, 0, tep_cfg_pull_down_order_statuses(, tep_get_order_status_name, now())"; configuration; "configuration_title, configuration_key, configuration_value, configuration_description, configuration_group_id, sort_order, set_function, use_function, date_added"; "MODULE_PAYMENT_MONEYBOOKERS_PREPARE_ORDER_STATUS_ID"; false
INSERT; "insert into configuration (configuration_title, configuration_key, configuration_value, configuration_description, configuration_group_id, sort_order, set_function, use_function, date_added) values (Set Transactions Order Status, MODULE_PAYMENT_MONEYBOOKERS_PSP_TRANSACTIONS_ORDER_STATUS_ID, MODULE_PAYMENT_MONEYBOOKERS_TRANSACTIONS_ORDER_STATUS_ID , Set the status of callback transactions to this value, 6, 0, tep_cfg_pull_down_order_statuses(, tep_get_order_status_name, now())"; configuration; "configuration_title, configuration_key, configuration_value, configuration_description, configuration_group_id, sort_order, set_function, use_function, date_added"; "MODULE_PAYMENT_MONEYBOOKERS_TRANSACTIONS_ORDER_STATUS_ID"; false
INSERT; "insert into configuration (configuration_title, configuration_key, configuration_value, configuration_description, configuration_group_id, sort_order, set_function, use_function, date_added) values (Set Order Status, MODULE_PAYMENT_MONEYBOOKERS_PSP_ORDER_STATUS_ID, 0, Set the status of orders made with this payment module to this value, 6, 0, tep_cfg_pull_down_order_statuses(, tep_get_order_status_name, now())"; configuration; "configuration_title, configuration_key, configuration_value, configuration_description, configuration_group_id, sort_order, set_function, use_function, date_added"; ""; false
SELECT; "select zone_id from zones_to_geo_zones where geo_zone_id = MODULE_PAYMENT_MONEYBOOKERS_PWY_ZONE and zone_country_id = $order->billing[country][id] order by zone_id"; zones_to_geo_zones; "zoneid"; "$order->billing["country"]["id"], $order"; true
SELECT; "select configuration_value from configuration where configuration_key = MODULE_PAYMENT_MONEYBOOKERS_PWY_STATUS"; configuration; "configurationvalue"; ""; false
SELECT; "select geo_zone_id from geo_zones where geo_zone_name = Moneybookers Przelewy"; geo_zones; "geozoneid"; ""; true
INSERT; "insert into geo_zones values (null, Moneybookers Przelewy, The zone for the Moneybookers Przelewy payment module, null, now())"; geo_zones; "geo_zone_id, geo_zone_name, geo_zone_description, last_modified, date_added"; ""; false
SELECT; "select countries_id from countries where countries_iso_code_2 = PL"; countries; "countriesid"; ""; true
INSERT; "insert into zones_to_geo_zones values (null, (int) $country[countries_id] , 0, (int) $zone_id , null, now())"; zones_to_geo_zones; "association_id, zone_country_id, zone_id, geo_zone_id, last_modified, date_added"; "$country["countries_id"], $zone_id"; false
INSERT; "insert into configuration (configuration_title, configuration_key, configuration_value, configuration_description, configuration_group_id, sort_order, set_function, date_added) values (Enable Moneybookers Przelewy, MODULE_PAYMENT_MONEYBOOKERS_PWY_STATUS, False, Do you want to accept Moneybookers Przelewy payments?, 6, 3, tep_cfg_select_option(array(True, False), , now())"; configuration; "configuration_title, configuration_key, configuration_value, configuration_description, configuration_group_id, sort_order, set_function, date_added"; ""; false
INSERT; "insert into configuration (configuration_title, configuration_key, configuration_value, configuration_description, configuration_group_id, sort_order, date_added) values (Sort order of display., MODULE_PAYMENT_MONEYBOOKERS_PWY_SORT_ORDER, 0, Sort order of display. Lowest is displayed first., 6, 0, now())"; configuration; "configuration_title, configuration_key, configuration_value, configuration_description, configuration_group_id, sort_order, date_added"; ""; false
INSERT; "insert into configuration (configuration_title, configuration_key, configuration_value, configuration_description, configuration_group_id, sort_order, use_function, set_function, date_added) values (Payment Zone, MODULE_PAYMENT_MONEYBOOKERS_PWY_ZONE, (int) $zone_id , If a zone is selected, only enable this payment method for that zone., 6, 2, tep_get_zone_class_title, tep_cfg_pull_down_zone_classes(, now())"; configuration; "configuration_title, configuration_key, configuration_value, configuration_description, configuration_group_id, sort_order, use_function, set_function, date_added"; "$zone_id"; false
INSERT; "insert into configuration (configuration_title, configuration_key, configuration_value, configuration_description, configuration_group_id, sort_order, set_function, use_function, date_added) values (Set Preparing Order Status, MODULE_PAYMENT_MONEYBOOKERS_PWY_PREPARE_ORDER_STATUS_ID, MODULE_PAYMENT_MONEYBOOKERS_PREPARE_ORDER_STATUS_ID , Set the status of prepared orders made with this payment module to this value, 6, 0, tep_cfg_pull_down_order_statuses(, tep_get_order_status_name, now())"; configuration; "configuration_title, configuration_key, configuration_value, configuration_description, configuration_group_id, sort_order, set_function, use_function, date_added"; "MODULE_PAYMENT_MONEYBOOKERS_PREPARE_ORDER_STATUS_ID"; false
INSERT; "insert into configuration (configuration_title, configuration_key, configuration_value, configuration_description, configuration_group_id, sort_order, set_function, use_function, date_added) values (Set Transactions Order Status, MODULE_PAYMENT_MONEYBOOKERS_PWY_TRANSACTIONS_ORDER_STATUS_ID, MODULE_PAYMENT_MONEYBOOKERS_TRANSACTIONS_ORDER_STATUS_ID , Set the status of callback transactions to this value, 6, 0, tep_cfg_pull_down_order_statuses(, tep_get_order_status_name, now())"; configuration; "configuration_title, configuration_key, configuration_value, configuration_description, configuration_group_id, sort_order, set_function, use_function, date_added"; "MODULE_PAYMENT_MONEYBOOKERS_TRANSACTIONS_ORDER_STATUS_ID"; false
INSERT; "insert into configuration (configuration_title, configuration_key, configuration_value, configuration_description, configuration_group_id, sort_order, set_function, use_function, date_added) values (Set Order Status, MODULE_PAYMENT_MONEYBOOKERS_PWY_ORDER_STATUS_ID, 0, Set the status of orders made with this payment module to this value, 6, 0, tep_cfg_pull_down_order_statuses(, tep_get_order_status_name, now())"; configuration; "configuration_title, configuration_key, configuration_value, configuration_description, configuration_group_id, sort_order, set_function, use_function, date_added"; ""; false
SELECT; "select zone_id from zones_to_geo_zones where geo_zone_id = MODULE_PAYMENT_MONEYBOOKERS_SFT_ZONE and zone_country_id = $order->billing[country][id] order by zone_id"; zones_to_geo_zones; "zoneid"; "$order->billing["country"]["id"], $order"; true
SELECT; "select configuration_value from configuration where configuration_key = MODULE_PAYMENT_MONEYBOOKERS_SFT_STATUS"; configuration; "configurationvalue"; ""; false
SELECT; "select geo_zone_id from geo_zones where geo_zone_name = Moneybookers Sofortüberweisung"; geo_zones; "geozoneid"; ""; true
INSERT; "insert into geo_zones values (null, Moneybookers Sofortüberweisung, The zone for the Moneybookers Sofortüberweisung payment module, null, now())"; geo_zones; "geo_zone_id, geo_zone_name, geo_zone_description, last_modified, date_added"; ""; false
SELECT; "select countries_id from countries where countries_iso_code_2 = DE"; countries; "countriesid"; ""; true
INSERT; "insert into zones_to_geo_zones values (null, (int) $country[countries_id] , 0, (int) $zone_id , null, now())"; zones_to_geo_zones; "association_id, zone_country_id, zone_id, geo_zone_id, last_modified, date_added"; "$country["countries_id"], $zone_id"; false
INSERT; "insert into configuration (configuration_title, configuration_key, configuration_value, configuration_description, configuration_group_id, sort_order, set_function, date_added) values (Enable Moneybookers Sofortüberweisung, MODULE_PAYMENT_MONEYBOOKERS_SFT_STATUS, False, Do you want to accept Moneybookers Sofortüberweisung payments?, 6, 3, tep_cfg_select_option(array(True, False), , now())"; configuration; "configuration_title, configuration_key, configuration_value, configuration_description, configuration_group_id, sort_order, set_function, date_added"; ""; false
INSERT; "insert into configuration (configuration_title, configuration_key, configuration_value, configuration_description, configuration_group_id, sort_order, date_added) values (Sort order of display., MODULE_PAYMENT_MONEYBOOKERS_SFT_SORT_ORDER, 0, Sort order of display. Lowest is displayed first., 6, 0, now())"; configuration; "configuration_title, configuration_key, configuration_value, configuration_description, configuration_group_id, sort_order, date_added"; ""; false
INSERT; "insert into configuration (configuration_title, configuration_key, configuration_value, configuration_description, configuration_group_id, sort_order, use_function, set_function, date_added) values (Payment Zone, MODULE_PAYMENT_MONEYBOOKERS_SFT_ZONE, (int) $zone_id , If a zone is selected, only enable this payment method for that zone., 6, 2, tep_get_zone_class_title, tep_cfg_pull_down_zone_classes(, now())"; configuration; "configuration_title, configuration_key, configuration_value, configuration_description, configuration_group_id, sort_order, use_function, set_function, date_added"; "$zone_id"; false
INSERT; "insert into configuration (configuration_title, configuration_key, configuration_value, configuration_description, configuration_group_id, sort_order, set_function, use_function, date_added) values (Set Preparing Order Status, MODULE_PAYMENT_MONEYBOOKERS_SFT_PREPARE_ORDER_STATUS_ID, MODULE_PAYMENT_MONEYBOOKERS_PREPARE_ORDER_STATUS_ID , Set the status of prepared orders made with this payment module to this value, 6, 0, tep_cfg_pull_down_order_statuses(, tep_get_order_status_name, now())"; configuration; "configuration_title, configuration_key, configuration_value, configuration_description, configuration_group_id, sort_order, set_function, use_function, date_added"; "MODULE_PAYMENT_MONEYBOOKERS_PREPARE_ORDER_STATUS_ID"; false
INSERT; "insert into configuration (configuration_title, configuration_key, configuration_value, configuration_description, configuration_group_id, sort_order, set_function, use_function, date_added) values (Set Transactions Order Status, MODULE_PAYMENT_MONEYBOOKERS_SFT_TRANSACTIONS_ORDER_STATUS_ID, MODULE_PAYMENT_MONEYBOOKERS_TRANSACTIONS_ORDER_STATUS_ID , Set the status of callback transactions to this value, 6, 0, tep_cfg_pull_down_order_statuses(, tep_get_order_status_name, now())"; configuration; "configuration_title, configuration_key, configuration_value, configuration_description, configuration_group_id, sort_order, set_function, use_function, date_added"; "MODULE_PAYMENT_MONEYBOOKERS_TRANSACTIONS_ORDER_STATUS_ID"; false
INSERT; "insert into configuration (configuration_title, configuration_key, configuration_value, configuration_description, configuration_group_id, sort_order, set_function, use_function, date_added) values (Set Order Status, MODULE_PAYMENT_MONEYBOOKERS_SFT_ORDER_STATUS_ID, 0, Set the status of orders made with this payment module to this value, 6, 0, tep_cfg_pull_down_order_statuses(, tep_get_order_status_name, now())"; configuration; "configuration_title, configuration_key, configuration_value, configuration_description, configuration_group_id, sort_order, set_function, use_function, date_added"; ""; false
SELECT; "select zone_id from zones_to_geo_zones where geo_zone_id = MODULE_PAYMENT_MONEYBOOKERS_SLO_ZONE and zone_country_id = $order->billing[country][id] order by zone_id"; zones_to_geo_zones; "zoneid"; "$order->billing["country"]["id"], $order"; true
SELECT; "select configuration_value from configuration where configuration_key = MODULE_PAYMENT_MONEYBOOKERS_SLO_STATUS"; configuration; "configurationvalue"; ""; false
SELECT; "select geo_zone_id from geo_zones where geo_zone_name = Moneybookers Solo"; geo_zones; "geozoneid"; ""; true
INSERT; "insert into geo_zones values (null, Moneybookers Solo, The zone for the Moneybookers Solo payment module, null, now())"; geo_zones; "geo_zone_id, geo_zone_name, geo_zone_description, last_modified, date_added"; ""; false
SELECT; "select countries_id from countries where countries_iso_code_2 = GB"; countries; "countriesid"; ""; true
INSERT; "insert into zones_to_geo_zones values (null, (int) $country[countries_id] , 0, (int) $zone_id , null, now())"; zones_to_geo_zones; "association_id, zone_country_id, zone_id, geo_zone_id, last_modified, date_added"; "$country["countries_id"], $zone_id"; false
INSERT; "insert into configuration (configuration_title, configuration_key, configuration_value, configuration_description, configuration_group_id, sort_order, set_function, date_added) values (Enable Moneybookers Solo, MODULE_PAYMENT_MONEYBOOKERS_SLO_STATUS, False, Do you want to accept Moneybookers Solo payments?, 6, 3, tep_cfg_select_option(array(True, False), , now())"; configuration; "configuration_title, configuration_key, configuration_value, configuration_description, configuration_group_id, sort_order, set_function, date_added"; ""; false
INSERT; "insert into configuration (configuration_title, configuration_key, configuration_value, configuration_description, configuration_group_id, sort_order, date_added) values (Sort order of display., MODULE_PAYMENT_MONEYBOOKERS_SLO_SORT_ORDER, 0, Sort order of display. Lowest is displayed first., 6, 0, now())"; configuration; "configuration_title, configuration_key, configuration_value, configuration_description, configuration_group_id, sort_order, date_added"; ""; false
INSERT; "insert into configuration (configuration_title, configuration_key, configuration_value, configuration_description, configuration_group_id, sort_order, use_function, set_function, date_added) values (Payment Zone, MODULE_PAYMENT_MONEYBOOKERS_SLO_ZONE, (int) $zone_id , If a zone is selected, only enable this payment method for that zone., 6, 2, tep_get_zone_class_title, tep_cfg_pull_down_zone_classes(, now())"; configuration; "configuration_title, configuration_key, configuration_value, configuration_description, configuration_group_id, sort_order, use_function, set_function, date_added"; "$zone_id"; false
INSERT; "insert into configuration (configuration_title, configuration_key, configuration_value, configuration_description, configuration_group_id, sort_order, set_function, use_function, date_added) values (Set Preparing Order Status, MODULE_PAYMENT_MONEYBOOKERS_SLO_PREPARE_ORDER_STATUS_ID, MODULE_PAYMENT_MONEYBOOKERS_PREPARE_ORDER_STATUS_ID , Set the status of prepared orders made with this payment module to this value, 6, 0, tep_cfg_pull_down_order_statuses(, tep_get_order_status_name, now())"; configuration; "configuration_title, configuration_key, configuration_value, configuration_description, configuration_group_id, sort_order, set_function, use_function, date_added"; "MODULE_PAYMENT_MONEYBOOKERS_PREPARE_ORDER_STATUS_ID"; false
INSERT; "insert into configuration (configuration_title, configuration_key, configuration_value, configuration_description, configuration_group_id, sort_order, set_function, use_function, date_added) values (Set Transactions Order Status, MODULE_PAYMENT_MONEYBOOKERS_SLO_TRANSACTIONS_ORDER_STATUS_ID, MODULE_PAYMENT_MONEYBOOKERS_TRANSACTIONS_ORDER_STATUS_ID , Set the status of callback transactions to this value, 6, 0, tep_cfg_pull_down_order_statuses(, tep_get_order_status_name, now())"; configuration; "configuration_title, configuration_key, configuration_value, configuration_description, configuration_group_id, sort_order, set_function, use_function, date_added"; "MODULE_PAYMENT_MONEYBOOKERS_TRANSACTIONS_ORDER_STATUS_ID"; false
INSERT; "insert into configuration (configuration_title, configuration_key, configuration_value, configuration_description, configuration_group_id, sort_order, set_function, use_function, date_added) values (Set Order Status, MODULE_PAYMENT_MONEYBOOKERS_SLO_ORDER_STATUS_ID, 0, Set the status of orders made with this payment module to this value, 6, 0, tep_cfg_pull_down_order_statuses(, tep_get_order_status_name, now())"; configuration; "configuration_title, configuration_key, configuration_value, configuration_description, configuration_group_id, sort_order, set_function, use_function, date_added"; ""; false
SELECT; "select zone_id from zones_to_geo_zones where geo_zone_id = MODULE_PAYMENT_MONEYBOOKERS_SO2_ZONE and zone_country_id = $order->billing[country][id] order by zone_id"; zones_to_geo_zones; "zoneid"; "$order->billing["country"]["id"], $order"; true
SELECT; "select configuration_value from configuration where configuration_key = MODULE_PAYMENT_MONEYBOOKERS_SO2_STATUS"; configuration; "configurationvalue"; ""; false
SELECT; "select geo_zone_id from geo_zones where geo_zone_name = Moneybookers Nordea Solo (FI)"; geo_zones; "geozoneid"; ""; true
INSERT; "insert into geo_zones values (null, Moneybookers Nordea Solo (FI), The zone for the Moneybookers Nordea Solo (FI) payment module, null, now())"; geo_zones; "geo_zone_id, geo_zone_name, geo_zone_description, last_modified, date_added"; ""; false
SELECT; "select countries_id from countries where countries_iso_code_2 = FI"; countries; "countriesid"; ""; true
INSERT; "insert into zones_to_geo_zones values (null, (int) $country[countries_id] , 0, (int) $zone_id , null, now())"; zones_to_geo_zones; "association_id, zone_country_id, zone_id, geo_zone_id, last_modified, date_added"; "$country["countries_id"], $zone_id"; false
INSERT; "insert into configuration (configuration_title, configuration_key, configuration_value, configuration_description, configuration_group_id, sort_order, set_function, date_added) values (Enable Moneybookers Nordea Solo (FI), MODULE_PAYMENT_MONEYBOOKERS_SO2_STATUS, False, Do you want to accept Moneybookers Nordea Solo (FI) payments?, 6, 3, tep_cfg_select_option(array(True, False), , now())"; configuration; "configuration_title, configuration_key, configuration_value, configuration_description, configuration_group_id, sort_order, set_function, date_added"; ""; false
INSERT; "insert into configuration (configuration_title, configuration_key, configuration_value, configuration_description, configuration_group_id, sort_order, date_added) values (Sort order of display., MODULE_PAYMENT_MONEYBOOKERS_SO2_SORT_ORDER, 0, Sort order of display. Lowest is displayed first., 6, 0, now())"; configuration; "configuration_title, configuration_key, configuration_value, configuration_description, configuration_group_id, sort_order, date_added"; ""; false
INSERT; "insert into configuration (configuration_title, configuration_key, configuration_value, configuration_description, configuration_group_id, sort_order, use_function, set_function, date_added) values (Payment Zone, MODULE_PAYMENT_MONEYBOOKERS_SO2_ZONE, (int) $zone_id , If a zone is selected, only enable this payment method for that zone., 6, 2, tep_get_zone_class_title, tep_cfg_pull_down_zone_classes(, now())"; configuration; "configuration_title, configuration_key, configuration_value, configuration_description, configuration_group_id, sort_order, use_function, set_function, date_added"; "$zone_id"; false
INSERT; "insert into configuration (configuration_title, configuration_key, configuration_value, configuration_description, configuration_group_id, sort_order, set_function, use_function, date_added) values (Set Preparing Order Status, MODULE_PAYMENT_MONEYBOOKERS_SO2_PREPARE_ORDER_STATUS_ID, MODULE_PAYMENT_MONEYBOOKERS_PREPARE_ORDER_STATUS_ID , Set the status of prepared orders made with this payment module to this value, 6, 0, tep_cfg_pull_down_order_statuses(, tep_get_order_status_name, now())"; configuration; "configuration_title, configuration_key, configuration_value, configuration_description, configuration_group_id, sort_order, set_function, use_function, date_added"; "MODULE_PAYMENT_MONEYBOOKERS_PREPARE_ORDER_STATUS_ID"; false
INSERT; "insert into configuration (configuration_title, configuration_key, configuration_value, configuration_description, configuration_group_id, sort_order, set_function, use_function, date_added) values (Set Transactions Order Status, MODULE_PAYMENT_MONEYBOOKERS_SO2_TRANSACTIONS_ORDER_STATUS_ID, MODULE_PAYMENT_MONEYBOOKERS_TRANSACTIONS_ORDER_STATUS_ID , Set the status of callback transactions to this value, 6, 0, tep_cfg_pull_down_order_statuses(, tep_get_order_status_name, now())"; configuration; "configuration_title, configuration_key, configuration_value, configuration_description, configuration_group_id, sort_order, set_function, use_function, date_added"; "MODULE_PAYMENT_MONEYBOOKERS_TRANSACTIONS_ORDER_STATUS_ID"; false
INSERT; "insert into configuration (configuration_title, configuration_key, configuration_value, configuration_description, configuration_group_id, sort_order, set_function, use_function, date_added) values (Set Order Status, MODULE_PAYMENT_MONEYBOOKERS_SO2_ORDER_STATUS_ID, 0, Set the status of orders made with this payment module to this value, 6, 0, tep_cfg_pull_down_order_statuses(, tep_get_order_status_name, now())"; configuration; "configuration_title, configuration_key, configuration_value, configuration_description, configuration_group_id, sort_order, set_function, use_function, date_added"; ""; false
SELECT; "select zone_id from zones_to_geo_zones where geo_zone_id = MODULE_PAYMENT_MONEYBOOKERS_VSA_ZONE and zone_country_id = $order->billing[country][id] order by zone_id"; zones_to_geo_zones; "zoneid"; "$order->billing["country"]["id"], $order"; true
SELECT; "select configuration_value from configuration where configuration_key = MODULE_PAYMENT_MONEYBOOKERS_VSA_STATUS"; configuration; "configurationvalue"; ""; false
SELECT; "select geo_zone_id from geo_zones where geo_zone_name = Moneybookers Visa (Euro 6000)"; geo_zones; "geozoneid"; ""; true
INSERT; "insert into geo_zones values (null, Moneybookers Visa (Euro 6000), The zone for the Moneybookers Visa (Euro 6000) payment module, null, now())"; geo_zones; "geo_zone_id, geo_zone_name, geo_zone_description, last_modified, date_added"; ""; false
SELECT; "select countries_id from countries where countries_iso_code_2 = ES"; countries; "countriesid"; ""; true
INSERT; "insert into zones_to_geo_zones values (null, (int) $country[countries_id] , 0, (int) $zone_id , null, now())"; zones_to_geo_zones; "association_id, zone_country_id, zone_id, geo_zone_id, last_modified, date_added"; "$country["countries_id"], $zone_id"; false
INSERT; "insert into configuration (configuration_title, configuration_key, configuration_value, configuration_description, configuration_group_id, sort_order, set_function, date_added) values (Enable Moneybookers Visa (Euro 6000), MODULE_PAYMENT_MONEYBOOKERS_VSA_STATUS, False, Do you want to accept Moneybookers Visa (Euro 6000) payments?, 6, 3, tep_cfg_select_option(array(True, False), , now())"; configuration; "configuration_title, configuration_key, configuration_value, configuration_description, configuration_group_id, sort_order, set_function, date_added"; ""; false
INSERT; "insert into configuration (configuration_title, configuration_key, configuration_value, configuration_description, configuration_group_id, sort_order, date_added) values (Sort order of display., MODULE_PAYMENT_MONEYBOOKERS_VSA_SORT_ORDER, 0, Sort order of display. Lowest is displayed first., 6, 0, now())"; configuration; "configuration_title, configuration_key, configuration_value, configuration_description, configuration_group_id, sort_order, date_added"; ""; false
INSERT; "insert into configuration (configuration_title, configuration_key, configuration_value, configuration_description, configuration_group_id, sort_order, use_function, set_function, date_added) values (Payment Zone, MODULE_PAYMENT_MONEYBOOKERS_VSA_ZONE, (int) $zone_id , If a zone is selected, only enable this payment method for that zone., 6, 2, tep_get_zone_class_title, tep_cfg_pull_down_zone_classes(, now())"; configuration; "configuration_title, configuration_key, configuration_value, configuration_description, configuration_group_id, sort_order, use_function, set_function, date_added"; "$zone_id"; false
INSERT; "insert into configuration (configuration_title, configuration_key, configuration_value, configuration_description, configuration_group_id, sort_order, set_function, use_function, date_added) values (Set Preparing Order Status, MODULE_PAYMENT_MONEYBOOKERS_VSA_PREPARE_ORDER_STATUS_ID, MODULE_PAYMENT_MONEYBOOKERS_PREPARE_ORDER_STATUS_ID , Set the status of prepared orders made with this payment module to this value, 6, 0, tep_cfg_pull_down_order_statuses(, tep_get_order_status_name, now())"; configuration; "configuration_title, configuration_key, configuration_value, configuration_description, configuration_group_id, sort_order, set_function, use_function, date_added"; "MODULE_PAYMENT_MONEYBOOKERS_PREPARE_ORDER_STATUS_ID"; false
INSERT; "insert into configuration (configuration_title, configuration_key, configuration_value, configuration_description, configuration_group_id, sort_order, set_function, use_function, date_added) values (Set Transactions Order Status, MODULE_PAYMENT_MONEYBOOKERS_VSA_TRANSACTIONS_ORDER_STATUS_ID, MODULE_PAYMENT_MONEYBOOKERS_TRANSACTIONS_ORDER_STATUS_ID , Set the status of callback transactions to this value, 6, 0, tep_cfg_pull_down_order_statuses(, tep_get_order_status_name, now())"; configuration; "configuration_title, configuration_key, configuration_value, configuration_description, configuration_group_id, sort_order, set_function, use_function, date_added"; "MODULE_PAYMENT_MONEYBOOKERS_TRANSACTIONS_ORDER_STATUS_ID"; false
INSERT; "insert into configuration (configuration_title, configuration_key, configuration_value, configuration_description, configuration_group_id, sort_order, set_function, use_function, date_added) values (Set Order Status, MODULE_PAYMENT_MONEYBOOKERS_VSA_ORDER_STATUS_ID, 0, Set the status of orders made with this payment module to this value, 6, 0, tep_cfg_pull_down_order_statuses(, tep_get_order_status_name, now())"; configuration; "configuration_title, configuration_key, configuration_value, configuration_description, configuration_group_id, sort_order, set_function, use_function, date_added"; ""; false
SELECT; "select zone_id from zones_to_geo_zones where geo_zone_id = MODULE_PAYMENT_MONEYORDER_ZONE and zone_country_id = $order->billing[country][id] order by zone_id"; zones_to_geo_zones; "zoneid"; "$order->billing["country"]["id"], $order"; true
SELECT; "select configuration_value from configuration where configuration_key = MODULE_PAYMENT_MONEYORDER_STATUS"; configuration; "configurationvalue"; ""; false
INSERT; "insert into configuration (configuration_title, configuration_key, configuration_value, configuration_description, configuration_group_id, sort_order, set_function, date_added) values (Enable Check/Money Order Module, MODULE_PAYMENT_MONEYORDER_STATUS, True, Do you want to accept Check/Money Order payments?, 6, 1, tep_cfg_select_option(array(True, False), , now());"; configuration; "configuration_title, configuration_key, configuration_value, configuration_description, configuration_group_id, sort_order, set_function, date_added"; ""; false
INSERT; "insert into configuration (configuration_title, configuration_key, configuration_value, configuration_description, configuration_group_id, sort_order, date_added) values (Make Payable to:, MODULE_PAYMENT_MONEYORDER_PAYTO, , Who should payments be made payable to?, 6, 1, now());"; configuration; "configuration_title, configuration_key, configuration_value, configuration_description, configuration_group_id, sort_order, date_added"; ""; false
INSERT; "insert into configuration (configuration_title, configuration_key, configuration_value, configuration_description, configuration_group_id, sort_order, date_added) values (Sort order of display., MODULE_PAYMENT_MONEYORDER_SORT_ORDER, 0, Sort order of display. Lowest is displayed first., 6, 0, now())"; configuration; "configuration_title, configuration_key, configuration_value, configuration_description, configuration_group_id, sort_order, date_added"; ""; false
INSERT; "insert into configuration (configuration_title, configuration_key, configuration_value, configuration_description, configuration_group_id, sort_order, use_function, set_function, date_added) values (Payment Zone, MODULE_PAYMENT_MONEYORDER_ZONE, 0, If a zone is selected, only enable this payment method for that zone., 6, 2, tep_get_zone_class_title, tep_cfg_pull_down_zone_classes(, now())"; configuration; "configuration_title, configuration_key, configuration_value, configuration_description, configuration_group_id, sort_order, use_function, set_function, date_added"; ""; false
INSERT; "insert into configuration (configuration_title, configuration_key, configuration_value, configuration_description, configuration_group_id, sort_order, set_function, use_function, date_added) values (Set Order Status, MODULE_PAYMENT_MONEYORDER_ORDER_STATUS_ID, 0, Set the status of orders made with this payment module to this value, 6, 0, tep_cfg_pull_down_order_statuses(, tep_get_order_status_name, now())"; configuration; "configuration_title, configuration_key, configuration_value, configuration_description, configuration_group_id, sort_order, set_function, use_function, date_added"; ""; false
SELECT; "select zone_id from zones_to_geo_zones where geo_zone_id = MODULE_PAYMENT_NOCHEX_ZONE and zone_country_id = $order->billing[country][id] order by zone_id"; zones_to_geo_zones; "zoneid"; "$order->billing["country"]["id"], $order"; true
SELECT; "select configuration_value from configuration where configuration_key = MODULE_PAYMENT_NOCHEX_STATUS"; configuration; "configurationvalue"; ""; false
INSERT; "insert into configuration (configuration_title, configuration_key, configuration_value, configuration_description, configuration_group_id, sort_order, set_function, date_added) values (Enable NOCHEX Module, MODULE_PAYMENT_NOCHEX_STATUS, True, Do you want to accept NOCHEX payments?, 6, 3, tep_cfg_select_option(array(True, False), , now())"; configuration; "configuration_title, configuration_key, configuration_value, configuration_description, configuration_group_id, sort_order, set_function, date_added"; ""; false
INSERT; "insert into configuration (configuration_title, configuration_key, configuration_value, configuration_description, configuration_group_id, sort_order, date_added) values (E-Mail Address, MODULE_PAYMENT_NOCHEX_ID, you@yourbuisness.com, The e-mail address to use for the NOCHEX service, 6, 4, now())"; configuration; "configuration_title, configuration_key, configuration_value, configuration_description, configuration_group_id, sort_order, date_added"; ""; false
INSERT; "insert into configuration (configuration_title, configuration_key, configuration_value, configuration_description, configuration_group_id, sort_order, date_added) values (Sort order of display., MODULE_PAYMENT_NOCHEX_SORT_ORDER, 0, Sort order of display. Lowest is displayed first., 6, 0, now())"; configuration; "configuration_title, configuration_key, configuration_value, configuration_description, configuration_group_id, sort_order, date_added"; ""; false
INSERT; "insert into configuration (configuration_title, configuration_key, configuration_value, configuration_description, configuration_group_id, sort_order, use_function, set_function, date_added) values (Payment Zone, MODULE_PAYMENT_NOCHEX_ZONE, 0, If a zone is selected, only enable this payment method for that zone., 6, 2, tep_get_zone_class_title, tep_cfg_pull_down_zone_classes(, now())"; configuration; "configuration_title, configuration_key, configuration_value, configuration_description, configuration_group_id, sort_order, use_function, set_function, date_added"; ""; false
INSERT; "insert into configuration (configuration_title, configuration_key, configuration_value, configuration_description, configuration_group_id, sort_order, set_function, use_function, date_added) values (Set Order Status, MODULE_PAYMENT_NOCHEX_ORDER_STATUS_ID, 0, Set the status of orders made with this payment module to this value, 6, 0, tep_cfg_pull_down_order_statuses(, tep_get_order_status_name, now())"; configuration; "configuration_title, configuration_key, configuration_value, configuration_description, configuration_group_id, sort_order, set_function, use_function, date_added"; ""; false
SELECT; "select zone_id from zones_to_geo_zones where geo_zone_id = MODULE_PAYMENT_PAYPAL_EXPRESS_ZONE and zone_country_id = $order->delivery[country][id] order by zone_id"; zones_to_geo_zones; "zoneid"; "$order->delivery["country"]["id"], $order"; true
SELECT; "select configuration_value from configuration where configuration_key = MODULE_PAYMENT_PAYPAL_EXPRESS_STATUS"; configuration; "configurationvalue"; ""; false
SELECT; "select orders_status_id from orders_status where orders_status_name = PayPal [Transactions] limit 1"; orders_status; "ordersstatusid"; ""; true
SELECT; "select max(orders_status_id) as status_id from orders_status"; orders_status; "ordersstatusid"; ""; true
INSERT; "insert into orders_status (orders_status_id, language_id, orders_status_name) values ( $status_id , $lang[id] , PayPal [Transactions])"; orders_status; "orders_status_id, language_id, orders_status_name"; "$status_id, $lang["id"]"; false
UPDATE; "update orders_status set public_flag = 0 and downloads_flag = 0 where orders_status_id = $status_id"; orders_status; "public_flag, downloads_flag"; ""; false
SELECT; "select pad.products_attributes_id from products_attributes pa, products_attributes_download pad where pa.products_id = (int) $id and pa.options_values_id = (int) $a[value_id] and pa.products_attributes_id = pad.products_attributes_id limit 1"; products_attributes_download; "padproductsattributesid"; "$id, $a["value_id"]"; true
SELECT; "select zone_id from zones_to_geo_zones where geo_zone_id = MODULE_PAYMENT_PAYPAL_PRO_DP_ZONE and zone_country_id = $order->delivery[country][id] order by zone_id"; zones_to_geo_zones; "zoneid"; "$order->delivery["country"]["id"], $order"; true
SELECT; "select configuration_value from configuration where configuration_key = MODULE_PAYMENT_PAYPAL_PRO_DP_STATUS"; configuration; "configurationvalue"; ""; false
SELECT; "select orders_status_id from orders_status where orders_status_name = PayPal [Transactions] limit 1"; orders_status; "ordersstatusid"; ""; true
SELECT; "select max(orders_status_id) as status_id from orders_status"; orders_status; "ordersstatusid"; ""; true
INSERT; "insert into orders_status (orders_status_id, language_id, orders_status_name) values ( $status_id , $lang[id] , PayPal [Transactions])"; orders_status; "orders_status_id, language_id, orders_status_name"; "$status_id, $lang["id"]"; false
UPDATE; "update orders_status set public_flag = 0 and downloads_flag = 0 where orders_status_id = $status_id"; orders_status; "public_flag, downloads_flag"; ""; false
SELECT; "select zone_id from zones_to_geo_zones where geo_zone_id = MODULE_PAYMENT_PAYPAL_PRO_HS_ZONE and zone_country_id = $order->billing[country][id] order by zone_id"; zones_to_geo_zones; "zoneid"; "$order->billing["country"]["id"], $order"; true
SELECT; "select orders_id from orders_status_history where orders_id = (int) $order_id limit 1"; orders_status_history; "ordersid"; "$order_id"; true
SELECT; "select currency from orders where orders_id = (int) $order_id"; orders; "currency"; "$order_id"; false
SELECT; "select orders_id from orders_status_history where orders_id = (int) $order_id limit 1"; orders_status_history; "ordersid"; "$order_id"; true
SELECT; "select popt.products_options_name, poval.products_options_values_name, pa.options_values_price, pa.price_prefix, pad.products_attributes_maxdays, pad.products_attributes_maxcount , pad.products_attributes_filename from products_options popt, products_options_values poval, products_attributes pa left join products_attributes_download pad on pa.products_attributes_id=pad.products_attributes_id where pa.products_id = $order->products[$i][id] and pa.options_id = $order->products[$i][attributes][$j][option_id] and pa.options_id = popt.products_options_id and pa.options_values_id = $order->products[$i][attributes][$j][value_id] and pa.options_values_id = poval.products_options_values_id and popt.language_id = $languages_id and poval.language_id = $languages_id"; products_options_values; "poptproductsoptionsname, povalproductsoptionsvaluesname, paoptionsvaluesprice, papriceprefix, padproductsattributesmaxdays, padproductsattributesmaxcount, , padproductsattributesfilename"; "$order->products[$i]["id"], $order->products[$i]["attributes"][$j]["option_id"], $languages_id"; false
SELECT; "select popt.products_options_name, poval.products_options_values_name, pa.options_values_price, pa.price_prefix from products_options popt, products_options_values poval, products_attributes pa where pa.products_id = $order->products[$i][id] and pa.options_id = $order->products[$i][attributes][$j][option_id] and pa.options_id = popt.products_options_id and pa.options_values_id = $order->products[$i][attributes][$j][value_id] and pa.options_values_id = poval.products_options_values_id and popt.language_id = $languages_id and poval.language_id = $languages_id"; products_options_values; "poptproductsoptionsname, povalproductsoptionsvaluesname, paoptionsvaluesprice, papriceprefix"; "$order->products[$i]["id"], $order->products[$i]["attributes"][$j]["option_id"], $languages_id"; false
SELECT; "select orders_status from orders where orders_id = (int) $order_id and customers_id = (int) $customer_id"; orders; "ordersstatus"; "$order_id, $customer_id"; true
UPDATE; "update orders set orders_status = (int) $new_order_status , last_modified = now() where orders_id = (int) $order_id"; orders; "orders_status, last_modified"; "$new_order_status"; true
SELECT; "SELECT products_quantity, pad.products_attributes_filename FROM products p LEFT JOIN products_attributes pa ON p.products_id=pa.products_id LEFT JOIN products_attributes_download pad ON pa.products_attributes_id=pad.products_attributes_id WHERE p.products_id = tep_get_prid($order->products[$i][id])"; products; "productsquantity, padproductsattributesfilename"; "tep_get_prid($order->products[$i]["id"])"; true
SELECT; "select products_quantity from products where products_id = tep_get_prid($order->products[$i][id])"; products; "productsquantity"; "tep_get_prid($order->products[$i]["id"])"; true
UPDATE; "update products set products_quantity = $stock_left where products_id = tep_get_prid($order->products[$i][id])"; products; "products_quantity"; "$stock_left"; true
UPDATE; "update products set products_status = 0 where products_id = tep_get_prid($order->products[$i][id])"; products; "products_status"; ""; true
UPDATE; "update products set products_ordered = products_ordered + sprintf(%d, $order->products[$i][qty]) where products_id = tep_get_prid($order->products[$i][id])"; products; "products_ordered"; "$order->products[$i]["qty"]"; true
SELECT; "select popt.products_options_name, poval.products_options_values_name, pa.options_values_price, pa.price_prefix, pad.products_attributes_maxdays, pad.products_attributes_maxcount , pad.products_attributes_filename from products_options popt, products_options_values poval, products_attributes pa left join products_attributes_download pad on pa.products_attributes_id=pad.products_attributes_id where pa.products_id = $order->products[$i][id] and pa.options_id = $order->products[$i][attributes][$j][option_id] and pa.options_id = popt.products_options_id and pa.options_values_id = $order->products[$i][attributes][$j][value_id] and pa.options_values_id = poval.products_options_values_id and popt.language_id = $languages_id and poval.language_id = $languages_id"; products_options_values; "poptproductsoptionsname, povalproductsoptionsvaluesname, paoptionsvaluesprice, papriceprefix, padproductsattributesmaxdays, padproductsattributesmaxcount, , padproductsattributesfilename"; "$order->products[$i]["id"], $order->products[$i]["attributes"][$j]["option_id"], $languages_id"; false
SELECT; "select popt.products_options_name, poval.products_options_values_name, pa.options_values_price, pa.price_prefix from products_options popt, products_options_values poval, products_attributes pa where pa.products_id = $order->products[$i][id] and pa.options_id = $order->products[$i][attributes][$j][option_id] and pa.options_id = popt.products_options_id and pa.options_values_id = $order->products[$i][attributes][$j][value_id] and pa.options_values_id = poval.products_options_values_id and popt.language_id = $languages_id and poval.language_id = $languages_id"; products_options_values; "poptproductsoptionsname, povalproductsoptionsvaluesname, paoptionsvaluesprice, papriceprefix"; "$order->products[$i]["id"], $order->products[$i]["attributes"][$j]["option_id"], $languages_id"; false
SELECT; "select configuration_value from configuration where configuration_key = MODULE_PAYMENT_PAYPAL_PRO_HS_STATUS"; configuration; "configurationvalue"; ""; false
SELECT; "select orders_status_id from orders_status where orders_status_name = Preparing [PayPal Pro HS] limit 1"; orders_status; "ordersstatusid"; ""; true
SELECT; "select max(orders_status_id) as status_id from orders_status"; orders_status; "ordersstatusid"; ""; true
INSERT; "insert into orders_status (orders_status_id, language_id, orders_status_name) values ( $status_id , $lang[id] , Preparing [PayPal Pro HS])"; orders_status; "orders_status_id, language_id, orders_status_name"; "$status_id, $lang["id"]"; false
UPDATE; "update orders_status set public_flag = 0 and downloads_flag = 0 where orders_status_id = $status_id"; orders_status; "public_flag, downloads_flag"; ""; false
SELECT; "select orders_status_id from orders_status where orders_status_name = PayPal [Transactions] limit 1"; orders_status; "ordersstatusid"; ""; true
SELECT; "select max(orders_status_id) as status_id from orders_status"; orders_status; "ordersstatusid"; ""; true
INSERT; "insert into orders_status (orders_status_id, language_id, orders_status_name) values ( $tx_status_id , $lang[id] , PayPal [Transactions])"; orders_status; "orders_status_id, language_id, orders_status_name"; "$tx_status_id, $lang["id"]"; false
UPDATE; "update orders_status set public_flag = 0 and downloads_flag = 0 where orders_status_id = $tx_status_id"; orders_status; "public_flag, downloads_flag"; ""; false
SELECT; "select orders_id, orders_status, currency, currency_value from orders where orders_id = (int) $tx_order_id and customers_id = (int) $tx_customer_id"; orders; "ordersid, ordersstatus, currency, currencyvalue"; "$tx_order_id, $tx_customer_id"; false
SELECT; "select value from orders_total where orders_id = (int) $order[orders_id] and class = ot_total limit 1"; orders_total; "value"; ""orders_id", $order["orders_id"]"; true
UPDATE; "update orders set orders_status = (int) $new_order_status , last_modified = now() where orders_id = (int) $order[orders_id]"; orders; "orders_status, last_modified"; "$new_order_status"; true
SELECT; "select zone_id from zones_to_geo_zones where geo_zone_id = MODULE_PAYMENT_PAYPAL_PRO_PAYFLOW_DP_ZONE and zone_country_id = $order->delivery[country][id] order by zone_id"; zones_to_geo_zones; "zoneid"; "$order->delivery["country"]["id"], $order"; true
SELECT; "select configuration_value from configuration where configuration_key = MODULE_PAYMENT_PAYPAL_PRO_PAYFLOW_DP_STATUS"; configuration; "configurationvalue"; ""; false
SELECT; "select orders_status_id from orders_status where orders_status_name = PayPal [Transactions] limit 1"; orders_status; "ordersstatusid"; ""; true
SELECT; "select max(orders_status_id) as status_id from orders_status"; orders_status; "ordersstatusid"; ""; true
INSERT; "insert into orders_status (orders_status_id, language_id, orders_status_name) values ( $status_id , $lang[id] , PayPal [Transactions])"; orders_status; "orders_status_id, language_id, orders_status_name"; "$status_id, $lang["id"]"; false
UPDATE; "update orders_status set public_flag = 0 and downloads_flag = 0 where orders_status_id = $status_id"; orders_status; "public_flag, downloads_flag"; ""; false
SELECT; "select zone_id from zones_to_geo_zones where geo_zone_id = MODULE_PAYMENT_PAYPAL_PRO_PAYFLOW_EC_ZONE and zone_country_id = $order->delivery[country][id] order by zone_id"; zones_to_geo_zones; "zoneid"; "$order->delivery["country"]["id"], $order"; true
SELECT; "select configuration_value from configuration where configuration_key = MODULE_PAYMENT_PAYPAL_PRO_PAYFLOW_EC_STATUS"; configuration; "configurationvalue"; ""; false
SELECT; "select orders_status_id from orders_status where orders_status_name = PayPal [Transactions] limit 1"; orders_status; "ordersstatusid"; ""; true
SELECT; "select max(orders_status_id) as status_id from orders_status"; orders_status; "ordersstatusid"; ""; true
INSERT; "insert into orders_status (orders_status_id, language_id, orders_status_name) values ( $status_id , $lang[id] , PayPal [Transactions])"; orders_status; "orders_status_id, language_id, orders_status_name"; "$status_id, $lang["id"]"; false
UPDATE; "update orders_status set public_flag = 0 and downloads_flag = 0 where orders_status_id = $status_id"; orders_status; "public_flag, downloads_flag"; ""; false
SELECT; "select zone_id from zones_to_geo_zones where geo_zone_id = MODULE_PAYMENT_PAYPAL_STANDARD_ZONE and zone_country_id = $order->billing[country][id] order by zone_id"; zones_to_geo_zones; "zoneid"; "$order->billing["country"]["id"], $order"; true
SELECT; "select orders_id from orders_status_history where orders_id = (int) $order_id limit 1"; orders_status_history; "ordersid"; "$order_id"; true
SELECT; "select currency from orders where orders_id = (int) $order_id"; orders; "currency"; "$order_id"; false
SELECT; "select orders_id from orders_status_history where orders_id = (int) $order_id limit 1"; orders_status_history; "ordersid"; "$order_id"; true
SELECT; "select popt.products_options_name, poval.products_options_values_name, pa.options_values_price, pa.price_prefix, pad.products_attributes_maxdays, pad.products_attributes_maxcount , pad.products_attributes_filename from products_options popt, products_options_values poval, products_attributes pa left join products_attributes_download pad on pa.products_attributes_id=pad.products_attributes_id where pa.products_id = $order->products[$i][id] and pa.options_id = $order->products[$i][attributes][$j][option_id] and pa.options_id = popt.products_options_id and pa.options_values_id = $order->products[$i][attributes][$j][value_id] and pa.options_values_id = poval.products_options_values_id and popt.language_id = $languages_id and poval.language_id = $languages_id"; products_options_values; "poptproductsoptionsname, povalproductsoptionsvaluesname, paoptionsvaluesprice, papriceprefix, padproductsattributesmaxdays, padproductsattributesmaxcount, , padproductsattributesfilename"; "$order->products[$i]["id"], $order->products[$i]["attributes"][$j]["option_id"], $languages_id"; false
SELECT; "select popt.products_options_name, poval.products_options_values_name, pa.options_values_price, pa.price_prefix from products_options popt, products_options_values poval, products_attributes pa where pa.products_id = $order->products[$i][id] and pa.options_id = $order->products[$i][attributes][$j][option_id] and pa.options_id = popt.products_options_id and pa.options_values_id = $order->products[$i][attributes][$j][value_id] and pa.options_values_id = poval.products_options_values_id and popt.language_id = $languages_id and poval.language_id = $languages_id"; products_options_values; "poptproductsoptionsname, povalproductsoptionsvaluesname, paoptionsvaluesprice, papriceprefix"; "$order->products[$i]["id"], $order->products[$i]["attributes"][$j]["option_id"], $languages_id"; false
SELECT; "select orders_status from orders where orders_id = (int) $order_id and customers_id = (int) $customer_id"; orders; "ordersstatus"; "$order_id, $customer_id"; true
UPDATE; "update orders set orders_status = (int) $new_order_status , last_modified = now() where orders_id = (int) $order_id"; orders; "orders_status, last_modified"; "$new_order_status"; true
SELECT; "SELECT products_quantity, pad.products_attributes_filename FROM products p LEFT JOIN products_attributes pa ON p.products_id=pa.products_id LEFT JOIN products_attributes_download pad ON pa.products_attributes_id=pad.products_attributes_id WHERE p.products_id = tep_get_prid($order->products[$i][id])"; products; "productsquantity, padproductsattributesfilename"; "tep_get_prid($order->products[$i]["id"])"; true
SELECT; "select products_quantity from products where products_id = tep_get_prid($order->products[$i][id])"; products; "productsquantity"; "tep_get_prid($order->products[$i]["id"])"; true
UPDATE; "update products set products_quantity = $stock_left where products_id = tep_get_prid($order->products[$i][id])"; products; "products_quantity"; "$stock_left"; true
UPDATE; "update products set products_status = 0 where products_id = tep_get_prid($order->products[$i][id])"; products; "products_status"; ""; true
UPDATE; "update products set products_ordered = products_ordered + sprintf(%d, $order->products[$i][qty]) where products_id = tep_get_prid($order->products[$i][id])"; products; "products_ordered"; "$order->products[$i]["qty"]"; true
SELECT; "select popt.products_options_name, poval.products_options_values_name, pa.options_values_price, pa.price_prefix, pad.products_attributes_maxdays, pad.products_attributes_maxcount , pad.products_attributes_filename from products_options popt, products_options_values poval, products_attributes pa left join products_attributes_download pad on pa.products_attributes_id=pad.products_attributes_id where pa.products_id = $order->products[$i][id] and pa.options_id = $order->products[$i][attributes][$j][option_id] and pa.options_id = popt.products_options_id and pa.options_values_id = $order->products[$i][attributes][$j][value_id] and pa.options_values_id = poval.products_options_values_id and popt.language_id = $languages_id and poval.language_id = $languages_id"; products_options_values; "poptproductsoptionsname, povalproductsoptionsvaluesname, paoptionsvaluesprice, papriceprefix, padproductsattributesmaxdays, padproductsattributesmaxcount, , padproductsattributesfilename"; "$order->products[$i]["id"], $order->products[$i]["attributes"][$j]["option_id"], $languages_id"; false
SELECT; "select popt.products_options_name, poval.products_options_values_name, pa.options_values_price, pa.price_prefix from products_options popt, products_options_values poval, products_attributes pa where pa.products_id = $order->products[$i][id] and pa.options_id = $order->products[$i][attributes][$j][option_id] and pa.options_id = popt.products_options_id and pa.options_values_id = $order->products[$i][attributes][$j][value_id] and pa.options_values_id = poval.products_options_values_id and popt.language_id = $languages_id and poval.language_id = $languages_id"; products_options_values; "poptproductsoptionsname, povalproductsoptionsvaluesname, paoptionsvaluesprice, papriceprefix"; "$order->products[$i]["id"], $order->products[$i]["attributes"][$j]["option_id"], $languages_id"; false
SELECT; "select configuration_value from configuration where configuration_key = MODULE_PAYMENT_PAYPAL_STANDARD_STATUS"; configuration; "configurationvalue"; ""; false
SELECT; "select orders_status_id from orders_status where orders_status_name = Preparing [PayPal Standard] limit 1"; orders_status; "ordersstatusid"; ""; true
SELECT; "select max(orders_status_id) as status_id from orders_status"; orders_status; "ordersstatusid"; ""; true
INSERT; "insert into orders_status (orders_status_id, language_id, orders_status_name) values ( $status_id , $lang[id] , Preparing [PayPal Standard])"; orders_status; "orders_status_id, language_id, orders_status_name"; "$status_id, $lang["id"]"; false
UPDATE; "update orders_status set public_flag = 0 and downloads_flag = 0 where orders_status_id = $status_id"; orders_status; "public_flag, downloads_flag"; ""; false
SELECT; "select orders_status_id from orders_status where orders_status_name = PayPal [Transactions] limit 1"; orders_status; "ordersstatusid"; ""; true
SELECT; "select max(orders_status_id) as status_id from orders_status"; orders_status; "ordersstatusid"; ""; true
INSERT; "insert into orders_status (orders_status_id, language_id, orders_status_name) values ( $tx_status_id , $lang[id] , PayPal [Transactions])"; orders_status; "orders_status_id, language_id, orders_status_name"; "$tx_status_id, $lang["id"]"; false
UPDATE; "update orders_status set public_flag = 0 and downloads_flag = 0 where orders_status_id = $tx_status_id"; orders_status; "public_flag, downloads_flag"; ""; false
SELECT; "select orders_id, orders_status, currency, currency_value from orders where orders_id = (int) $HTTP_POST_VARS[invoice] and customers_id = (int) $HTTP_POST_VARS[custom]"; orders; "ordersid, ordersstatus, currency, currencyvalue"; ""; false
SELECT; "select value from orders_total where orders_id = (int) $order[orders_id] and class = ot_total limit 1"; orders_total; "value"; ""orders_id", $order["orders_id"]"; true
UPDATE; "update orders set orders_status = (int) $new_order_status , last_modified = now() where orders_id = (int) $order[orders_id]"; orders; "orders_status, last_modified"; "$new_order_status"; true
SELECT; "select zone_id from zones_to_geo_zones where geo_zone_id = MODULE_PAYMENT_PAYPOINT_SECPAY_ZONE and zone_country_id = $order->billing[country][id] order by zone_id"; zones_to_geo_zones; "zoneid"; "$order->billing["country"]["id"], $order"; true
SELECT; "select configuration_value from configuration where configuration_key = MODULE_PAYMENT_PAYPOINT_SECPAY_STATUS"; configuration; "configurationvalue"; ""; false
INSERT; "insert into configuration (configuration_title, configuration_key, configuration_value, configuration_description, configuration_group_id, sort_order, set_function, date_added) values (Enable PayPoint.net SECPay Module, MODULE_PAYMENT_PAYPOINT_SECPAY_STATUS, False, Do you want to accept PayPoint.net SECPay payments?, 6, 1, tep_cfg_select_option(array(True, False), , now())"; configuration; "configuration_title, configuration_key, configuration_value, configuration_description, configuration_group_id, sort_order, set_function, date_added"; ""; false
INSERT; "insert into configuration (configuration_title, configuration_key, configuration_value, configuration_description, configuration_group_id, sort_order, date_added) values (Merchant ID, MODULE_PAYMENT_PAYPOINT_SECPAY_MERCHANT_ID, secpay, Merchant ID to use for the SECPay service, 6, 2, now())"; configuration; "configuration_title, configuration_key, configuration_value, configuration_description, configuration_group_id, sort_order, date_added"; ""; false
INSERT; "insert into configuration (configuration_title, configuration_key, configuration_value, configuration_description, configuration_group_id, sort_order, set_function, date_added) values (Transaction Currency, MODULE_PAYMENT_PAYPOINT_SECPAY_CURRENCY, Any Currency, The currency to use for credit card transactions, 6, 3, tep_cfg_select_option(array(Any Currency, Default Currency), , now())"; configuration; "configuration_title, configuration_key, configuration_value, configuration_description, configuration_group_id, sort_order, set_function, date_added"; ""; false
INSERT; "insert into configuration (configuration_title, configuration_key, configuration_value, configuration_description, configuration_group_id, sort_order, set_function, date_added) values (Transaction Mode, MODULE_PAYMENT_PAYPOINT_SECPAY_TEST_STATUS, Always Successful, Transaction mode to use for the PayPoint.net SECPay service, 6, 4, tep_cfg_select_option(array(Always Successful, Always Fail, Production), , now())"; configuration; "configuration_title, configuration_key, configuration_value, configuration_description, configuration_group_id, sort_order, set_function, date_added"; ""; false
INSERT; "insert into configuration (configuration_title, configuration_key, configuration_value, configuration_description, configuration_group_id, sort_order, date_added) values (Sort order of display., MODULE_PAYMENT_PAYPOINT_SECPAY_SORT_ORDER, 0, Sort order of display. Lowest is displayed first., 6, 0, now())"; configuration; "configuration_title, configuration_key, configuration_value, configuration_description, configuration_group_id, sort_order, date_added"; ""; false
INSERT; "insert into configuration (configuration_title, configuration_key, configuration_value, configuration_description, configuration_group_id, sort_order, use_function, set_function, date_added) values (Payment Zone, MODULE_PAYMENT_PAYPOINT_SECPAY_ZONE, 0, If a zone is selected, only enable this payment method for that zone., 6, 2, tep_get_zone_class_title, tep_cfg_pull_down_zone_classes(, now())"; configuration; "configuration_title, configuration_key, configuration_value, configuration_description, configuration_group_id, sort_order, use_function, set_function, date_added"; ""; false
INSERT; "insert into configuration (configuration_title, configuration_key, configuration_value, configuration_description, configuration_group_id, sort_order, set_function, use_function, date_added) values (Set Order Status, MODULE_PAYMENT_PAYPOINT_SECPAY_ORDER_STATUS_ID, 0, Set the status of orders made with this payment module to this value, 6, 0, tep_cfg_pull_down_order_statuses(, tep_get_order_status_name, now())"; configuration; "configuration_title, configuration_key, configuration_value, configuration_description, configuration_group_id, sort_order, set_function, use_function, date_added"; ""; false
INSERT; "insert into configuration (configuration_title, configuration_key, configuration_value, configuration_description, configuration_group_id, sort_order, date_added) values (Remote Password, MODULE_PAYMENT_PAYPOINT_SECPAY_REMOTE, secpay, The Remote Password needs to be created in the PayPoint extranet., 6, 0, now())"; configuration; "configuration_title, configuration_key, configuration_value, configuration_description, configuration_group_id, sort_order, date_added"; ""; false
INSERT; "insert into configuration (configuration_title, configuration_key, configuration_value, configuration_description, configuration_group_id, sort_order, date_added) values (Digest Key, MODULE_PAYMENT_PAYPOINT_SECPAY_READERS_DIGEST, secpay, The Digest Key needs to be created in the PayPoint extranet., 6, 0, now())"; configuration; "configuration_title, configuration_key, configuration_value, configuration_description, configuration_group_id, sort_order, date_added"; ""; false
SELECT; "select zone_id from zones_to_geo_zones where geo_zone_id = MODULE_PAYMENT_2CHECKOUT_ZONE and zone_country_id = $order->billing[country][id] order by zone_id"; zones_to_geo_zones; "zoneid"; "$order->billing["country"]["id"], $order"; true
SELECT; "select code from languages where languages_id = (int) $languages_id"; languages; "code"; "$languages_id"; false
SELECT; "select configuration_value from configuration where configuration_key = MODULE_PAYMENT_2CHECKOUT_STATUS"; configuration; "configurationvalue"; ""; false
INSERT; "insert into configuration (configuration_title, configuration_key, configuration_value, configuration_description, configuration_group_id, sort_order, set_function, date_added) values (Enable 2Checkout, MODULE_PAYMENT_2CHECKOUT_STATUS, False, Do you want to accept 2CheckOut payments?, 6, 0, tep_cfg_select_option(array(True, False), , now())"; configuration; "configuration_title, configuration_key, configuration_value, configuration_description, configuration_group_id, sort_order, set_function, date_added"; ""; false
INSERT; "insert into configuration (configuration_title, configuration_key, configuration_value, configuration_description, configuration_group_id, sort_order, date_added) values (Vendor Account, MODULE_PAYMENT_2CHECKOUT_LOGIN, , The vendor account number for the 2Checkout gateway., 6, 0, now())"; configuration; "configuration_title, configuration_key, configuration_value, configuration_description, configuration_group_id, sort_order, date_added"; ""; false
INSERT; "insert into configuration (configuration_title, configuration_key, configuration_value, configuration_description, configuration_group_id, sort_order, set_function, date_added) values (Transaction Mode, MODULE_PAYMENT_2CHECKOUT_TESTMODE, Test, Transaction mode used for the 2Checkout gateway., 6, 0, tep_cfg_select_option(array(Test, Production), , now())"; configuration; "configuration_title, configuration_key, configuration_value, configuration_description, configuration_group_id, sort_order, set_function, date_added"; ""; false
INSERT; "insert into configuration (configuration_title, configuration_key, configuration_value, configuration_description, configuration_group_id, sort_order, date_added) values (Secret Word, MODULE_PAYMENT_2CHECKOUT_SECRET_WORD, , The secret word to confirm transactions with. (Must be the same as defined on the Vendor Admin interface), 6, 0, now())"; configuration; "configuration_title, configuration_key, configuration_value, configuration_description, configuration_group_id, sort_order, date_added"; ""; false
INSERT; "insert into configuration (configuration_title, configuration_key, configuration_value, configuration_description, configuration_group_id, sort_order, set_function, date_added) values (Payment Routine, MODULE_PAYMENT_2CHECKOUT_ROUTINE, Multi-Page, The payment routine to use on the 2Checkout gateway., 6, 0, tep_cfg_select_option(array(Multi-Page, Single-Page), , now())"; configuration; "configuration_title, configuration_key, configuration_value, configuration_description, configuration_group_id, sort_order, set_function, date_added"; ""; false
INSERT; "insert into configuration (configuration_title, configuration_key, configuration_value, configuration_description, configuration_group_id, sort_order, set_function, date_added) values (Processing Currency, MODULE_PAYMENT_2CHECKOUT_CURRENCY, DEFAULT_CURRENCY , The currency to process transactions in. (Must be the same as defined on the Vendor Admin interface), 6, 0, pm2checkout::getCurrencies(, now())"; configuration; "configuration_title, configuration_key, configuration_value, configuration_description, configuration_group_id, sort_order, set_function, date_added"; "DEFAULT_CURRENCY"; false
INSERT; "insert into configuration (configuration_title, configuration_key, configuration_value, configuration_description, configuration_group_id, sort_order, date_added) values (Sort Order, MODULE_PAYMENT_2CHECKOUT_SORT_ORDER, 0, Sort order of display. (Lowest is displayed first), 6, 0, now())"; configuration; "configuration_title, configuration_key, configuration_value, configuration_description, configuration_group_id, sort_order, date_added"; ""; false
INSERT; "insert into configuration (configuration_title, configuration_key, configuration_value, configuration_description, configuration_group_id, sort_order, use_function, set_function, date_added) values (Payment Zone, MODULE_PAYMENT_2CHECKOUT_ZONE, 0, If a zone is selected, only enable this payment method for that zone., 6, 2, tep_get_zone_class_title, tep_cfg_pull_down_zone_classes(, now())"; configuration; "configuration_title, configuration_key, configuration_value, configuration_description, configuration_group_id, sort_order, use_function, set_function, date_added"; ""; false
INSERT; "insert into configuration (configuration_title, configuration_key, configuration_value, configuration_description, configuration_group_id, sort_order, set_function, use_function, date_added) values (Set Order Status, MODULE_PAYMENT_2CHECKOUT_ORDER_STATUS_ID, 0, Set the status of orders made with this payment module to this value., 6, 0, tep_cfg_pull_down_order_statuses(, tep_get_order_status_name, now())"; configuration; "configuration_title, configuration_key, configuration_value, configuration_description, configuration_group_id, sort_order, set_function, use_function, date_added"; ""; false
SELECT; "select code, title from currencies order by title"; currencies; "code, title"; ""; false
SELECT; "select zone_id from zones_to_geo_zones where geo_zone_id = MODULE_PAYMENT_PSIGATE_ZONE and zone_country_id = $order->billing[country][id] order by zone_id"; zones_to_geo_zones; "zoneid"; "$order->billing["country"]["id"], $order"; true
SELECT; "select zone_code from zones where zone_id = (int) $order->billing[zone_id]"; zones; "zonecode"; "$order->billing["zone_id"]"; false
SELECT; "select configuration_value from configuration where configuration_key = MODULE_PAYMENT_PSIGATE_STATUS"; configuration; "configurationvalue"; ""; false
INSERT; "insert into configuration (configuration_title, configuration_key, configuration_value, configuration_description, configuration_group_id, sort_order, set_function, date_added) values (Enable PSiGate Module, MODULE_PAYMENT_PSIGATE_STATUS, True, Do you want to accept PSiGate payments?, 6, 1, tep_cfg_select_option(array(True, False), , now())"; configuration; "configuration_title, configuration_key, configuration_value, configuration_description, configuration_group_id, sort_order, set_function, date_added"; ""; false
INSERT; "insert into configuration (configuration_title, configuration_key, configuration_value, configuration_description, configuration_group_id, sort_order, date_added) values (Merchant ID, MODULE_PAYMENT_PSIGATE_MERCHANT_ID, teststorewithcard, Merchant ID used for the PSiGate service, 6, 2, now())"; configuration; "configuration_title, configuration_key, configuration_value, configuration_description, configuration_group_id, sort_order, date_added"; ""; false
INSERT; "insert into configuration (configuration_title, configuration_key, configuration_value, configuration_description, configuration_group_id, sort_order, set_function, date_added) values (Transaction Mode, MODULE_PAYMENT_PSIGATE_TRANSACTION_MODE, Always Good, Transaction mode to use for the PSiGate service, 6, 3, tep_cfg_select_option(array(Production, Always Good, Always Duplicate, Always Decline), , now())"; configuration; "configuration_title, configuration_key, configuration_value, configuration_description, configuration_group_id, sort_order, set_function, date_added"; ""; false
INSERT; "insert into configuration (configuration_title, configuration_key, configuration_value, configuration_description, configuration_group_id, sort_order, set_function, date_added) values (Transaction Type, MODULE_PAYMENT_PSIGATE_TRANSACTION_TYPE, PreAuth, Transaction type to use for the PSiGate service, 6, 4, tep_cfg_select_option(array(Sale, PreAuth, PostAuth), , now())"; configuration; "configuration_title, configuration_key, configuration_value, configuration_description, configuration_group_id, sort_order, set_function, date_added"; ""; false
INSERT; "insert into configuration (configuration_title, configuration_key, configuration_value, configuration_description, configuration_group_id, sort_order, set_function, date_added) values (Credit Card Collection, MODULE_PAYMENT_PSIGATE_INPUT_MODE, Local, Should the credit card details be collected locally or remotely at PSiGate?, 6, 5, tep_cfg_select_option(array(Local, Remote), , now())"; configuration; "configuration_title, configuration_key, configuration_value, configuration_description, configuration_group_id, sort_order, set_function, date_added"; ""; false
INSERT; "insert into configuration (configuration_title, configuration_key, configuration_value, configuration_description, configuration_group_id, sort_order, set_function, date_added) values (Transaction Currency, MODULE_PAYMENT_PSIGATE_CURRENCY, USD, The currency to use for credit card transactions, 6, 6, tep_cfg_select_option(array(CAD, USD), , now())"; configuration; "configuration_title, configuration_key, configuration_value, configuration_description, configuration_group_id, sort_order, set_function, date_added"; ""; false
INSERT; "insert into configuration (configuration_title, configuration_key, configuration_value, configuration_description, configuration_group_id, sort_order, date_added) values (Sort order of display., MODULE_PAYMENT_PSIGATE_SORT_ORDER, 0, Sort order of display. Lowest is displayed first., 6, 0, now())"; configuration; "configuration_title, configuration_key, configuration_value, configuration_description, configuration_group_id, sort_order, date_added"; ""; false
INSERT; "insert into configuration (configuration_title, configuration_key, configuration_value, configuration_description, configuration_group_id, sort_order, use_function, set_function, date_added) values (Payment Zone, MODULE_PAYMENT_PSIGATE_ZONE, 0, If a zone is selected, only enable this payment method for that zone., 6, 2, tep_get_zone_class_title, tep_cfg_pull_down_zone_classes(, now())"; configuration; "configuration_title, configuration_key, configuration_value, configuration_description, configuration_group_id, sort_order, use_function, set_function, date_added"; ""; false
INSERT; "insert into configuration (configuration_title, configuration_key, configuration_value, configuration_description, configuration_group_id, sort_order, set_function, use_function, date_added) values (Set Order Status, MODULE_PAYMENT_PSIGATE_ORDER_STATUS_ID, 0, Set the status of orders made with this payment module to this value, 6, 0, tep_cfg_pull_down_order_statuses(, tep_get_order_status_name, now())"; configuration; "configuration_title, configuration_key, configuration_value, configuration_description, configuration_group_id, sort_order, set_function, use_function, date_added"; ""; false
SELECT; "select zone_id from zones_to_geo_zones where geo_zone_id = MODULE_PAYMENT_RBSWORLDPAY_HOSTED_ZONE and zone_country_id = $order->billing[country][id] order by zone_id"; zones_to_geo_zones; "zoneid"; "$order->billing["country"]["id"], $order"; true
SELECT; "select orders_id from orders_status_history where orders_id = (int) $order_id limit 1"; orders_status_history; "ordersid"; "$order_id"; true
SELECT; "select currency from orders where orders_id = (int) $order_id"; orders; "currency"; "$order_id"; false
SELECT; "select orders_id from orders_status_history where orders_id = (int) $order_id limit 1"; orders_status_history; "ordersid"; "$order_id"; true
SELECT; "select popt.products_options_name, poval.products_options_values_name, pa.options_values_price, pa.price_prefix, pad.products_attributes_maxdays, pad.products_attributes_maxcount , pad.products_attributes_filename from products_options popt, products_options_values poval, products_attributes pa left join products_attributes_download pad on pa.products_attributes_id=pad.products_attributes_id where pa.products_id = $order->products[$i][id] and pa.options_id = $order->products[$i][attributes][$j][option_id] and pa.options_id = popt.products_options_id and pa.options_values_id = $order->products[$i][attributes][$j][value_id] and pa.options_values_id = poval.products_options_values_id and popt.language_id = $languages_id and poval.language_id = $languages_id"; products_options_values; "poptproductsoptionsname, povalproductsoptionsvaluesname, paoptionsvaluesprice, papriceprefix, padproductsattributesmaxdays, padproductsattributesmaxcount, , padproductsattributesfilename"; "$order->products[$i]["id"], $order->products[$i]["attributes"][$j]["option_id"], $languages_id"; false
SELECT; "select popt.products_options_name, poval.products_options_values_name, pa.options_values_price, pa.price_prefix from products_options popt, products_options_values poval, products_attributes pa where pa.products_id = $order->products[$i][id] and pa.options_id = $order->products[$i][attributes][$j][option_id] and pa.options_id = popt.products_options_id and pa.options_values_id = $order->products[$i][attributes][$j][value_id] and pa.options_values_id = poval.products_options_values_id and popt.language_id = $languages_id and poval.language_id = $languages_id"; products_options_values; "poptproductsoptionsname, povalproductsoptionsvaluesname, paoptionsvaluesprice, papriceprefix"; "$order->products[$i]["id"], $order->products[$i]["attributes"][$j]["option_id"], $languages_id"; false
SELECT; "select code from languages where languages_id = (int) $languages_id"; languages; "code"; "$languages_id"; false
SELECT; "select orders_status from orders where orders_id = (int) $order_id and customers_id = (int) $customer_id"; orders; "ordersstatus"; "$order_id, $customer_id"; true
UPDATE; "update orders set orders_status = $order_status_id , last_modified = now() where orders_id = (int) $order_id"; orders; "orders_status, last_modified"; "$order_status_id"; true
SELECT; "select orders_status_history_id from orders_status_history where orders_id = (int) $order_id and orders_status_id = (int) $order_status_id and comments = order by date_added desc limit 1"; orders_status_history; "ordersstatushistoryid"; "$order_id, $order_status_id"; true
SELECT; "SELECT products_quantity, pad.products_attributes_filename FROM products p LEFT JOIN products_attributes pa ON p.products_id=pa.products_id LEFT JOIN products_attributes_download pad ON pa.products_attributes_id=pad.products_attributes_id WHERE p.products_id = tep_get_prid($order->products[$i][id])"; products; "productsquantity, padproductsattributesfilename"; "tep_get_prid($order->products[$i]["id"])"; true
SELECT; "select products_quantity from products where products_id = tep_get_prid($order->products[$i][id])"; products; "productsquantity"; "tep_get_prid($order->products[$i]["id"])"; true
UPDATE; "update products set products_quantity = $stock_left where products_id = tep_get_prid($order->products[$i][id])"; products; "products_quantity"; "$stock_left"; true
UPDATE; "update products set products_status = 0 where products_id = tep_get_prid($order->products[$i][id])"; products; "products_status"; ""; true
UPDATE; "update products set products_ordered = products_ordered + sprintf(%d, $order->products[$i][qty]) where products_id = tep_get_prid($order->products[$i][id])"; products; "products_ordered"; "$order->products[$i]["qty"]"; true
SELECT; "select popt.products_options_name, poval.products_options_values_name, pa.options_values_price, pa.price_prefix, pad.products_attributes_maxdays, pad.products_attributes_maxcount , pad.products_attributes_filename from products_options popt, products_options_values poval, products_attributes pa left join products_attributes_download pad on pa.products_attributes_id=pad.products_attributes_id where pa.products_id = $order->products[$i][id] and pa.options_id = $order->products[$i][attributes][$j][option_id] and pa.options_id = popt.products_options_id and pa.options_values_id = $order->products[$i][attributes][$j][value_id] and pa.options_values_id = poval.products_options_values_id and popt.language_id = $languages_id and poval.language_id = $languages_id"; products_options_values; "poptproductsoptionsname, povalproductsoptionsvaluesname, paoptionsvaluesprice, papriceprefix, padproductsattributesmaxdays, padproductsattributesmaxcount, , padproductsattributesfilename"; "$order->products[$i]["id"], $order->products[$i]["attributes"][$j]["option_id"], $languages_id"; false
SELECT; "select popt.products_options_name, poval.products_options_values_name, pa.options_values_price, pa.price_prefix from products_options popt, products_options_values poval, products_attributes pa where pa.products_id = $order->products[$i][id] and pa.options_id = $order->products[$i][attributes][$j][option_id] and pa.options_id = popt.products_options_id and pa.options_values_id = $order->products[$i][attributes][$j][value_id] and pa.options_values_id = poval.products_options_values_id and popt.language_id = $languages_id and poval.language_id = $languages_id"; products_options_values; "poptproductsoptionsname, povalproductsoptionsvaluesname, paoptionsvaluesprice, papriceprefix"; "$order->products[$i]["id"], $order->products[$i]["attributes"][$j]["option_id"], $languages_id"; false
SELECT; "select configuration_value from configuration where configuration_key = MODULE_PAYMENT_RBSWORLDPAY_HOSTED_STATUS"; configuration; "configurationvalue"; ""; false
SELECT; "select orders_status_id from orders_status where orders_status_name = Preparing [WorldPay] limit 1"; orders_status; "ordersstatusid"; ""; true
SELECT; "select max(orders_status_id) as status_id from orders_status"; orders_status; "ordersstatusid"; ""; true
INSERT; "insert into orders_status (orders_status_id, language_id, orders_status_name) values ( $status_id , $lang[id] , Preparing [WorldPay])"; orders_status; "orders_status_id, language_id, orders_status_name"; "$status_id, $lang["id"]"; false
UPDATE; "update orders_status set public_flag = 0 and downloads_flag = 0 where orders_status_id = $status_id"; orders_status; "public_flag, downloads_flag"; ""; false
SELECT; "select orders_status_id from orders_status where orders_status_name = WorldPay [Transactions] limit 1"; orders_status; "ordersstatusid"; ""; true
SELECT; "select max(orders_status_id) as status_id from orders_status"; orders_status; "ordersstatusid"; ""; true
INSERT; "insert into orders_status (orders_status_id, language_id, orders_status_name) values ( $tx_status_id , $lang[id] , WorldPay [Transactions])"; orders_status; "orders_status_id, language_id, orders_status_name"; "$tx_status_id, $lang["id"]"; false
UPDATE; "update orders_status set public_flag = 0 and downloads_flag = 0 where orders_status_id = $tx_status_id"; orders_status; "public_flag, downloads_flag"; ""; false
SELECT; "select zone_id from zones_to_geo_zones where geo_zone_id = MODULE_PAYMENT_SAGE_PAY_DIRECT_ZONE and zone_country_id = $order->billing[country][id] order by zone_id"; zones_to_geo_zones; "zoneid"; "$order->billing["country"]["id"], $order"; true
SELECT; "select 1 from customers_sagepay_tokens where customers_id = (int) $customer_id limit 1"; customers_basket; "1"; "$customer_id"; true
SELECT; "select id, card_type, number_filtered, expiry_date from customers_sagepay_tokens where customers_id = (int) $customer_id order by date_added"; customers_basket; "id, cardtype, numberfiltered, expirydate"; "$customer_id"; true
SELECT; "select sagepay_token from customers_sagepay_tokens where id = (int) $HTTP_POST_VARS[sagepay_card] and customers_id = (int) $customer_id"; customers_basket; "sagepaytoken"; "$customer_id"; true
SELECT; "select id from customers_sagepay_tokens where customers_id = (int) $customer_id and sagepay_token = tep_db_input($sage_pay_response[Token]) limit 1"; customers_basket; "id"; "$customer_id, tep_db_input($sage_pay_response["Token"])"; true
SELECT; "select configuration_value from configuration where configuration_key = MODULE_PAYMENT_SAGE_PAY_DIRECT_STATUS"; configuration; "configurationvalue"; ""; false
SELECT; "select orders_status_id from orders_status where orders_status_name = Sage Pay [Transactions] limit 1"; orders_status; "ordersstatusid"; ""; true
SELECT; "select max(orders_status_id) as status_id from orders_status"; orders_status; "ordersstatusid"; ""; true
INSERT; "insert into orders_status (orders_status_id, language_id, orders_status_name) values ( $status_id , $lang[id] , Sage Pay [Transactions])"; orders_status; "orders_status_id, language_id, orders_status_name"; "$status_id, $lang["id"]"; false
UPDATE; "update orders_status set public_flag = 0 and downloads_flag = 0 where orders_status_id = $status_id"; orders_status; "public_flag, downloads_flag"; ""; false
SELECT; "select zone_id from zones_to_geo_zones where geo_zone_id = MODULE_PAYMENT_SAGE_PAY_FORM_ZONE and zone_country_id = $order->billing[country][id] order by zone_id"; zones_to_geo_zones; "zoneid"; "$order->billing["country"]["id"], $order"; true
SELECT; "select configuration_value from configuration where configuration_key = MODULE_PAYMENT_SAGE_PAY_FORM_STATUS"; configuration; "configurationvalue"; ""; false
SELECT; "select orders_status_id from orders_status where orders_status_name = Sage Pay [Transactions] limit 1"; orders_status; "ordersstatusid"; ""; true
SELECT; "select max(orders_status_id) as status_id from orders_status"; orders_status; "ordersstatusid"; ""; true
INSERT; "insert into orders_status (orders_status_id, language_id, orders_status_name) values ( $status_id , $lang[id] , Sage Pay [Transactions])"; orders_status; "orders_status_id, language_id, orders_status_name"; "$status_id, $lang["id"]"; false
UPDATE; "update orders_status set public_flag = 0 and downloads_flag = 0 where orders_status_id = $status_id"; orders_status; "public_flag, downloads_flag"; ""; false
SELECT; "select zone_id from zones_to_geo_zones where geo_zone_id = MODULE_PAYMENT_SAGE_PAY_SERVER_ZONE and zone_country_id = $order->billing[country][id] order by zone_id"; zones_to_geo_zones; "zoneid"; "$order->billing["country"]["id"], $order"; true
SELECT; "select verified, transaction_details from sagepay_server_securitykeys where code = tep_db_input($skcode) limit 1"; NA; "verified, transactiondetails"; "tep_db_input($skcode)"; false
SELECT; "select id, securitykey from sagepay_server_securitykeys where code = tep_db_input($sagepay_server_skey_code) limit 1"; NA; "id, securitykey"; "tep_db_input($sagepay_server_skey_code)"; false
UPDATE; "update sagepay_server_securitykeys set securitykey = tep_db_input($return[SecurityKey]) , date_added = now() where id = (int) $sp[id]"; NA; ""; ""SecurityKey", tep_db_input($return["SecurityKey"])"; false
INSERT; "insert into sagepay_server_securitykeys (code, securitykey, date_added) values ( tep_db_input($sagepay_server_skey_code) , tep_db_input($return[SecurityKey]) , now())"; NA; "code, securitykey, date_added"; "tep_db_input($sagepay_server_skey_code), tep_db_input($return["SecurityKey"])"; false
SELECT; "select configuration_value from configuration where configuration_key = MODULE_PAYMENT_SAGE_PAY_SERVER_STATUS"; configuration; "configurationvalue"; ""; false
SELECT; "select orders_status_id from orders_status where orders_status_name = Sage Pay [Transactions] limit 1"; orders_status; "ordersstatusid"; ""; true
SELECT; "select max(orders_status_id) as status_id from orders_status"; orders_status; "ordersstatusid"; ""; true
INSERT; "insert into orders_status (orders_status_id, language_id, orders_status_name) values ( $status_id , $lang[id] , Sage Pay [Transactions])"; orders_status; "orders_status_id, language_id, orders_status_name"; "$status_id, $lang["id"]"; false
UPDATE; "update orders_status set public_flag = 0 and downloads_flag = 0 where orders_status_id = $status_id"; orders_status; "public_flag, downloads_flag"; ""; false
SELECT; "select zone_id from zones_to_geo_zones where geo_zone_id = MODULE_PAYMENT_SOFORTUEBERWEISUNG_DIRECT_ZONE and zone_country_id = $order->billing[country][id] order by zone_id"; zones_to_geo_zones; "zoneid"; "$order->billing["country"]["id"], $order"; true
SELECT; "select orders_id from orders_status_history where orders_id = (int) $order_id limit 1"; orders_status_history; "ordersid"; "$order_id"; true
SELECT; "select currency from orders where orders_id = (int) $order_id"; orders; "currency"; "$order_id"; false
SELECT; "select orders_id from orders_status_history where orders_id = (int) $order_id limit 1"; orders_status_history; "ordersid"; "$order_id"; true
SELECT; "select popt.products_options_name, poval.products_options_values_name, pa.options_values_price, pa.price_prefix, pad.products_attributes_maxdays, pad.products_attributes_maxcount , pad.products_attributes_filename from products_options popt, products_options_values poval, products_attributes pa left join products_attributes_download pad on pa.products_attributes_id=pad.products_attributes_id where pa.products_id = $order->products[$i][id] and pa.options_id = $order->products[$i][attributes][$j][option_id] and pa.options_id = popt.products_options_id and pa.options_values_id = $order->products[$i][attributes][$j][value_id] and pa.options_values_id = poval.products_options_values_id and popt.language_id = $languages_id and poval.language_id = $languages_id"; products_options_values; "poptproductsoptionsname, povalproductsoptionsvaluesname, paoptionsvaluesprice, papriceprefix, padproductsattributesmaxdays, padproductsattributesmaxcount, , padproductsattributesfilename"; "$order->products[$i]["id"], $order->products[$i]["attributes"][$j]["option_id"], $languages_id"; false
SELECT; "select popt.products_options_name, poval.products_options_values_name, pa.options_values_price, pa.price_prefix from products_options popt, products_options_values poval, products_attributes pa where pa.products_id = $order->products[$i][id] and pa.options_id = $order->products[$i][attributes][$j][option_id] and pa.options_id = popt.products_options_id and pa.options_values_id = $order->products[$i][attributes][$j][value_id] and pa.options_values_id = poval.products_options_values_id and popt.language_id = $languages_id and poval.language_id = $languages_id"; products_options_values; "poptproductsoptionsname, povalproductsoptionsvaluesname, paoptionsvaluesprice, papriceprefix"; "$order->products[$i]["id"], $order->products[$i]["attributes"][$j]["option_id"], $languages_id"; false
SELECT; "select orders_status from orders where orders_id = (int) $order_id"; orders; "ordersstatus"; "$order_id"; true
UPDATE; "update orders set orders_status = MODULE_PAYMENT_SOFORTUEBERWEISUNG_DIRECT_ORDER_STATUS_ID > 0 ? (int) MODULE_PAYMENT_SOFORTUEBERWEISUNG_DIRECT_ORDER_STATUS_ID : (int) DEFAULT_ORDERS_STATUS_ID , last_modified = now() where orders_id = (int) $order_id"; orders; "orders_status, last_modified"; "MODULE_PAYMENT_SOFORTUEBERWEISUNG_DIRECT_ORDER_STATUS_ID > 0, 0, DEFAULT_ORDERS_STATUS_ID"; true
SELECT; "SELECT products_quantity, pad.products_attributes_filename FROM products p LEFT JOIN products_attributes pa ON p.products_id=pa.products_id LEFT JOIN products_attributes_download pad ON pa.products_attributes_id=pad.products_attributes_id WHERE p.products_id = tep_get_prid($order->products[$i][id])"; products; "productsquantity, padproductsattributesfilename"; "tep_get_prid($order->products[$i]["id"])"; true
SELECT; "select products_quantity from products where products_id = tep_get_prid($order->products[$i][id])"; products; "productsquantity"; "tep_get_prid($order->products[$i]["id"])"; true
UPDATE; "update products set products_quantity = $stock_left where products_id = tep_get_prid($order->products[$i][id])"; products; "products_quantity"; "$stock_left"; true
UPDATE; "update products set products_status = 0 where products_id = tep_get_prid($order->products[$i][id])"; products; "products_status"; ""; true
UPDATE; "update products set products_ordered = products_ordered + sprintf(%d, $order->products[$i][qty]) where products_id = tep_get_prid($order->products[$i][id])"; products; "products_ordered"; "$order->products[$i]["qty"]"; true
SELECT; "select popt.products_options_name, poval.products_options_values_name, pa.options_values_price, pa.price_prefix, pad.products_attributes_maxdays, pad.products_attributes_maxcount , pad.products_attributes_filename from products_options popt, products_options_values poval, products_attributes pa left join products_attributes_download pad on pa.products_attributes_id=pad.products_attributes_id where pa.products_id = $order->products[$i][id] and pa.options_id = $order->products[$i][attributes][$j][option_id] and pa.options_id = popt.products_options_id and pa.options_values_id = $order->products[$i][attributes][$j][value_id] and pa.options_values_id = poval.products_options_values_id and popt.language_id = $languages_id and poval.language_id = $languages_id"; products_options_values; "poptproductsoptionsname, povalproductsoptionsvaluesname, paoptionsvaluesprice, papriceprefix, padproductsattributesmaxdays, padproductsattributesmaxcount, , padproductsattributesfilename"; "$order->products[$i]["id"], $order->products[$i]["attributes"][$j]["option_id"], $languages_id"; false
SELECT; "select popt.products_options_name, poval.products_options_values_name, pa.options_values_price, pa.price_prefix from products_options popt, products_options_values poval, products_attributes pa where pa.products_id = $order->products[$i][id] and pa.options_id = $order->products[$i][attributes][$j][option_id] and pa.options_id = popt.products_options_id and pa.options_values_id = $order->products[$i][attributes][$j][value_id] and pa.options_values_id = poval.products_options_values_id and popt.language_id = $languages_id and poval.language_id = $languages_id"; products_options_values; "poptproductsoptionsname, povalproductsoptionsvaluesname, paoptionsvaluesprice, papriceprefix"; "$order->products[$i]["id"], $order->products[$i]["attributes"][$j]["option_id"], $languages_id"; false
SELECT; "select configuration_value from configuration where configuration_key = MODULE_PAYMENT_SOFORTUEBERWEISUNG_DIRECT_STATUS"; configuration; "configurationvalue"; ""; false
SELECT; "select orders_status_id from orders_status where orders_status_name = Sofort�berweisung Vorbereitung limit 1"; orders_status; "ordersstatusid"; ""; true
SELECT; "select max(orders_status_id) as status_id from orders_status"; orders_status; "ordersstatusid"; ""; true
INSERT; "insert into orders_status (orders_status_id, language_id, orders_status_name) values ( $status_id , $languages[$i][id] , Sofort�berweisung Vorbereitung)"; orders_status; "orders_status_id, language_id, orders_status_name"; "$status_id, $languages[$i]["id"]"; false
UPDATE; "update orders_status set public_flag = 0 and downloads_flag = 0 where orders_status_id = $status_id"; orders_status; "public_flag, downloads_flag"; ""; false
INSERT; "insert into configuration (configuration_title, configuration_key, configuration_value, configuration_description, configuration_group_id, sort_order, set_function, date_added) values (Sofort�berweisung direkter Modus aktivieren, MODULE_PAYMENT_SOFORTUEBERWEISUNG_DIRECT_STATUS, True, Bezahlung per Sofort�berweisung acceptieren?, 6, 1, tep_cfg_select_option(array(True, False), , now());"; configuration; "configuration_title, configuration_key, configuration_value, configuration_description, configuration_group_id, sort_order, set_function, date_added"; ""; false
INSERT; "insert into configuration (configuration_title, configuration_key, configuration_value, configuration_description, configuration_group_id, sort_order, date_added) values (Kundennummer:, MODULE_PAYMENT_SOFORTUEBERWEISUNG_DIRECT_KDNR, (int) $kdnr , Ihre Kundennummer bei der Sofort�berweisung, 6, 1, now());"; configuration; "configuration_title, configuration_key, configuration_value, configuration_description, configuration_group_id, sort_order, date_added"; "$kdnr"; false
INSERT; "insert into configuration (configuration_title, configuration_key, configuration_value, configuration_description, configuration_group_id, sort_order, date_added) values (Projektnummer:, MODULE_PAYMENT_SOFORTUEBERWEISUNG_DIRECT_PROJEKT, (int) $projekt , Die verantwortliche Projektnummer bei der Sofort�berweisung, zu der die Zahlung geh�rt, 6, 1, now());"; configuration; "configuration_title, configuration_key, configuration_value, configuration_description, configuration_group_id, sort_order, date_added"; "$projekt"; false
INSERT; "insert into configuration (configuration_title, configuration_key, configuration_value, configuration_description, configuration_group_id, sort_order, date_added) values (Input-Passwort:, MODULE_PAYMENT_SOFORTUEBERWEISUNG_DIRECT_INPUT_PASSWORT, tep_db_input($input_passwort) , Das Input-Passwort (unter Nicht �nderbare Parameter / Input-Passwort), 6, 1, now());"; configuration; "configuration_title, configuration_key, configuration_value, configuration_description, configuration_group_id, sort_order, date_added"; "tep_db_input($input_passwort), $input_passwort"; false
INSERT; "insert into configuration (configuration_title, configuration_key, configuration_value, configuration_description, configuration_group_id, sort_order, date_added) values (Benachrichtigung-Passwort:, MODULE_PAYMENT_SOFORTUEBERWEISUNG_DIRECT_BNA_PASSWORT, tep_db_input($bna_passwort) , Das Benachrichtigung-Passwort (unter Benachrichtigungen festlegen), 6, 1, now());"; configuration; "configuration_title, configuration_key, configuration_value, configuration_description, configuration_group_id, sort_order, date_added"; "tep_db_input($bna_passwort)"; false
INSERT; "insert into configuration (configuration_title, configuration_key, configuration_value, configuration_description, configuration_group_id, sort_order, date_added) values (Contentpasswort:, MODULE_PAYMENT_SOFORTUEBERWEISUNG_DIRECT_CNT_PASSWORT, tep_db_input($cnt_passwort) , Das Contentpasswort (unter Content-Passwort), 6, 1, now());"; configuration; "configuration_title, configuration_key, configuration_value, configuration_description, configuration_group_id, sort_order, date_added"; "tep_db_input($cnt_passwort)"; false
INSERT; "insert into configuration (configuration_title, configuration_key, configuration_value, configuration_description, configuration_group_id, sort_order, date_added) values (Sort order of display., MODULE_PAYMENT_SOFORTUEBERWEISUNG_DIRECT_SORT_ORDER, 0, Sort order of display. Lowest is displayed first., 6, 0, now())"; configuration; "configuration_title, configuration_key, configuration_value, configuration_description, configuration_group_id, sort_order, date_added"; ""; false
INSERT; "insert into configuration (configuration_title, configuration_key, configuration_value, configuration_description, configuration_group_id, sort_order, use_function, set_function, date_added) values (Payment Zone, MODULE_PAYMENT_SOFORTUEBERWEISUNG_DIRECT_ZONE, 0, If a zone is selected, only enable this payment method for that zone., 6, 2, tep_get_zone_class_title, tep_cfg_pull_down_zone_classes(, now())"; configuration; "configuration_title, configuration_key, configuration_value, configuration_description, configuration_group_id, sort_order, use_function, set_function, date_added"; ""; false
INSERT; "insert into configuration (configuration_title, configuration_key, configuration_value, configuration_description, configuration_group_id, sort_order, set_function, use_function, date_added) values (Set Preparing Order Status, MODULE_PAYMENT_SOFORTUEBERWEISUNG_DIRECT_PREPARE_ORDER_STATUS_ID, (int) $status_id , Order Status vor Eingang Bestellung, 6, 0, tep_cfg_pull_down_order_statuses(, tep_get_order_status_name, now())"; configuration; "configuration_title, configuration_key, configuration_value, configuration_description, configuration_group_id, sort_order, set_function, use_function, date_added"; "$status_id"; false
INSERT; "insert into configuration (configuration_title, configuration_key, configuration_value, configuration_description, configuration_group_id, sort_order, set_function, use_function, date_added) values (Set Order Status, MODULE_PAYMENT_SOFORTUEBERWEISUNG_DIRECT_ORDER_STATUS_ID, 0, Order Status nach Eingang Bestellung, 6, 0, tep_cfg_pull_down_order_statuses(, tep_get_order_status_name, now())"; configuration; "configuration_title, configuration_key, configuration_value, configuration_description, configuration_group_id, sort_order, set_function, use_function, date_added"; ""; false
INSERT; "insert into configuration (configuration_title, configuration_key, configuration_value, configuration_description, configuration_group_id, sort_order, set_function, date_added) values (Store Transactiondetails, MODULE_PAYMENT_SOFORTUEBERWEISUNG_DIRECT_STORE_TRANSACTION_DETAILS, False, Transactionsdetails bei Benachrichtigung in das Kommentarfeld speichern (zum debuggen, ist f�r Kunden via Konto sichtbar), 6, 2, tep_cfg_select_option(array(True, False), , now());"; configuration; "configuration_title, configuration_key, configuration_value, configuration_description, configuration_group_id, sort_order, set_function, date_added"; ""; false
SELECT; "select zone_id from zones_to_geo_zones where geo_zone_id = MODULE_PAYMENT_STRIPE_ZONE and zone_country_id = $order->delivery[country][id] order by zone_id"; zones_to_geo_zones; "zoneid"; "$order->delivery["country"]["id"], $order"; true
SELECT; "select 1 from customers_stripe_tokens where customers_id = (int) $customer_id limit 1"; customers_basket; "1"; "$customer_id"; true
SELECT; "select id, card_type, number_filtered, expiry_date from customers_stripe_tokens where customers_id = (int) $customer_id order by date_added"; customers_basket; "id, cardtype, numberfiltered, expirydate"; "$customer_id"; true
SELECT; "select stripe_token from customers_stripe_tokens where id = (int) $HTTP_POST_VARS[stripe_card] and customers_id = (int) $customer_id"; customers_basket; "stripetoken"; "$customer_id"; true
SELECT; "select configuration_value from configuration where configuration_key = MODULE_PAYMENT_STRIPE_STATUS"; configuration; "configurationvalue"; ""; false
SELECT; "select orders_status_id from orders_status where orders_status_name = Stripe [Transactions] limit 1"; orders_status; "ordersstatusid"; ""; true
SELECT; "select max(orders_status_id) as status_id from orders_status"; orders_status; "ordersstatusid"; ""; true
INSERT; "insert into orders_status (orders_status_id, language_id, orders_status_name) values ( $status_id , $lang[id] , Stripe [Transactions])"; orders_status; "orders_status_id, language_id, orders_status_name"; "$status_id, $lang["id"]"; false
UPDATE; "update orders_status set public_flag = 0 and downloads_flag = 0 where orders_status_id = $status_id"; orders_status; "public_flag, downloads_flag"; ""; false
SELECT; "select stripe_token from customers_stripe_tokens where customers_id = (int) $customer_id limit 1"; customers_basket; "stripetoken"; "$customer_id"; true
SELECT; "select zone_id from zones_to_geo_zones where geo_zone_id = MODULE_SHIPPING_FLAT_ZONE and zone_country_id = $order->delivery[country][id] order by zone_id"; zones_to_geo_zones; "zoneid"; "$order->delivery["country"]["id"], $order"; true
SELECT; "select configuration_value from configuration where configuration_key = MODULE_SHIPPING_FLAT_STATUS"; configuration; "configurationvalue"; ""; false
INSERT; "insert into configuration (configuration_title, configuration_key, configuration_value, configuration_description, configuration_group_id, sort_order, set_function, date_added) values (Enable Flat Shipping, MODULE_SHIPPING_FLAT_STATUS, True, Do you want to offer flat rate shipping?, 6, 0, tep_cfg_select_option(array(True, False), , now())"; configuration; "configuration_title, configuration_key, configuration_value, configuration_description, configuration_group_id, sort_order, set_function, date_added"; ""; false
INSERT; "insert into configuration (configuration_title, configuration_key, configuration_value, configuration_description, configuration_group_id, sort_order, date_added) values (Shipping Cost, MODULE_SHIPPING_FLAT_COST, 5.00, The shipping cost for all orders using this shipping method., 6, 0, now())"; configuration; "configuration_title, configuration_key, configuration_value, configuration_description, configuration_group_id, sort_order, date_added"; ""; false
INSERT; "insert into configuration (configuration_title, configuration_key, configuration_value, configuration_description, configuration_group_id, sort_order, use_function, set_function, date_added) values (Tax Class, MODULE_SHIPPING_FLAT_TAX_CLASS, 0, Use the following tax class on the shipping fee., 6, 0, tep_get_tax_class_title, tep_cfg_pull_down_tax_classes(, now())"; configuration; "configuration_title, configuration_key, configuration_value, configuration_description, configuration_group_id, sort_order, use_function, set_function, date_added"; ""; false
INSERT; "insert into configuration (configuration_title, configuration_key, configuration_value, configuration_description, configuration_group_id, sort_order, use_function, set_function, date_added) values (Shipping Zone, MODULE_SHIPPING_FLAT_ZONE, 0, If a zone is selected, only enable this shipping method for that zone., 6, 0, tep_get_zone_class_title, tep_cfg_pull_down_zone_classes(, now())"; configuration; "configuration_title, configuration_key, configuration_value, configuration_description, configuration_group_id, sort_order, use_function, set_function, date_added"; ""; false
INSERT; "insert into configuration (configuration_title, configuration_key, configuration_value, configuration_description, configuration_group_id, sort_order, date_added) values (Sort Order, MODULE_SHIPPING_FLAT_SORT_ORDER, 0, Sort order of display., 6, 0, now())"; configuration; "configuration_title, configuration_key, configuration_value, configuration_description, configuration_group_id, sort_order, date_added"; ""; false
SELECT; "select zone_id from zones_to_geo_zones where geo_zone_id = MODULE_SHIPPING_ITEM_ZONE and zone_country_id = $order->delivery[country][id] order by zone_id"; zones_to_geo_zones; "zoneid"; "$order->delivery["country"]["id"], $order"; true
SELECT; "select configuration_value from configuration where configuration_key = MODULE_SHIPPING_ITEM_STATUS"; configuration; "configurationvalue"; ""; false
INSERT; "insert into configuration (configuration_title, configuration_key, configuration_value, configuration_description, configuration_group_id, sort_order, set_function, date_added) values (Enable Item Shipping, MODULE_SHIPPING_ITEM_STATUS, True, Do you want to offer per item rate shipping?, 6, 0, tep_cfg_select_option(array(True, False), , now())"; configuration; "configuration_title, configuration_key, configuration_value, configuration_description, configuration_group_id, sort_order, set_function, date_added"; ""; false
INSERT; "insert into configuration (configuration_title, configuration_key, configuration_value, configuration_description, configuration_group_id, sort_order, date_added) values (Shipping Cost, MODULE_SHIPPING_ITEM_COST, 2.50, The shipping cost will be multiplied by the number of items in an order that uses this shipping method., 6, 0, now())"; configuration; "configuration_title, configuration_key, configuration_value, configuration_description, configuration_group_id, sort_order, date_added"; ""; false
INSERT; "insert into configuration (configuration_title, configuration_key, configuration_value, configuration_description, configuration_group_id, sort_order, date_added) values (Handling Fee, MODULE_SHIPPING_ITEM_HANDLING, 0, Handling fee for this shipping method., 6, 0, now())"; configuration; "configuration_title, configuration_key, configuration_value, configuration_description, configuration_group_id, sort_order, date_added"; ""; false
INSERT; "insert into configuration (configuration_title, configuration_key, configuration_value, configuration_description, configuration_group_id, sort_order, use_function, set_function, date_added) values (Tax Class, MODULE_SHIPPING_ITEM_TAX_CLASS, 0, Use the following tax class on the shipping fee., 6, 0, tep_get_tax_class_title, tep_cfg_pull_down_tax_classes(, now())"; configuration; "configuration_title, configuration_key, configuration_value, configuration_description, configuration_group_id, sort_order, use_function, set_function, date_added"; ""; false
INSERT; "insert into configuration (configuration_title, configuration_key, configuration_value, configuration_description, configuration_group_id, sort_order, use_function, set_function, date_added) values (Shipping Zone, MODULE_SHIPPING_ITEM_ZONE, 0, If a zone is selected, only enable this shipping method for that zone., 6, 0, tep_get_zone_class_title, tep_cfg_pull_down_zone_classes(, now())"; configuration; "configuration_title, configuration_key, configuration_value, configuration_description, configuration_group_id, sort_order, use_function, set_function, date_added"; ""; false
INSERT; "insert into configuration (configuration_title, configuration_key, configuration_value, configuration_description, configuration_group_id, sort_order, date_added) values (Sort Order, MODULE_SHIPPING_ITEM_SORT_ORDER, 0, Sort order of display., 6, 0, now())"; configuration; "configuration_title, configuration_key, configuration_value, configuration_description, configuration_group_id, sort_order, date_added"; ""; false
SELECT; "select count(*) as total from products_attributes pa, products_attributes_download pad where pa.products_id = (int) $order->products[$i][id] and pa.options_values_id = (int) $value[value_id] and pa.products_attributes_id = pad.products_attributes_id"; products_attributes_download; ""; "$order->products[$i]["id"], $value["value_id"]"; false
SELECT; "select zone_id from zones_to_geo_zones where geo_zone_id = MODULE_SHIPPING_TABLE_ZONE and zone_country_id = $order->delivery[country][id] order by zone_id"; zones_to_geo_zones; "zoneid"; "$order->delivery["country"]["id"], $order"; true
SELECT; "select configuration_value from configuration where configuration_key = MODULE_SHIPPING_TABLE_STATUS"; configuration; "configurationvalue"; ""; false
INSERT; "insert into configuration (configuration_title, configuration_key, configuration_value, configuration_description, configuration_group_id, sort_order, set_function, date_added) VALUES (Enable Table Method, MODULE_SHIPPING_TABLE_STATUS, True, Do you want to offer table rate shipping?, 6, 0, tep_cfg_select_option(array(True, False), , now())"; configuration; "configuration_title, configuration_key, configuration_value, configuration_description, configuration_group_id, sort_order, set_function, date_added"; ""; false
INSERT; "insert into configuration (configuration_title, configuration_key, configuration_value, configuration_description, configuration_group_id, sort_order, date_added) values (Shipping Table, MODULE_SHIPPING_TABLE_COST, 25:8.50, 50:5.50, 10000:0.00, The shipping cost is based on the total cost or weight of items. Example: 25:8.50, 50:5.50, etc.. Up to 25 charge 8.50, from there to 50 charge 5.50, etc, 6, 0, now())"; configuration; "configuration_title, configuration_key, configuration_value, configuration_description, configuration_group_id, sort_order, date_added"; ""; false
INSERT; "insert into configuration (configuration_title, configuration_key, configuration_value, configuration_description, configuration_group_id, sort_order, set_function, date_added) values (Table Method, MODULE_SHIPPING_TABLE_MODE, weight, The shipping cost is based on the order total or the total weight of the items ordered., 6, 0, tep_cfg_select_option(array(weight, price), , now())"; configuration; "configuration_title, configuration_key, configuration_value, configuration_description, configuration_group_id, sort_order, set_function, date_added"; ""; false
INSERT; "insert into configuration (configuration_title, configuration_key, configuration_value, configuration_description, configuration_group_id, sort_order, date_added) values (Handling Fee, MODULE_SHIPPING_TABLE_HANDLING, 0, Handling fee for this shipping method., 6, 0, now())"; configuration; "configuration_title, configuration_key, configuration_value, configuration_description, configuration_group_id, sort_order, date_added"; ""; false
INSERT; "insert into configuration (configuration_title, configuration_key, configuration_value, configuration_description, configuration_group_id, sort_order, use_function, set_function, date_added) values (Tax Class, MODULE_SHIPPING_TABLE_TAX_CLASS, 0, Use the following tax class on the shipping fee., 6, 0, tep_get_tax_class_title, tep_cfg_pull_down_tax_classes(, now())"; configuration; "configuration_title, configuration_key, configuration_value, configuration_description, configuration_group_id, sort_order, use_function, set_function, date_added"; ""; false
INSERT; "insert into configuration (configuration_title, configuration_key, configuration_value, configuration_description, configuration_group_id, sort_order, use_function, set_function, date_added) values (Shipping Zone, MODULE_SHIPPING_TABLE_ZONE, 0, If a zone is selected, only enable this shipping method for that zone., 6, 0, tep_get_zone_class_title, tep_cfg_pull_down_zone_classes(, now())"; configuration; "configuration_title, configuration_key, configuration_value, configuration_description, configuration_group_id, sort_order, use_function, set_function, date_added"; ""; false
INSERT; "insert into configuration (configuration_title, configuration_key, configuration_value, configuration_description, configuration_group_id, sort_order, date_added) values (Sort Order, MODULE_SHIPPING_TABLE_SORT_ORDER, 0, Sort order of display., 6, 0, now())"; configuration; "configuration_title, configuration_key, configuration_value, configuration_description, configuration_group_id, sort_order, date_added"; ""; false
SELECT; "select count(*) as total from products_attributes pa, products_attributes_download pad where pa.products_id = (int) $order->products[$i][id] and pa.options_values_id = (int) $value[value_id] and pa.products_attributes_id = pad.products_attributes_id"; products_attributes_download; ""; "$order->products[$i]["id"], $value["value_id"]"; false
SELECT; "select zone_id from zones_to_geo_zones where geo_zone_id = MODULE_SHIPPING_USPS_ZONE and zone_country_id = $order->delivery[country][id] order by zone_id"; zones_to_geo_zones; "zoneid"; "$order->delivery["country"]["id"], $order"; true
SELECT; "select configuration_value from configuration where configuration_key = MODULE_SHIPPING_USPS_STATUS"; configuration; "configurationvalue"; ""; false
INSERT; "insert into configuration (configuration_title, configuration_key, configuration_value, configuration_description, configuration_group_id, sort_order, set_function, date_added) values (Enable USPS Shipping, MODULE_SHIPPING_USPS_STATUS, True, Do you want to offer USPS shipping?, 6, 0, tep_cfg_select_option(array(True, False), , now())"; configuration; "configuration_title, configuration_key, configuration_value, configuration_description, configuration_group_id, sort_order, set_function, date_added"; ""; false
INSERT; "insert into configuration (configuration_title, configuration_key, configuration_value, configuration_description, configuration_group_id, sort_order, date_added) values (Enter the USPS User ID, MODULE_SHIPPING_USPS_USERID, NONE, Enter the USPS USERID assigned to you., 6, 0, now())"; configuration; "configuration_title, configuration_key, configuration_value, configuration_description, configuration_group_id, sort_order, date_added"; ""; false
INSERT; "insert into configuration (configuration_title, configuration_key, configuration_value, configuration_description, configuration_group_id, sort_order, date_added) values (Enter the USPS Password, MODULE_SHIPPING_USPS_PASSWORD, NONE, See USERID, above., 6, 0, now())"; configuration; "configuration_title, configuration_key, configuration_value, configuration_description, configuration_group_id, sort_order, date_added"; ""; false
INSERT; "insert into configuration (configuration_title, configuration_key, configuration_value, configuration_description, configuration_group_id, sort_order, date_added) values (Handling Fee, MODULE_SHIPPING_USPS_HANDLING, 0, Handling fee for this shipping method., 6, 0, now())"; configuration; "configuration_title, configuration_key, configuration_value, configuration_description, configuration_group_id, sort_order, date_added"; ""; false
INSERT; "insert into configuration (configuration_title, configuration_key, configuration_value, configuration_description, configuration_group_id, sort_order, use_function, set_function, date_added) values (Tax Class, MODULE_SHIPPING_USPS_TAX_CLASS, 0, Use the following tax class on the shipping fee., 6, 0, tep_get_tax_class_title, tep_cfg_pull_down_tax_classes(, now())"; configuration; "configuration_title, configuration_key, configuration_value, configuration_description, configuration_group_id, sort_order, use_function, set_function, date_added"; ""; false
INSERT; "insert into configuration (configuration_title, configuration_key, configuration_value, configuration_description, configuration_group_id, sort_order, use_function, set_function, date_added) values (Shipping Zone, MODULE_SHIPPING_USPS_ZONE, 0, If a zone is selected, only enable this shipping method for that zone., 6, 0, tep_get_zone_class_title, tep_cfg_pull_down_zone_classes(, now())"; configuration; "configuration_title, configuration_key, configuration_value, configuration_description, configuration_group_id, sort_order, use_function, set_function, date_added"; ""; false
INSERT; "insert into configuration (configuration_title, configuration_key, configuration_value, configuration_description, configuration_group_id, sort_order, date_added) values (Sort Order, MODULE_SHIPPING_USPS_SORT_ORDER, 0, Sort order of display., 6, 0, now())"; configuration; "configuration_title, configuration_key, configuration_value, configuration_description, configuration_group_id, sort_order, date_added"; ""; false
SELECT; "select configuration_value from configuration where configuration_key = MODULE_SHIPPING_ZONES_STATUS"; configuration; "configurationvalue"; ""; false
INSERT; "insert into configuration (configuration_title, configuration_key, configuration_value, configuration_description, configuration_group_id, sort_order, set_function, date_added) VALUES (Enable Zones Method, MODULE_SHIPPING_ZONES_STATUS, True, Do you want to offer zone rate shipping?, 6, 0, tep_cfg_select_option(array(True, False), , now())"; configuration; "configuration_title, configuration_key, configuration_value, configuration_description, configuration_group_id, sort_order, set_function, date_added"; ""; false
INSERT; "insert into configuration (configuration_title, configuration_key, configuration_value, configuration_description, configuration_group_id, sort_order, use_function, set_function, date_added) values (Tax Class, MODULE_SHIPPING_ZONES_TAX_CLASS, 0, Use the following tax class on the shipping fee., 6, 0, tep_get_tax_class_title, tep_cfg_pull_down_tax_classes(, now())"; configuration; "configuration_title, configuration_key, configuration_value, configuration_description, configuration_group_id, sort_order, use_function, set_function, date_added"; ""; false
INSERT; "insert into configuration (configuration_title, configuration_key, configuration_value, configuration_description, configuration_group_id, sort_order, date_added) values (Sort Order, MODULE_SHIPPING_ZONES_SORT_ORDER, 0, Sort order of display., 6, 0, now())"; configuration; "configuration_title, configuration_key, configuration_value, configuration_description, configuration_group_id, sort_order, date_added"; ""; false
INSERT; "insert into configuration (configuration_title, configuration_key, configuration_value, configuration_description, configuration_group_id, sort_order, date_added) values (Zone $i Countries, MODULE_SHIPPING_ZONES_COUNTRIES_ $i , $default_countries , Comma separated list of two character ISO country codes that are part of Zone $i ., 6, 0, now())"; configuration; "configuration_title, configuration_key, configuration_value, configuration_description, configuration_group_id, sort_order, date_added"; "$i, $default_countries"; false
INSERT; "insert into configuration (configuration_title, configuration_key, configuration_value, configuration_description, configuration_group_id, sort_order, date_added) values (Zone $i Shipping Table, MODULE_SHIPPING_ZONES_COST_ $i , 3:8.50, 7:10.50, 99:20.00, Shipping rates to Zone $i destinations based on a group of maximum order weights. Example: 3:8.50, 7:10.50, ... Weights less than or equal to 3 would cost 8.50 for Zone $i destinations., 6, 0, now())"; configuration; "configuration_title, configuration_key, configuration_value, configuration_description, configuration_group_id, sort_order, date_added"; "$i"; false
INSERT; "insert into configuration (configuration_title, configuration_key, configuration_value, configuration_description, configuration_group_id, sort_order, date_added) values (Zone $i Handling Fee, MODULE_SHIPPING_ZONES_HANDLING_ $i , 0, Handling Fee for this shipping zone, 6, 0, now())"; configuration; "configuration_title, configuration_key, configuration_value, configuration_description, configuration_group_id, sort_order, date_added"; "$i"; false
INSERT; "insert into configuration (configuration_title, configuration_key, configuration_value, configuration_description, configuration_group_id, sort_order, set_function, date_added) values (Enable Digg Module, MODULE_SOCIAL_BOOKMARKS_DIGG_STATUS, True, Do you want to allow products to be shared through Digg?, 6, 1, tep_cfg_select_option(array(True, False), , now())"; configuration; "configuration_title, configuration_key, configuration_value, configuration_description, configuration_group_id, sort_order, set_function, date_added"; ""; false
INSERT; "insert into configuration (configuration_title, configuration_key, configuration_value, configuration_description, configuration_group_id, sort_order, date_added) values (Sort Order, MODULE_SOCIAL_BOOKMARKS_DIGG_SORT_ORDER, 0, Sort order of display. Lowest is displayed first., 6, 0, now())"; configuration; "configuration_title, configuration_key, configuration_value, configuration_description, configuration_group_id, sort_order, date_added"; ""; false
INSERT; "insert into configuration (configuration_title, configuration_key, configuration_value, configuration_description, configuration_group_id, sort_order, set_function, date_added) values (Enable E-Mail Module, MODULE_SOCIAL_BOOKMARKS_EMAIL_STATUS, True, Do you want to allow products to be shared through e-mail?, 6, 1, tep_cfg_select_option(array(True, False), , now())"; configuration; "configuration_title, configuration_key, configuration_value, configuration_description, configuration_group_id, sort_order, set_function, date_added"; ""; false
INSERT; "insert into configuration (configuration_title, configuration_key, configuration_value, configuration_description, configuration_group_id, sort_order, date_added) values (Sort Order, MODULE_SOCIAL_BOOKMARKS_EMAIL_SORT_ORDER, 0, Sort order of display. Lowest is displayed first., 6, 0, now())"; configuration; "configuration_title, configuration_key, configuration_value, configuration_description, configuration_group_id, sort_order, date_added"; ""; false
INSERT; "insert into configuration (configuration_title, configuration_key, configuration_value, configuration_description, configuration_group_id, sort_order, set_function, date_added) values (Enable Facebook Module, MODULE_SOCIAL_BOOKMARKS_FACEBOOK_STATUS, True, Do you want to allow products to be shared through Facebook?, 6, 1, tep_cfg_select_option(array(True, False), , now())"; configuration; "configuration_title, configuration_key, configuration_value, configuration_description, configuration_group_id, sort_order, set_function, date_added"; ""; false
INSERT; "insert into configuration (configuration_title, configuration_key, configuration_value, configuration_description, configuration_group_id, sort_order, date_added) values (Sort Order, MODULE_SOCIAL_BOOKMARKS_FACEBOOK_SORT_ORDER, 0, Sort order of display. Lowest is displayed first., 6, 0, now())"; configuration; "configuration_title, configuration_key, configuration_value, configuration_description, configuration_group_id, sort_order, date_added"; ""; false
INSERT; "insert into configuration (configuration_title, configuration_key, configuration_value, configuration_description, configuration_group_id, sort_order, set_function, date_added) values (Enable Facebook Like Module, MODULE_SOCIAL_BOOKMARKS_FACEBOOK_LIKE_STATUS, True, Do you want to allow products to be shared through Facebook Like?, 6, 1, tep_cfg_select_option(array(True, False), , now())"; configuration; "configuration_title, configuration_key, configuration_value, configuration_description, configuration_group_id, sort_order, set_function, date_added"; ""; false
INSERT; "insert into configuration (configuration_title, configuration_key, configuration_value, configuration_description, configuration_group_id, sort_order, set_function, date_added) values (Layout Style, MODULE_SOCIAL_BOOKMARKS_FACEBOOK_LIKE_STYLE, Standard, Determines the size and amount of social context next to the button., 6, 1, tep_cfg_select_option(array(Standard, Button Count), , now())"; configuration; "configuration_title, configuration_key, configuration_value, configuration_description, configuration_group_id, sort_order, set_function, date_added"; ""; false
INSERT; "insert into configuration (configuration_title, configuration_key, configuration_value, configuration_description, configuration_group_id, sort_order, set_function, date_added) values (Show Faces, MODULE_SOCIAL_BOOKMARKS_FACEBOOK_LIKE_FACES, False, Show profile pictures below the button?, 6, 1, tep_cfg_select_option(array(True, False), , now())"; configuration; "configuration_title, configuration_key, configuration_value, configuration_description, configuration_group_id, sort_order, set_function, date_added"; ""; false
INSERT; "insert into configuration (configuration_title, configuration_key, configuration_value, configuration_description, configuration_group_id, sort_order, date_added) values (Width, MODULE_SOCIAL_BOOKMARKS_FACEBOOK_LIKE_WIDTH, 125, The width of the iframe in pixels., 6, 0, now())"; configuration; "configuration_title, configuration_key, configuration_value, configuration_description, configuration_group_id, sort_order, date_added"; ""; false
INSERT; "insert into configuration (configuration_title, configuration_key, configuration_value, configuration_description, configuration_group_id, sort_order, set_function, date_added) values (Verb to Display, MODULE_SOCIAL_BOOKMARKS_FACEBOOK_LIKE_VERB, Like, The verb to display in the button., 6, 1, tep_cfg_select_option(array(Like, Recommend), , now())"; configuration; "configuration_title, configuration_key, configuration_value, configuration_description, configuration_group_id, sort_order, set_function, date_added"; ""; false
INSERT; "insert into configuration (configuration_title, configuration_key, configuration_value, configuration_description, configuration_group_id, sort_order, set_function, date_added) values (Color Scheme, MODULE_SOCIAL_BOOKMARKS_FACEBOOK_LIKE_SCHEME, Light, The color scheme of the button., 6, 1, tep_cfg_select_option(array(Light, Dark), , now())"; configuration; "configuration_title, configuration_key, configuration_value, configuration_description, configuration_group_id, sort_order, set_function, date_added"; ""; false
INSERT; "insert into configuration (configuration_title, configuration_key, configuration_value, configuration_description, configuration_group_id, sort_order, date_added) values (Sort Order, MODULE_SOCIAL_BOOKMARKS_FACEBOOK_LIKE_SORT_ORDER, 0, Sort order of display. Lowest is displayed first., 6, 0, now())"; configuration; "configuration_title, configuration_key, configuration_value, configuration_description, configuration_group_id, sort_order, date_added"; ""; false
INSERT; "insert into configuration (configuration_title, configuration_key, configuration_value, configuration_description, configuration_group_id, sort_order, set_function, date_added) values (Enable Google+ +1 Button Module, MODULE_SOCIAL_BOOKMARKS_GOOGLE_PLUS_ONE_STATUS, True, Do you want to allow products to be recommended through Google+ +1 Button?, 6, 1, tep_cfg_select_option(array(True, False), , now())"; configuration; "configuration_title, configuration_key, configuration_value, configuration_description, configuration_group_id, sort_order, set_function, date_added"; ""; false
INSERT; "insert into configuration (configuration_title, configuration_key, configuration_value, configuration_description, configuration_group_id, sort_order, set_function, date_added) values (Button Size, MODULE_SOCIAL_BOOKMARKS_GOOGLE_PLUS_ONE_SIZE, Small, Sets the size of the button., 6, 1, tep_cfg_select_option(array(Small, Medium, Standard, Tall), , now())"; configuration; "configuration_title, configuration_key, configuration_value, configuration_description, configuration_group_id, sort_order, set_function, date_added"; ""; false
INSERT; "insert into configuration (configuration_title, configuration_key, configuration_value, configuration_description, configuration_group_id, sort_order, set_function, date_added) values (Annotation, MODULE_SOCIAL_BOOKMARKS_GOOGLE_PLUS_ONE_ANNOTATION, None, The annotation to display next to the button., 6, 1, tep_cfg_select_option(array(None, Bubble, Inline), , now())"; configuration; "configuration_title, configuration_key, configuration_value, configuration_description, configuration_group_id, sort_order, set_function, date_added"; ""; false
INSERT; "insert into configuration (configuration_title, configuration_key, configuration_value, configuration_description, configuration_group_id, sort_order, date_added) values (Inline Width, MODULE_SOCIAL_BOOKMARKS_GOOGLE_PLUS_ONE_WIDTH, 120, The width of the inline annotation in pixels (minimum 120)., 6, 0, now())"; configuration; "configuration_title, configuration_key, configuration_value, configuration_description, configuration_group_id, sort_order, date_added"; ""; false
INSERT; "insert into configuration (configuration_title, configuration_key, configuration_value, configuration_description, configuration_group_id, sort_order, set_function, date_added) values (Inline Alignment, MODULE_SOCIAL_BOOKMARKS_GOOGLE_PLUS_ONE_ALIGN, Left, The alignment of the inline annotation., 6, 1, tep_cfg_select_option(array(Left, Right), , now())"; configuration; "configuration_title, configuration_key, configuration_value, configuration_description, configuration_group_id, sort_order, set_function, date_added"; ""; false
INSERT; "insert into configuration (configuration_title, configuration_key, configuration_value, configuration_description, configuration_group_id, sort_order, date_added) values (Sort Order, MODULE_SOCIAL_BOOKMARKS_GOOGLE_PLUS_ONE_SORT_ORDER, 0, Sort order of display. Lowest is displayed first., 6, 0, now())"; configuration; "configuration_title, configuration_key, configuration_value, configuration_description, configuration_group_id, sort_order, date_added"; ""; false
INSERT; "insert into configuration (configuration_title, configuration_key, configuration_value, configuration_description, configuration_group_id, sort_order, set_function, date_added) values (Enable Google+ Share Module, MODULE_SOCIAL_BOOKMARKS_GOOGLE_PLUS_SHARE_STATUS, True, Do you want to allow products to be shared through Google+?, 6, 1, tep_cfg_select_option(array(True, False), , now())"; configuration; "configuration_title, configuration_key, configuration_value, configuration_description, configuration_group_id, sort_order, set_function, date_added"; ""; false
INSERT; "insert into configuration (configuration_title, configuration_key, configuration_value, configuration_description, configuration_group_id, sort_order, set_function, date_added) values (Annotation, MODULE_SOCIAL_BOOKMARKS_GOOGLE_PLUS_SHARE_ANNOTATION, Bubble, The annotation to display next to the button., 6, 1, tep_cfg_select_option(array(Inline, Bubble, Vertical-Bubble, None), , now())"; configuration; "configuration_title, configuration_key, configuration_value, configuration_description, configuration_group_id, sort_order, set_function, date_added"; ""; false
INSERT; "insert into configuration (configuration_title, configuration_key, configuration_value, configuration_description, configuration_group_id, sort_order, date_added) values (Width, MODULE_SOCIAL_BOOKMARKS_GOOGLE_PLUS_SHARE_WIDTH, , The maximum width of the button., 6, 0, now())"; configuration; "configuration_title, configuration_key, configuration_value, configuration_description, configuration_group_id, sort_order, date_added"; ""; false
INSERT; "insert into configuration (configuration_title, configuration_key, configuration_value, configuration_description, configuration_group_id, sort_order, set_function, date_added) values (Height, MODULE_SOCIAL_BOOKMARKS_GOOGLE_PLUS_SHARE_HEIGHT, 20, Sets the height of the button., 6, 1, tep_cfg_select_option(array(15, 20, 24, 60), , now())"; configuration; "configuration_title, configuration_key, configuration_value, configuration_description, configuration_group_id, sort_order, set_function, date_added"; ""; false
INSERT; "insert into configuration (configuration_title, configuration_key, configuration_value, configuration_description, configuration_group_id, sort_order, set_function, date_added) values (Alignment, MODULE_SOCIAL_BOOKMARKS_GOOGLE_PLUS_SHARE_ALIGN, Left, The alignment of the button assets., 6, 1, tep_cfg_select_option(array(Left, Right), , now())"; configuration; "configuration_title, configuration_key, configuration_value, configuration_description, configuration_group_id, sort_order, set_function, date_added"; ""; false
INSERT; "insert into configuration (configuration_title, configuration_key, configuration_value, configuration_description, configuration_group_id, sort_order, date_added) values (Sort Order, MODULE_SOCIAL_BOOKMARKS_GOOGLE_PLUS_SHARE_SORT_ORDER, 0, Sort order of display. Lowest is displayed first., 6, 0, now())"; configuration; "configuration_title, configuration_key, configuration_value, configuration_description, configuration_group_id, sort_order, date_added"; ""; false
SELECT; "select products_image from products where products_id = (int) $HTTP_GET_VARS[products_id]"; products; "productsimage"; ""products_id""; false
SELECT; "select image from products_images where products_id = (int) $HTTP_GET_VARS[products_id] order by sort_order"; products_images; "image"; ""products_id""; false
INSERT; "insert into configuration (configuration_title, configuration_key, configuration_value, configuration_description, configuration_group_id, sort_order, set_function, date_added) values (Enable Pinterest Module, MODULE_SOCIAL_BOOKMARKS_PINTEREST_STATUS, True, Do you want to allow Pinterest Button?, 6, 1, tep_cfg_select_option(array(True, False), , now())"; configuration; "configuration_title, configuration_key, configuration_value, configuration_description, configuration_group_id, sort_order, set_function, date_added"; ""; false
INSERT; "insert into configuration (configuration_title, configuration_key, configuration_value, configuration_description, configuration_group_id, sort_order, set_function, date_added) values (Layout Position, MODULE_SOCIAL_BOOKMARKS_PINTEREST_BUTTON_COUNT_POSITION, None, Horizontal or Vertical or None, 6, 2, tep_cfg_select_option(array(Horizontal, Vertical, None), , now())"; configuration; "configuration_title, configuration_key, configuration_value, configuration_description, configuration_group_id, sort_order, set_function, date_added"; ""; false
INSERT; "insert into configuration (configuration_title, configuration_key, configuration_value, configuration_description, configuration_group_id, sort_order, date_added) values (Sort Order, MODULE_SOCIAL_BOOKMARKS_PINTEREST_SORT_ORDER, 0, Sort order of display. Lowest is displayed first., 6, 0, now())"; configuration; "configuration_title, configuration_key, configuration_value, configuration_description, configuration_group_id, sort_order, date_added"; ""; false
INSERT; "insert into configuration (configuration_title, configuration_key, configuration_value, configuration_description, configuration_group_id, sort_order, set_function, date_added) values (Enable Twitter Module, MODULE_SOCIAL_BOOKMARKS_TWITTER_STATUS, True, Do you want to allow products to be shared through Twitter?, 6, 1, tep_cfg_select_option(array(True, False), , now())"; configuration; "configuration_title, configuration_key, configuration_value, configuration_description, configuration_group_id, sort_order, set_function, date_added"; ""; false
INSERT; "insert into configuration (configuration_title, configuration_key, configuration_value, configuration_description, configuration_group_id, sort_order, date_added) values (Sort Order, MODULE_SOCIAL_BOOKMARKS_TWITTER_SORT_ORDER, 0, Sort order of display. Lowest is displayed first., 6, 0, now())"; configuration; "configuration_title, configuration_key, configuration_value, configuration_description, configuration_group_id, sort_order, date_added"; ""; false
INSERT; "insert into configuration (configuration_title, configuration_key, configuration_value, configuration_description, configuration_group_id, sort_order, set_function, date_added) values (Enable Twitter Button Module, MODULE_SOCIAL_BOOKMARKS_TWITTER_BUTTON_STATUS, True, Do you want to allow products to be shared through Twitter Button?, 6, 0, tep_cfg_select_option(array(True, False), , now())"; configuration; "configuration_title, configuration_key, configuration_value, configuration_description, configuration_group_id, sort_order, set_function, date_added"; ""; false
INSERT; "insert into configuration (configuration_title, configuration_key, configuration_value, configuration_description, configuration_group_id, sort_order, date_added) values (Shop Owner Twitter Account, MODULE_SOCIAL_BOOKMARKS_TWITTER_BUTTON_ACCOUNT, , The Twitter account to attribute the tweet to and is recommended to the user to follow., 6, 0, now())"; configuration; "configuration_title, configuration_key, configuration_value, configuration_description, configuration_group_id, sort_order, date_added"; ""; false
INSERT; "insert into configuration (configuration_title, configuration_key, configuration_value, configuration_description, configuration_group_id, sort_order, date_added) values (Related Twitter Account, MODULE_SOCIAL_BOOKMARKS_TWITTER_BUTTON_RELATED_ACCOUNT, , A related Twitter account that is also recommended to the user to follow., 6, 0, now())"; configuration; "configuration_title, configuration_key, configuration_value, configuration_description, configuration_group_id, sort_order, date_added"; ""; false
INSERT; "insert into configuration (configuration_title, configuration_key, configuration_value, configuration_description, configuration_group_id, sort_order, date_added) values (Related Twitter Account Description, MODULE_SOCIAL_BOOKMARKS_TWITTER_BUTTON_RELATED_ACCOUNT_DESC, , A description for the related Twitter account., 6, 0, now())"; configuration; "configuration_title, configuration_key, configuration_value, configuration_description, configuration_group_id, sort_order, date_added"; ""; false
INSERT; "insert into configuration (configuration_title, configuration_key, configuration_value, configuration_description, configuration_group_id, sort_order, set_function, date_added) values (Count Position, MODULE_SOCIAL_BOOKMARKS_TWITTER_BUTTON_COUNT_POSITION, Horizontal, The position of the counter., 6, 0, tep_cfg_select_option(array(Horizontal, Vertical, None), , now())"; configuration; "configuration_title, configuration_key, configuration_value, configuration_description, configuration_group_id, sort_order, set_function, date_added"; ""; false
INSERT; "insert into configuration (configuration_title, configuration_key, configuration_value, configuration_description, configuration_group_id, sort_order, date_added) values (Sort Order, MODULE_SOCIAL_BOOKMARKS_TWITTER_BUTTON_SORT_ORDER, 0, Sort order of display. Lowest is displayed first., 6, 0, now())"; configuration; "configuration_title, configuration_key, configuration_value, configuration_description, configuration_group_id, sort_order, date_added"; ""; false
SELECT; "select p.products_id, pd.products_name, products_date_available as date_expected from products p, products_description pd where to_days(products_date_available) >= to_days(now()) and p.products_id = pd.products_id and pd.language_id = (int) $languages_id order by EXPECTED_PRODUCTS_FIELD EXPECTED_PRODUCTS_SORT limit MAX_DISPLAY_UPCOMING_PRODUCTS"; products; "pproductsid, pdproductsname, productsdateavailable"; "$languages_id"; true
SELECT; "select count(*) as total from products_to_categories where categories_id = (int) $current_category_id"; products_to_categories; ""; "$current_category_id"; true
SELECT; "select count(*) as total from categories where parent_id = (int) $current_category_id"; categories; ""; "$current_category_id"; false
SELECT; "select cd.categories_name, c.categories_image from categories c, categories_description cd where c.categories_id = (int) $current_category_id and cd.categories_id = (int) $current_category_id and cd.language_id = (int) $languages_id"; categories; "cdcategoriesname, ccategoriesimage"; "$current_category_id, $languages_id"; false
SELECT; "select count(*) as total from categories c, categories_description cd where c.parent_id = (int) $category_links[$i] and c.categories_id = cd.categories_id and cd.language_id = (int) $languages_id"; categories; ""; "$category_links[$i], $languages_id"; false
SELECT; "select c.categories_id, cd.categories_name, c.categories_image, c.parent_id from categories c, categories_description cd where c.parent_id = (int) $category_links[$i] and c.categories_id = cd.categories_id and cd.language_id = (int) $languages_id order by sort_order, cd.categories_name"; categories; "ccategoriesid, cdcategoriesname, ccategoriesimage, cparentid"; "$category_links[$i], $languages_id"; false
SELECT; "select c.categories_id, cd.categories_name, c.categories_image, c.parent_id from categories c, categories_description cd where c.parent_id = (int) $current_category_id and c.categories_id = cd.categories_id and cd.language_id = (int) $languages_id order by sort_order, cd.categories_name"; categories; "ccategoriesid, cdcategoriesname, ccategoriesimage, cparentid"; "$current_category_id, $languages_id"; false
SELECT; "select $select_column_list p.products_id, p.manufacturers_id, p.products_price, p.products_tax_class_id, IF(s.status, s.specials_new_products_price, NULL) as specials_new_products_price, IF(s.status, s.specials_new_products_price, p.products_price) as final_price from products p left join specials s on p.products_id = s.products_id, products_description pd, manufacturers m, products_to_categories p2c where p.products_status = 1 and p.manufacturers_id = m.manufacturers_id and m.manufacturers_id = (int) $HTTP_GET_VARS[manufacturers_id] and p.products_id = p2c.products_id and pd.products_id = p2c.products_id and pd.language_id = (int) $languages_id and p2c.categories_id = (int) $HTTP_GET_VARS[filter_id]"; specials; "selectcolumnlist, pproductsid, pmanufacturersid, pproductsprice, pproductstaxclassid, sstatus, sspecialsnewproductsprice, null, specialsnewproductsprice"; ""manufacturers_id", $languages_id"; true
SELECT; "select $select_column_list p.products_id, p.manufacturers_id, p.products_price, p.products_tax_class_id, IF(s.status, s.specials_new_products_price, NULL) as specials_new_products_price, IF(s.status, s.specials_new_products_price, p.products_price) as final_price from products p left join specials s on p.products_id = s.products_id, products_description pd, manufacturers m where p.products_status = 1 and pd.products_id = p.products_id and pd.language_id = (int) $languages_id and p.manufacturers_id = m.manufacturers_id and m.manufacturers_id = (int) $HTTP_GET_VARS[manufacturers_id]"; specials; "selectcolumnlist, pproductsid, pmanufacturersid, pproductsprice, pproductstaxclassid, sstatus, sspecialsnewproductsprice, null, specialsnewproductsprice"; "$languages_id, "manufacturers_id""; true
SELECT; "select $select_column_list p.products_id, p.manufacturers_id, p.products_price, p.products_tax_class_id, IF(s.status, s.specials_new_products_price, NULL) as specials_new_products_price, IF(s.status, s.specials_new_products_price, p.products_price) as final_price from products p left join specials s on p.products_id = s.products_id, products_description pd, manufacturers m, products_to_categories p2c where p.products_status = 1 and p.manufacturers_id = m.manufacturers_id and m.manufacturers_id = (int) $HTTP_GET_VARS[filter_id] and p.products_id = p2c.products_id and pd.products_id = p2c.products_id and pd.language_id = (int) $languages_id and p2c.categories_id = (int) $current_category_id"; specials; "selectcolumnlist, pproductsid, pmanufacturersid, pproductsprice, pproductstaxclassid, sstatus, sspecialsnewproductsprice, null, specialsnewproductsprice"; "$languages_id, $current_category_id"; true
SELECT; "select $select_column_list p.products_id, p.manufacturers_id, p.products_price, p.products_tax_class_id, IF(s.status, s.specials_new_products_price, NULL) as specials_new_products_price, IF(s.status, s.specials_new_products_price, p.products_price) as final_price from products_description pd, products p left join manufacturers m on p.manufacturers_id = m.manufacturers_id left join specials s on p.products_id = s.products_id, products_to_categories p2c where p.products_status = 1 and p.products_id = p2c.products_id and pd.products_id = p2c.products_id and pd.language_id = (int) $languages_id and p2c.categories_id = (int) $current_category_id"; specials; "selectcolumnlist, pproductsid, pmanufacturersid, pproductsprice, pproductstaxclassid, sstatus, sspecialsnewproductsprice, null, specialsnewproductsprice"; "$languages_id, $current_category_id"; true
SELECT; "select manufacturers_image, manufacturers_name as catname from manufacturers where manufacturers_id = (int) $HTTP_GET_VARS[manufacturers_id]"; manufacturers; "manufacturersimage, manufacturersname"; ""manufacturers_id""; false
SELECT; "select c.categories_image, cd.categories_name as catname from categories c, categories_description cd where c.categories_id = (int) $current_category_id and c.categories_id = cd.categories_id and cd.language_id = (int) $languages_id"; categories; "ccategoriesimage, cdcategoriesname"; "$current_category_id, $languages_id"; false
SELECT; "select distinct c.categories_id as id, cd.categories_name as name from products p, products_to_categories p2c, categories c, categories_description cd where p.products_status = 1 and p.products_id = p2c.products_id and p2c.categories_id = c.categories_id and p2c.categories_id = cd.categories_id and cd.language_id = (int) $languages_id and p.manufacturers_id = (int) $HTTP_GET_VARS[manufacturers_id] order by cd.categories_name"; products; "distinct, ccategoriesid, id, cdcategoriesname"; "$languages_id, "manufacturers_id""; true
SELECT; "select distinct m.manufacturers_id as id, m.manufacturers_name as name from products p, products_to_categories p2c, manufacturers m where p.products_status = 1 and p.manufacturers_id = m.manufacturers_id and p.products_id = p2c.products_id and p2c.categories_id = (int) $current_category_id order by m.manufacturers_name"; products; "distinct, mmanufacturersid, id, mmanufacturersname"; "$current_category_id"; true
OTHER; "<select name= osc_output_string($name)"; NA; ""; ""; true
UPDATE; "update configuration set configuration_value = trim($HTTP_POST_VARS[CFG_STORE_NAME]) where configuration_key = STORE_NAME"; configuration; "configuration_value"; "trim($HTTP_POST_VARS["CFG_STORE_NAME"])"; false
UPDATE; "update configuration set configuration_value = trim($HTTP_POST_VARS[CFG_STORE_OWNER_NAME]) where configuration_key = STORE_OWNER"; configuration; "configuration_value"; "trim($HTTP_POST_VARS["CFG_STORE_OWNER_NAME"])"; false
UPDATE; "update configuration set configuration_value = trim($HTTP_POST_VARS[CFG_STORE_OWNER_EMAIL_ADDRESS]) where configuration_key = STORE_OWNER_EMAIL_ADDRESS"; configuration; "configuration_value"; "trim($HTTP_POST_VARS["CFG_STORE_OWNER_EMAIL_ADDRESS"])"; false
UPDATE; "update configuration set configuration_value = trim($HTTP_POST_VARS[CFG_STORE_OWNER_NAME]) < trim($HTTP_POST_VARS[CFG_STORE_OWNER_EMAIL_ADDRESS]) > where configuration_key = EMAIL_FROM"; configuration; "configuration_value"; "trim($HTTP_POST_VARS["CFG_STORE_OWNER_NAME"]), trim($HTTP_POST_VARS["CFG_STORE_OWNER_EMAIL_ADDRESS"])"; false
UPDATE; "update configuration set configuration_value = trim($HTTP_POST_VARS[CFG_STORE_OWNER_EMAIL_ADDRESS]) where configuration_key = EMAIL_FROM"; configuration; "configuration_value"; "trim($HTTP_POST_VARS["CFG_STORE_OWNER_EMAIL_ADDRESS"])"; false
SELECT; "select user_name from administrators where user_name = trim($HTTP_POST_VARS[CFG_ADMINISTRATOR_USERNAME])"; administrators; "username"; ""; false
UPDATE; "update administrators set user_password = osc_encrypt_password(trim($HTTP_POST_VARS[CFG_ADMINISTRATOR_PASSWORD])) where user_name = trim($HTTP_POST_VARS[CFG_ADMINISTRATOR_USERNAME])"; administrators; "user_password"; "osc_encrypt_password(trim($HTTP_POST_VARS["CFG_ADMINISTRATOR_PASSWORD"]))"; false
INSERT; "insert into administrators (user_name, user_password) values ( trim($HTTP_POST_VARS[CFG_ADMINISTRATOR_USERNAME]) , osc_encrypt_password(trim($HTTP_POST_VARS[CFG_ADMINISTRATOR_PASSWORD])) )"; administrators; "user_name, user_password"; "trim($HTTP_POST_VARS["CFG_ADMINISTRATOR_USERNAME"]), osc_encrypt_password(trim($HTTP_POST_VARS["CFG_ADMINISTRATOR_PASSWORD"]))"; false
UPDATE; "update configuration set configuration_value = trim($HTTP_POST_VARS[CFG_STORE_OWNER_EMAIL_ADDRESS]) where configuration_key = MODULE_PAYMENT_PAYPAL_EXPRESS_SELLER_ACCOUNT"; configuration; "configuration_value"; "trim($HTTP_POST_VARS["CFG_STORE_OWNER_EMAIL_ADDRESS"])"; false
UPDATE; "update configuration set configuration_value = $dir_fs_document_root includes/work/ where configuration_key = DIR_FS_CACHE"; configuration; "configuration_value"; "$dir_fs_document_root"; false
UPDATE; "update configuration set configuration_value = $dir_fs_document_root includes/work/ where configuration_key = SESSION_WRITE_DIRECTORY"; configuration; "configuration_value"; "$dir_fs_document_root"; false
SELECT; "select c.customers_firstname, c.customers_default_address_id, ab.entry_country_id, ab.entry_zone_id from customers c left join address_book ab on (c.customers_id = ab.customers_id and c.customers_default_address_id = ab.address_book_id) where c.customers_id = (int) $login_customer_id"; customers; "ccustomersfirstname, ccustomersdefaultaddressid, abentrycountryid, abentryzoneid"; "$login_customer_id"; false
UPDATE; "update customers_info set customers_info_date_of_last_logon = now(), customers_info_number_of_logons = customers_info_number_of_logons+1, password_reset_key = null, password_reset_date = null where customers_info_id = (int) $customer_id"; customers_info; "customers_info_date_of_last_logon, customers_info_number_of_logons, password_reset_key, password_reset_date"; ""; false
SELECT; "select customers_firstname, customers_lastname, customers_id from customers where customers_email_address = tep_db_input($email_address)"; customers; "customersfirstname, customerslastname, customersid"; "tep_db_input($email_address)"; false
UPDATE; "update customers_info set password_reset_key = tep_db_input($reset_key) , password_reset_date = now() where customers_info_id = (int) $check_customer[customers_id]"; customers_info; "password_reset_key, password_reset_date"; "tep_db_input($reset_key)"; false
SELECT; "select c.customers_id, c.customers_email_address, ci.password_reset_key, ci.password_reset_date from customers c, customers_info ci where c.customers_email_address = tep_db_input($email_address) and c.customers_id = ci.customers_info_id"; customers_info; "ccustomersid, ccustomersemailaddress, cipasswordresetkey, cipasswordresetdate"; "tep_db_input($email_address)"; false
UPDATE; "update customers set customers_password = tep_encrypt_password($password_new) where customers_id = (int) $check_customer[customers_id]"; customers; "customers_password"; "tep_encrypt_password($password_new)"; false
UPDATE; "update customers_info set customers_info_date_account_last_modified = now(), password_reset_key = null, password_reset_date = null where customers_info_id = (int) $check_customer[customers_id]"; customers_info; "customers_info_date_account_last_modified, password_reset_key, password_reset_date"; ""; false
SELECT; "select pd.products_name, p.products_image from products p left join products_description pd on p.products_id = pd.products_id where p.products_status = 1 and p.products_id = (int) $HTTP_GET_VARS[pID] and pd.language_id = (int) $languages_id"; products; "pdproductsname, pproductsimage"; "$languages_id"; false
SELECT; "select count(*) as total from products p, products_description pd where p.products_status = 1 and p.products_id = (int) $HTTP_GET_VARS[products_id] and pd.products_id = p.products_id and pd.language_id = (int) $languages_id"; products; ""; "$languages_id"; false
SELECT; "select p.products_id, pd.products_name, pd.products_description, p.products_model, p.products_quantity, p.products_image, pd.products_url, p.products_price, p.products_tax_class_id, p.products_date_added, p.products_date_available, p.manufacturers_id from products p, products_description pd where p.products_status = 1 and p.products_id = (int) $HTTP_GET_VARS[products_id] and pd.products_id = p.products_id and pd.language_id = (int) $languages_id"; products; "pproductsid, pdproductsname, pdproductsdescription, pproductsmodel, pproductsquantity, pproductsimage, pdproductsurl, pproductsprice, pproductstaxclassid, pproductsdateadded, pproductsdateavailable, pmanufacturersid"; "$languages_id"; false
UPDATE; "update products_description set products_viewed = products_viewed+1 where products_id = (int) $HTTP_GET_VARS[products_id] and language_id = (int) $languages_id"; products_description; "products_viewed"; ""; false
SELECT; "select image, htmlcontent from products_images where products_id = (int) $product_info[products_id] order by sort_order"; products_images; "image, htmlcontent"; ""products_id", $product_info["products_id"]"; false
SELECT; "select count(*) as total from products_options popt, products_attributes patrib where patrib.products_id= (int) $HTTP_GET_VARS[products_id] and patrib.options_id = popt.products_options_id and popt.language_id = (int) $languages_id"; products_options; ""; "$languages_id"; false
SELECT; "select distinct popt.products_options_id, popt.products_options_name from products_options popt, products_attributes patrib where patrib.products_id= (int) $HTTP_GET_VARS[products_id] and patrib.options_id = popt.products_options_id and popt.language_id = (int) $languages_id order by popt.products_options_name"; products_options; "distinct, poptproductsoptionsid, poptproductsoptionsname"; "$languages_id"; false
SELECT; "select pov.products_options_values_id, pov.products_options_values_name, pa.options_values_price, pa.price_prefix from products_attributes pa, products_options_values pov where pa.products_id = (int) $HTTP_GET_VARS[products_id] and pa.options_id = (int) $products_options_name[products_options_id] and pa.options_values_id = pov.products_options_values_id and pov.language_id = (int) $languages_id"; products_options_values; "povproductsoptionsvaluesid, povproductsoptionsvaluesname, paoptionsvaluesprice, papriceprefix"; "(int) $products_options_name["products_options_id"], $languages_id"; false
SELECT; "select count(*) as count from reviews r, reviews_description rd where r.products_id = (int) $HTTP_GET_VARS[products_id] and r.reviews_id = rd.reviews_id and rd.languages_id = (int) $languages_id and reviews_status = 1"; reviews; ""; "$languages_id"; false
SELECT; "select p.products_id, p.products_model, p.products_image, p.products_price, p.products_tax_class_id, pd.products_name from products p, products_description pd where p.products_id = (int) $HTTP_GET_VARS[products_id] and p.products_status = 1 and p.products_id = pd.products_id and pd.language_id = (int) $languages_id"; products; "pproductsid, pproductsmodel, pproductsimage, pproductsprice, pproductstaxclassid, pdproductsname"; "$languages_id"; false
SELECT; "select r.reviews_id, left(rd.reviews_text, 100) as reviews_text, r.reviews_rating, r.date_added, r.customers_name from reviews r, reviews_description rd where r.products_id = (int) $product_info[products_id] and r.reviews_id = rd.reviews_id and rd.languages_id = (int) $languages_id and r.reviews_status = 1 order by r.reviews_id desc"; reviews; "rreviewsid, rdreviewstext, 100, reviewstext, rreviewsrating, rdateadded, rcustomersname"; "$product_info["products_id"], $languages_id"; false
SELECT; "select count(*) as total from reviews r, reviews_description rd where r.reviews_id = (int) $HTTP_GET_VARS[reviews_id] and r.products_id = (int) $HTTP_GET_VARS[products_id] and r.reviews_id = rd.reviews_id and rd.languages_id = (int) $languages_id and r.reviews_status = 1"; reviews; ""; "$languages_id"; false
UPDATE; "update reviews set reviews_read = reviews_read+1 where reviews_id = (int) $HTTP_GET_VARS[reviews_id]"; reviews; "reviews_read"; ""; false
SELECT; "select rd.reviews_text, r.reviews_rating, r.reviews_id, r.customers_name, r.date_added, r.reviews_read, p.products_id, p.products_price, p.products_tax_class_id, p.products_image, p.products_model, pd.products_name from reviews r, reviews_description rd, products p, products_description pd where r.reviews_id = (int) $HTTP_GET_VARS[reviews_id] and r.reviews_id = rd.reviews_id and rd.languages_id = (int) $languages_id and r.products_id = p.products_id and p.products_status = 1 and p.products_id = pd.products_id and pd.language_id = (int) $languages_id"; reviews; "rdreviewstext, rreviewsrating, rreviewsid, rcustomersname, rdateadded, rreviewsread, pproductsid, pproductsprice, pproductstaxclassid, pproductsimage, pproductsmodel, pdproductsname"; "$languages_id"; false
SELECT; "select p.products_id, p.products_model, p.products_image, p.products_price, p.products_tax_class_id, pd.products_name from products p, products_description pd where p.products_id = (int) $HTTP_GET_VARS[products_id] and p.products_status = 1 and p.products_id = pd.products_id and pd.language_id = (int) $languages_id"; products; "pproductsid, pproductsmodel, pproductsimage, pproductsprice, pproductstaxclassid, pdproductsname"; "$languages_id"; false
SELECT; "select customers_firstname, customers_lastname from customers where customers_id = (int) $customer_id"; customers; "customersfirstname, customerslastname"; "$customer_id"; false
INSERT; "insert into reviews (products_id, customers_id, customers_name, reviews_rating, date_added) values ( (int) $HTTP_GET_VARS[products_id] , (int) $customer_id , tep_db_input($customer[customers_firstname]) tep_db_input($customer[customers_lastname]) , tep_db_input($rating) , now())"; reviews; "products_id, customers_id, customers_name, reviews_rating, date_added"; "$HTTP_GET_VARS["products_id"], $customer_id, tep_db_input($customer["customers_firstname"]), tep_db_input($rating)"; true
INSERT; "insert into reviews_description (reviews_id, languages_id, reviews_text) values ( (int) $insert_id , (int) $languages_id , tep_db_input($review) )"; reviews_description; "reviews_id, languages_id, reviews_text"; "$insert_id, $languages_id, tep_db_input($review)"; false
SELECT; "select p.products_id, pd.products_name, p.products_image, p.products_price, p.products_tax_class_id, p.products_date_added, m.manufacturers_name from products p left join manufacturers m on (p.manufacturers_id = m.manufacturers_id), products_description pd where p.products_status = 1 and p.products_id = pd.products_id and pd.language_id = (int) $languages_id order by p.products_date_added DESC, pd.products_name"; products; "pproductsid, pdproductsname, pproductsimage, pproductsprice, pproductstaxclassid, pproductsdateadded, mmanufacturersname"; "$languages_id"; false
SELECT; "select banners_url from banners where banners_id = (int) $HTTP_GET_VARS[goto]"; banners; "bannersurl"; ""; false
SELECT; "select products_url from products_description where products_url = tep_db_input($HTTP_GET_VARS[goto]) limit 1"; products_description; "productsurl"; ""; false
SELECT; "select manufacturers_url from manufacturers_info where manufacturers_id = (int) $HTTP_GET_VARS[manufacturers_id] and languages_id = (int) $languages_id"; manufacturers_info; "manufacturersurl"; ""manufacturers_id", $languages_id"; false
UPDATE; "update manufacturers_info set url_clicked = url_clicked+1, date_last_click = now() where manufacturers_id = (int) $HTTP_GET_VARS[manufacturers_id] and languages_id = (int) $languages_id"; manufacturers_info; "url_clicked, date_last_click"; ""; true
SELECT; "select mi.languages_id, mi.manufacturers_url from manufacturers_info mi, languages l where mi.manufacturers_id = (int) $HTTP_GET_VARS[manufacturers_id] and mi.languages_id = l.languages_id and l.code = DEFAULT_LANGUAGE"; manufacturers_info; "milanguagesid, mimanufacturersurl"; ""; false
UPDATE; "update manufacturers_info set url_clicked = url_clicked+1, date_last_click = now() where manufacturers_id = (int) $HTTP_GET_VARS[manufacturers_id] and languages_id = (int) $manufacturer[languages_id]"; manufacturers_info; "url_clicked, date_last_click"; ""; true
SELECT; "select r.reviews_id, left(rd.reviews_text, 100) as reviews_text, r.reviews_rating, r.date_added, p.products_id, pd.products_name, p.products_image, r.customers_name from reviews r, reviews_description rd, products p, products_description pd where p.products_status = 1 and p.products_id = r.products_id and r.reviews_id = rd.reviews_id and p.products_id = pd.products_id and pd.language_id = (int) $languages_id and rd.languages_id = (int) $languages_id and reviews_status = 1 order by r.reviews_id DESC"; reviews; "rreviewsid, rdreviewstext, 100, reviewstext, rreviewsrating, rdateadded, pproductsid, pdproductsname, pproductsimage, rcustomersname"; "$languages_id"; false
SELECT; "select popt.products_options_name, poval.products_options_values_name, pa.options_values_price, pa.price_prefix from products_options popt, products_options_values poval, products_attributes pa where pa.products_id = (int) $products[$i][id] and pa.options_id = (int) $option and pa.options_id = popt.products_options_id and pa.options_values_id = (int) $value and pa.options_values_id = poval.products_options_values_id and popt.language_id = (int) $languages_id and poval.language_id = (int) $languages_id"; products_options_values; "poptproductsoptionsname, povalproductsoptionsvaluesname, paoptionsvaluesprice, papriceprefix"; "$products[$i]["id"], $option, $value, $languages_id"; false
SELECT; "select p.products_id, pd.products_name, p.products_price, p.products_tax_class_id, p.products_image, s.specials_new_products_price from products p, products_description pd, specials s where p.products_status = 1 and s.products_id = p.products_id and p.products_id = pd.products_id and pd.language_id = (int) $languages_id and s.status = 1 order by s.specials_date_added DESC"; specials; "pproductsid, pdproductsname, pproductsprice, pproductstaxclassid, pproductsimage, sspecialsnewproductsprice"; "$languages_id"; true
SELECT; "select pd.products_name from products p, products_description pd where p.products_status = 1 and p.products_id = (int) $HTTP_GET_VARS[products_id] and p.products_id = pd.products_id and pd.language_id = (int) $languages_id"; products; "pdproductsname"; "$languages_id"; true
SELECT; "select customers_firstname, customers_lastname, customers_email_address from customers where customers_id = (int) $customer_id"; customers; "customersfirstname, customerslastname, customersemailaddress"; "$customer_id"; false
