SELECT; "SELECT * FROM config"; phpbb_config; "config_name, config_value"; ""; false
UPDATE; "UPDATE config SET config_value = str_replace(, , $new[$config_name]) WHERE config_name = $config_name"; phpbb_config; "config_value"; "$new[$config_name]"; false
SELECT; "SELECT * FROM $sequence"; NA; ""; ""; false
SELECT; "SELECT NEXTVALE( $sequence ); $crlf"; NA; "nextvale, sequence, , crlf"; ""; false
SELECT; "SELECT a.attnum, a.attname AS field, t.typname as type, a.attlen AS length, a.atttypmod as lengthvar, a.attnotnull as notnull FROM pg_class c, pg_attribute a, pg_type t WHERE c.relname = $table AND a.attnum > 0 AND a.attrelid = c.oid AND a.atttypid = t.oid ORDER BY a.attnum"; phpbb_themes; "aattnum, aattname, field, ttypname, type, aattlen, length, aatttypmod, lengthvar, aattnotnull"; "$table"; true
SELECT; "SELECT d.adsrc AS rowdefault FROM pg_attrdef d, pg_class c WHERE (c.relname = $table ) AND (c.oid = d.adrelid) AND d.adnum = $row[attnum]"; phpbb_categories; "dadsrc"; "$table, $row["attnum"]"; true
SELECT; "SELECT ic.relname AS index_name, bc.relname AS tab_name, ta.attname AS column_name, i.indisunique AS unique_key, i.indisprimary AS primary_key FROM pg_class bc, pg_class ic, pg_index i, pg_attribute ta, pg_attribute ia WHERE (bc.oid = i.indrelid) AND (ic.oid = i.indexrelid) AND (ia.attrelid = i.indexrelid) AND (ta.attrelid = bc.oid) AND (bc.relname = $table ) AND (ta.attrelid = i.indrelid) AND (ta.attnum = i.indkey[ia.attnum-1]) ORDER BY index_name, tab_name, column_name"; phpbb_vote_results; "icrelname, indexname, bcrelname, tabname, taattname, columnname, iindisunique, uniquekey, iindisprimary"; "$table"; true
SELECT; "SELECT rcname as index_name, rcsrc FROM pg_relcheck, pg_class bc WHERE rcrelid = bc.oid AND bc.relname = $table AND NOT EXISTS ( SELECT * FROM pg_relcheck as c, pg_inherits as i WHERE i.inhrelid = pg_relcheck.rcrelid AND c.rcname = pg_relcheck.rcname AND c.rcsrc = pg_relcheck.rcsrc AND c.rcrelid = i.inhparent )"; phpbb_smilies; "rcname, indexname, rcsrc"; "$table"; true
SELECT; "SELECT * FROM $table"; NA; ""; ""; false
SELECT; "SELECT * FROM $table"; NA; ""; ""; false
INSERT; "INSERT INTO $table ( $schema_fields ) VALUES( $schema_vals );"; NA; "$schema_fields"; "$schema_vals"; false
SELECT; "SELECT * FROM $table"; NA; ""; ""; false
SELECT; "SELECT * FROM $table"; NA; ""; ""; false
INSERT; "INSERT INTO $table $table_list VALUES("; phpbb_banlist; "ban_id, ban_userid, ban_ip, ban_email"; ""; false
INSERT; "INSERT INTO disallow (disallow_username) VALUES( str_replace(, , $disallowed_user) )"; phpbb_disallow; "disallow_username"; "$disallowed_user"; false
SELECT; "SELECT * FROM disallow"; phpbb_disallow; "disallow_id, disallow_username"; ""; false
SELECT; "SELECT f.* FROM forums f, categories c WHERE c.cat_id = f.cat_id $forum_sql ORDER BY c.cat_order ASC, f.forum_order ASC"; phpbb_categories; "f"; "$forum_sql"; true
OTHER; "<select name= f >"; NA; ""; ""; true
UPDATE; "UPDATE forums SET $sql WHERE forum_id = $forum_id"; phpbb_forums; ""; "$sql"; true
UPDATE; "UPDATE forums SET $sql WHERE forum_id = $forum_id"; phpbb_forums; ""; "$sql"; true
SELECT; "SELECT f.* FROM forums f, categories c WHERE c.cat_id = f.cat_id $forum_sql ORDER BY c.cat_order ASC, f.forum_order ASC"; phpbb_categories; "f"; "$forum_sql"; true
OTHER; "<select name= f >"; NA; ""; ""; true
SELECT; "SELECT count(*) as total FROM $table"; NA; ""; ""; false
SELECT; "SELECT * FROM $table WHERE $idfield = $id"; NA; ""; "$idfield, $id"; false
SELECT; "SELECT * FROM $table"; NA; ""; ""; false
SELECT; "SELECT * FROM $table"; NA; ""; ""; false
UPDATE; "UPDATE $table SET $orderfield = $i WHERE $idfield = $row[$idfield]"; NA; ""; "$orderfield, $i"; false
SELECT; "SELECT * FROM forum_prune WHERE forum_id = $forum_id"; phpbb_forum_prune; "prune_id, forum_id, prune_days, prune_freq"; "$forum_id"; true
SELECT; "SELECT MAX(forum_order) AS max_order FROM forums WHERE cat_id = intval($HTTP_POST_VARS[POST_CAT_URL])"; phpbb_forums; "forumorder"; ""; true
SELECT; "SELECT MAX(forum_id) AS max_id FROM forums"; phpbb_forums; "forumid"; ""; true
INSERT; "INSERT INTO forums (forum_id, forum_name, cat_id, forum_desc, forum_order, forum_status, prune_enable $field_sql ) VALUES ( $next_id , str_replace(, , $HTTP_POST_VARS[forumname]) , intval($HTTP_POST_VARS[POST_CAT_URL]) , str_replace(, , $HTTP_POST_VARS[forumdesc]) , $next_order , intval($HTTP_POST_VARS[forumstatus]) , intval($HTTP_POST_VARS[prune_enable]) $value_sql )"; phpbb_forums; "forum_id, forum_name, cat_id, forum_desc, forum_order, forum_status, prune_enable, $field_sql"; "$next_id, $HTTP_POST_VARS["forumname"], intval($HTTP_POST_VARS[POST_CAT_URL]), $HTTP_POST_VARS["forumdesc"], $next_order, intval($HTTP_POST_VARS["forumstatus"]), intval($HTTP_POST_VARS["prune_enable"]), $value_sql"; false
INSERT; "INSERT INTO forum_prune (forum_id, prune_days, prune_freq) VALUES( $next_id , intval($HTTP_POST_VARS[prune_days]) , intval($HTTP_POST_VARS[prune_freq]) )"; phpbb_forum_prune; "forum_id, prune_days, prune_freq"; "$next_id, intval($HTTP_POST_VARS["prune_days"])"; true
UPDATE; "UPDATE forums SET forum_name = str_replace(, , $HTTP_POST_VARS[forumname]) , cat_id = intval($HTTP_POST_VARS[POST_CAT_URL]) , forum_desc = str_replace(, , $HTTP_POST_VARS[forumdesc]) , forum_status = intval($HTTP_POST_VARS[forumstatus]) , prune_enable = intval($HTTP_POST_VARS[prune_enable]) WHERE forum_id = intval($HTTP_POST_VARS[POST_FORUM_URL])"; phpbb_forums; "forum_name, cat_id, forum_desc, forum_status, prune_enable"; "$HTTP_POST_VARS["forumname"], intval($HTTP_POST_VARS[POST_CAT_URL]), $HTTP_POST_VARS["forumdesc"], intval($HTTP_POST_VARS["forumstatus"]), "prune_enable", intval($HTTP_POST_VARS["prune_enable"])"; false
SELECT; "SELECT * FROM forum_prune WHERE forum_id = intval($HTTP_POST_VARS[POST_FORUM_URL])"; phpbb_forum_prune; "prune_id, forum_id, prune_days, prune_freq"; ""; true
UPDATE; "UPDATE forum_prune SET prune_days = intval($HTTP_POST_VARS[prune_days]) , prune_freq = intval($HTTP_POST_VARS[prune_freq]) WHERE forum_id = intval($HTTP_POST_VARS[POST_FORUM_URL])"; phpbb_forum_prune; "prune_days, prune_freq"; ""prune_days", intval($HTTP_POST_VARS["prune_days"]), "prune_freq""; true
INSERT; "INSERT INTO forum_prune (forum_id, prune_days, prune_freq) VALUES( intval($HTTP_POST_VARS[POST_FORUM_URL]) , intval($HTTP_POST_VARS[prune_days]) , intval($HTTP_POST_VARS[prune_freq]) )"; phpbb_forum_prune; "forum_id, prune_days, prune_freq"; "intval($HTTP_POST_VARS[POST_FORUM_URL]), intval($HTTP_POST_VARS["prune_days"])"; true
SELECT; "SELECT MAX(cat_order) AS max_order FROM categories"; phpbb_categories; "catorder"; ""; false
INSERT; "INSERT INTO categories (cat_title, cat_order) VALUES ( str_replace(, , $HTTP_POST_VARS[categoryname]) , $next_order )"; phpbb_categories; "cat_title, cat_order"; "$HTTP_POST_VARS["categoryname"], $next_order"; false
UPDATE; "UPDATE categories SET cat_title = str_replace(, , $HTTP_POST_VARS[cat_title]) WHERE cat_id = intval($HTTP_POST_VARS[POST_CAT_URL])"; phpbb_categories; "cat_title"; ""cat_title", $HTTP_POST_VARS["cat_title"]"; false
SELECT; "SELECT v.vote_id FROM vote_desc v, topics t WHERE t.forum_id = $from_id AND v.topic_id = t.topic_id"; phpbb_vote_desc; "vvoteid"; "$from_id"; true
SELECT; "SELECT * FROM forums WHERE forum_id IN ( $from_id , $to_id )"; phpbb_forums; "forum_id, cat_id, forum_name, forum_desc, forum_status, forum_order, forum_posts, forum_topics, forum_last_post_id, prune_next, prune_enable, auth_view, auth_read, auth_post, auth_reply, auth_edit, auth_delete, auth_sticky, auth_announce, auth_vote, auth_pollcreate, auth_attachments"; "$from_id, $to_id"; false
UPDATE; "UPDATE topics SET forum_id = $to_id WHERE forum_id = $from_id"; phpbb_topics; "forum_id"; "$to_id"; true
UPDATE; "UPDATE posts SET forum_id = $to_id WHERE forum_id = $from_id"; phpbb_posts; "forum_id"; "$to_id"; true
SELECT; "SELECT ug.user_id FROM auth_access a, user_group ug WHERE a.forum_id <> $from_id AND a.auth_mod = 1 AND ug.group_id = a.group_id"; phpbb_auth_access; "uguserid"; "$from_id"; true
SELECT; "SELECT ug.user_id FROM auth_access a, user_group ug WHERE a.forum_id = $from_id AND a.auth_mod = 1 AND ug.group_id = a.group_id AND ug.user_id NOT IN ( $user_ids )"; phpbb_auth_access; "uguserid"; "$from_id, $user_ids"; true
UPDATE; "UPDATE users SET user_level = 0 WHERE user_id IN ( $user_ids ) AND user_level <> 1"; phpbb_users; "user_level"; "0"; true
SELECT; "SELECT count(*) as total FROM forums"; phpbb_forums; ""; ""; true
SELECT; "SELECT * FROM categories WHERE cat_id IN ( $from_id , $to_id )"; phpbb_categories; "cat_id, cat_title, cat_order"; "$from_id, $to_id"; false
UPDATE; "UPDATE forums SET cat_id = $to_id WHERE cat_id = $from_id"; phpbb_forums; "cat_id"; "$to_id"; true
UPDATE; "UPDATE forums SET forum_order = forum_order + $move WHERE forum_id = $forum_id"; phpbb_forums; "forum_order"; "$move"; true
UPDATE; "UPDATE categories SET cat_order = cat_order + $move WHERE cat_id = $cat_id"; phpbb_categories; "cat_order"; "$move"; false
SELECT; "SELECT cat_id, cat_title, cat_order FROM categories ORDER BY cat_order"; phpbb_categories; "catid, cattitle, catorder"; ""; false
SELECT; "SELECT * FROM forums ORDER BY cat_id, forum_order"; phpbb_forums; "forum_id, cat_id, forum_name, forum_desc, forum_status, forum_order, forum_posts, forum_topics, forum_last_post_id, prune_next, prune_enable, auth_view, auth_read, auth_post, auth_reply, auth_edit, auth_delete, auth_sticky, auth_announce, auth_vote, auth_pollcreate, auth_attachments"; ""; false
SELECT; "SELECT * FROM groups WHERE group_single_user <> TRUE AND group_id = $group_id"; phpbb_groups; "group_id, group_type, group_name, group_description, group_moderator, group_single_user"; "$group_id"; false
SELECT; "SELECT user_id, username FROM users WHERE user_id = $group_info[group_moderator]"; phpbb_users; "userid, username"; "$group_info["group_moderator"]"; false
SELECT; "SELECT auth_mod FROM auth_access WHERE group_id = $group_id"; phpbb_auth_access; "authmod"; "$group_id"; true
SELECT; "SELECT user_id FROM user_group WHERE group_id = $group_id"; phpbb_user_group; "userid"; "$group_id"; true
SELECT; "SELECT g.group_id FROM auth_access a, groups g, user_group ug WHERE (a.auth_mod = 1) AND (g.group_id = a.group_id) AND (a.group_id = ug.group_id) AND (g.group_id = ug.group_id) AND (ug.user_id = intval($rows[$i][user_id]) ) AND (ug.group_id <> $group_id )"; phpbb_auth_access; "ggroupid"; "intval($rows[$i]["user_id"]), $group_id"; true
UPDATE; "UPDATE users SET user_level = 0 WHERE user_level = 2 AND user_id = intval($rows[$i][user_id])"; phpbb_users; "user_level"; "0"; true
SELECT; "SELECT * FROM groups WHERE group_single_user <> TRUE AND group_id = $group_id"; phpbb_groups; "group_id, group_type, group_name, group_description, group_moderator, group_single_user"; "$group_id"; false
SELECT; "SELECT user_id FROM user_group WHERE user_id = $group_moderator AND group_id = $group_id"; phpbb_user_group; "userid"; "$group_moderator, $group_id"; true
INSERT; "INSERT INTO user_group (group_id, user_id, user_pending) VALUES ( $group_id , $group_moderator , 0)"; phpbb_user_group; "group_id, user_id, user_pending"; "$group_id, $group_moderator"; true
UPDATE; "UPDATE groups SET group_type = $group_type , group_name = str_replace(, , $group_name) , group_description = str_replace(, , $group_description) , group_moderator = $group_moderator WHERE group_id = $group_id"; phpbb_groups; "group_type, group_name, group_description, group_moderator"; "$group_type, $group_name, $group_description, $group_moderator"; false
INSERT; "INSERT INTO groups (group_type, group_name, group_description, group_moderator, group_single_user) VALUES ( $group_type , str_replace(, , $group_name) , str_replace(, , $group_description) , $group_moderator , 0)"; phpbb_groups; "group_type, group_name, group_description, group_moderator, group_single_user"; "$group_type, $group_name, $group_description, $group_moderator"; false
INSERT; "INSERT INTO user_group (group_id, user_id, user_pending) VALUES ( $new_group_id , $group_moderator , 0)"; phpbb_user_group; "group_id, user_id, user_pending"; "$new_group_id, $group_moderator"; true
SELECT; "SELECT group_id, group_name FROM groups WHERE group_single_user <> TRUE ORDER BY group_name"; phpbb_groups; "groupid, groupname"; ""; false
OTHER; "<select name= g >"; NA; ""; ""; true
SELECT; "SELECT u.user_email FROM users u, user_group ug WHERE ug.group_id = $group_id AND ug.user_pending <> TRUE AND u.user_id = ug.user_id"; phpbb_user_group; "uuseremail"; "$group_id"; true
SELECT; "SELECT user_email FROM users"; phpbb_users; "useremail"; ""; false
SELECT; "SELECT group_id, group_name FROM groups WHERE group_single_user <> 1"; phpbb_groups; "groupid, groupname"; ""; false
OTHER; "<select name = g ><option value = -1> $lang[All_users] </option>"; NA; ""; ""; true
SELECT; "SELECT * FROM ranks WHERE rank_id = $rank_id"; phpbb_ranks; "rank_id, rank_title, rank_min, rank_special, rank_image"; "$rank_id"; false
UPDATE; "UPDATE users SET user_rank = 0 WHERE user_rank = $rank_id"; phpbb_users; "user_rank"; ""; true
UPDATE; "UPDATE ranks SET rank_title = str_replace(, , $rank_title) , rank_special = $special_rank , rank_min = $min_posts , rank_image = str_replace(, , $rank_image) WHERE rank_id = $rank_id"; phpbb_ranks; "rank_title, rank_special, rank_min, rank_image"; "$rank_title, $special_rank, $min_posts, $rank_image"; false
INSERT; "INSERT INTO ranks (rank_title, rank_special, rank_min, rank_image) VALUES ( str_replace(, , $rank_title) , $special_rank , $min_posts , str_replace(, , $rank_image) )"; phpbb_ranks; "rank_title, rank_special, rank_min, rank_image"; "$rank_title, $special_rank, $min_posts, $rank_image"; false
UPDATE; "UPDATE users SET user_rank = 0 WHERE user_rank = $rank_id"; phpbb_users; "user_rank"; ""; true
SELECT; "SELECT * FROM ranks ORDER BY rank_min ASC, rank_special ASC"; phpbb_ranks; "rank_id, rank_title, rank_min, rank_special, rank_image"; ""; false
SELECT; "SELECT code FROM smilies"; phpbb_smilies; "code"; ""; false
UPDATE; "UPDATE smilies SET smile_url = str_replace(, , $smile_data[0]) , emoticon = str_replace(, , $smile_data[1]) WHERE code = str_replace(, , $smile_data[$j])"; phpbb_smilies; "smile_url, emoticon"; "$smile_data[0]"; false
INSERT; "INSERT INTO smilies (code, smile_url, emoticon) VALUES( str_replace(, , $smile_data[$j]) , str_replace(, , $smile_data[0]) , str_replace(, , $smile_data[1]) )"; phpbb_smilies; "code, smile_url, emoticon"; "$smile_data[$j], $smile_data[0]"; false
OTHER; "<select name=smile_pak><option value=> $lang[Select_pak] </option>"; NA; ""; ""; true
SELECT; "SELECT * FROM smilies"; phpbb_smilies; "smilies_id, code, smile_url, emoticon"; ""; false
SELECT; "SELECT * FROM smilies WHERE smilies_id = $smiley_id"; phpbb_smilies; "smilies_id, code, smile_url, emoticon"; "$smiley_id"; false
UPDATE; "UPDATE smilies SET code = str_replace(, , $smile_code) , smile_url = str_replace(, , $smile_url) , emoticon = str_replace(, , $smile_emotion) WHERE smilies_id = $smile_id"; phpbb_smilies; "code, smile_url, emoticon"; "$smile_code, $smile_url, $smile_emotion"; false
INSERT; "INSERT INTO smilies (code, smile_url, emoticon) VALUES ( str_replace(, , $smile_code) , str_replace(, , $smile_url) , str_replace(, , $smile_emotion) )"; phpbb_smilies; "code, smile_url, emoticon"; "$smile_code, $smile_url, $smile_emotion"; false
SELECT; "SELECT * FROM smilies"; phpbb_smilies; "smilies_id, code, smile_url, emoticon"; ""; false
INSERT; "INSERT INTO themes ("; phpbb_themes; ""; ""; true
SELECT; "SELECT themes_id FROM themes WHERE style_name = str_replace(, , $style_name)"; phpbb_themes; "themesid"; "$style_name"; true
UPDATE; "UPDATE themes SET"; phpbb_themes; ""; ""; true
SELECT; "SELECT themes_id FROM themes_name WHERE themes_id = $style_id"; phpbb_themes_name; "themesid"; "$style_id"; true
UPDATE; "UPDATE themes_name SET"; phpbb_themes_name; ""; ""; true
INSERT; "INSERT INTO themes_name (themes_id,"; phpbb_themes_name; "themes_id"; ""; true
SELECT; "SELECT themes_id FROM themes WHERE style_name = str_replace(, , $updated[style_name])"; phpbb_themes; "themesid"; ""style_name", $updated["style_name"]"; true
INSERT; "INSERT INTO themes_name (themes_id,"; phpbb_themes_name; "themes_id"; ""; true
SELECT; "SELECT * FROM themes WHERE themes_id = $style_id"; phpbb_themes; "themes_id, template_name, style_name, head_stylesheet, body_background, body_bgcolor, body_text, body_link, body_vlink, body_alink, body_hlink, tr_color1, tr_color2, tr_color3, tr_class1, tr_class2, tr_class3, th_color1, th_color2, th_color3, th_class1, th_class2, th_class3, td_color1, td_color2, td_color3, td_class1, td_class2, td_class3, fontface1, fontface2, fontface3, fontsize1, fontsize2, fontsize3, fontcolor1, fontcolor2, fontcolor3, span_class1, span_class2, span_class3, img_size_poll, img_size_privmsg"; "$style_id"; false
SELECT; "SELECT * FROM themes_name WHERE themes_id = $style_id"; phpbb_themes_name; "themes_id, tr_color1_name, tr_color2_name, tr_color3_name, tr_class1_name, tr_class2_name, tr_class3_name, th_color1_name, th_color2_name, th_color3_name, th_class1_name, th_class2_name, th_class3_name, td_color1_name, td_color2_name, td_color3_name, td_class1_name, td_class2_name, td_class3_name, fontface1_name, fontface2_name, fontface3_name, fontsize1_name, fontsize2_name, fontsize3_name, fontcolor1_name, fontcolor2_name, fontcolor3_name, span_class1_name, span_class2_name, span_class3_name"; "$style_id"; false
SELECT; "SELECT * FROM themes WHERE template_name = str_replace(, , $template_name)"; phpbb_themes; "themes_id, template_name, style_name, head_stylesheet, body_background, body_bgcolor, body_text, body_link, body_vlink, body_alink, body_hlink, tr_color1, tr_color2, tr_color3, tr_class1, tr_class2, tr_class3, th_color1, th_color2, th_color3, th_class1, th_class2, th_class3, td_color1, td_color2, td_color3, td_class1, td_class2, td_class3, fontface1, fontface2, fontface3, fontsize1, fontsize2, fontsize3, fontcolor1, fontcolor2, fontcolor3, span_class1, span_class2, span_class3, img_size_poll, img_size_privmsg"; "$template_name"; false
UPDATE; "UPDATE users SET user_style = $board_config[default_style] WHERE user_style = $style_id"; phpbb_users; "user_style"; "$board_config["default_style"]"; true
SELECT; "SELECT themes_id, template_name, style_name FROM themes ORDER BY template_name"; phpbb_themes; "themesid, templatename, stylename"; ""; false
SELECT; "SELECT g.group_id, u.user_level FROM user_group ug, users u, groups g WHERE u.user_id = $user_id AND ug.user_id = u.user_id AND g.group_id = ug.group_id AND g.group_single_user = TRUE"; phpbb_user_group; "ggroupid, uuserlevel"; "$user_id"; true
UPDATE; "UPDATE users SET user_level = 1 WHERE user_id = $user_id"; phpbb_users; "user_level"; "1"; true
UPDATE; "UPDATE auth_access SET auth_view = 0, auth_read = 0, auth_post = 0, auth_reply = 0, auth_edit = 0, auth_delete = 0, auth_sticky = 0, auth_announce = 0 WHERE group_id = $group_id"; phpbb_auth_access; "auth_view, auth_read, auth_post, auth_reply, auth_edit, auth_delete, auth_sticky, auth_announce"; ""; true
UPDATE; "UPDATE auth_access SET auth_view = 0, auth_read = 0, auth_post = 0, auth_reply = 0, auth_edit = 0, auth_delete = 0, auth_sticky = 0, auth_announce = 0 WHERE group_id = $group_id"; phpbb_auth_access; "auth_view, auth_read, auth_post, auth_reply, auth_edit, auth_delete, auth_sticky, auth_announce"; ""; true
UPDATE; "UPDATE users SET user_level = 0 WHERE user_id = $user_id"; phpbb_users; "user_level"; "0"; true
SELECT; "SELECT f.* FROM forums f, categories c WHERE f.cat_id = c.cat_id ORDER BY c.cat_order, f.forum_order ASC"; phpbb_categories; "f"; ""; true
SELECT; "SELECT f.* FROM forums f, categories c WHERE f.cat_id = c.cat_id ORDER BY c.cat_order, f.forum_order"; phpbb_categories; "f"; ""; true
SELECT; "SELECT aa.* FROM auth_access aa, user_group ug, groups g WHERE ug.user_id = $user_id AND g.group_id = ug.group_id AND aa.group_id = ug.group_id AND g.group_single_user = TRUE"; phpbb_auth_access; "aa"; "$user_id"; true
SELECT; "SELECT * FROM auth_access WHERE group_id = $group_id"; phpbb_auth_access; "group_id, forum_id, auth_view, auth_read, auth_post, auth_reply, auth_edit, auth_delete, auth_sticky, auth_announce, auth_vote, auth_pollcreate, auth_attachments, auth_mod"; "$group_id"; true
INSERT; "INSERT INTO auth_access (forum_id, group_id, $sql_field ) VALUES ( $forum_id , $group_id , $sql_value )"; phpbb_auth_access; "forum_id, group_id, $sql_field"; "$forum_id, $group_id, $sql_value"; true
UPDATE; "UPDATE auth_access SET $sql_values WHERE group_id = $group_id AND forum_id = $forum_id"; phpbb_auth_access; ""; "$sql_values"; true
SELECT; "SELECT u.user_id FROM auth_access aa, user_group ug, users u WHERE ug.group_id = aa.group_id AND u.user_id = ug.user_id AND ug.user_pending = 0 AND u.user_level NOT IN ( 2 , 1 ) GROUP BY u.user_id HAVING SUM(aa.auth_mod) > 0"; phpbb_auth_access; "uuserid"; "2, 1"; true
SELECT; "SELECT u.user_id FROM users u, user_group ug, auth_access aa WHERE ug.user_id = u.user_id AND aa.group_id = ug.group_id AND u.user_level NOT IN ( 0 , 1 ) GROUP BY u.user_id HAVING SUM(aa.auth_mod) = 0 UNION ( SELECT u.user_id FROM users u WHERE NOT EXISTS ( SELECT aa.auth_mod FROM user_group ug, auth_access aa WHERE ug.user_id = u.user_id AND aa.group_id = ug.group_id ) AND u.user_level NOT IN ( 0 , 1 ) GROUP BY u.user_id )"; phpbb_auth_access; "uuserid"; "0, 1, "user_group", "auth_access""; true
SELECT; "SELECT u.user_id FROM users u, user_group ug, auth_access aa WHERE ug.user_id = u.user_id(+) AND aa.group_id = ug.group_id(+) AND u.user_level NOT IN ( 0 , 1 ) GROUP BY u.user_id HAVING SUM(aa.auth_mod) = 0"; phpbb_auth_access; "uuserid"; "0, 1"; true
SELECT; "SELECT u.user_id FROM ( ( users u LEFT JOIN user_group ug ON ug.user_id = u.user_id ) LEFT JOIN auth_access aa ON aa.group_id = ug.group_id ) WHERE u.user_level NOT IN ( 0 , 1 ) GROUP BY u.user_id HAVING SUM(aa.auth_mod) = 0"; phpbb_auth_access; "uuserid"; "0, 1"; true
UPDATE; "UPDATE users SET user_level = 2 WHERE user_id IN ( $set_mod )"; phpbb_users; "user_level"; "2"; true
UPDATE; "UPDATE users SET user_level = 0 WHERE user_id IN ( $unset_mod )"; phpbb_users; "user_level"; "0"; true
SELECT; "SELECT user_id FROM user_group WHERE group_id = $group_id"; phpbb_user_group; "userid"; "$group_id"; true
SELECT; "SELECT ug.user_id, COUNT(auth_mod) AS is_auth_mod FROM auth_access aa, user_group ug WHERE ug.user_id IN ( implode(, , $group_user) ) AND aa.group_id = ug.group_id AND aa.auth_mod = 1 GROUP BY ug.user_id"; phpbb_auth_access; "uguserid, authmod"; "$group_user"; true
UPDATE; "UPDATE users SET user_level = 0 WHERE user_id IN ( implode(, , $group_user) ) AND user_level = 2"; phpbb_users; "user_level"; "0"; true
SELECT; "SELECT f.* FROM forums f, categories c WHERE f.cat_id = c.cat_id ORDER BY c.cat_order, f.forum_order ASC"; phpbb_categories; "f"; ""; true
SELECT; "SELECT u.user_id, u.username, u.user_level, g.group_id, g.group_name, g.group_single_user, ug.user_pending FROM users u, groups g, user_group ug WHERE"; phpbb_user_group; "uuserid, uusername, uuserlevel, ggroupid, ggroupname, ggroupsingleuser, uguserpending"; ""; true
SELECT; "SELECT aa.*, g.group_single_user FROM auth_access aa, user_group ug, groups g WHERE ug.user_id = $user_id AND g.group_id = ug.group_id AND aa.group_id = ug.group_id AND g.group_single_user = 1"; phpbb_auth_access; "aa, ggroupsingleuser"; "$user_id"; true
SELECT; "SELECT * FROM auth_access WHERE group_id = $group_id"; phpbb_auth_access; "group_id, forum_id, auth_view, auth_read, auth_post, auth_reply, auth_edit, auth_delete, auth_sticky, auth_announce, auth_vote, auth_pollcreate, auth_attachments, auth_mod"; "$group_id"; true
OTHER; "<select name=private[ $forum_id ]>"; NA; ""; ""; true
OTHER; "<select name=private_ $field_name [ $forum_id ]>"; NA; ""; ""; true
OTHER; "<select name=moderator[ $forum_id ]>"; NA; ""; ""; true
OTHER; "<select name=userlevel><option value=admin selected=selected> $lang[Auth_Admin] </option><option value=user> $lang[Auth_User] </option></select>"; NA; ""; ""; true
OTHER; "<select name=userlevel><option value=admin> $lang[Auth_Admin] </option><option value=user selected=selected> $lang[Auth_User] </option></select>"; NA; ""; ""; true
SELECT; "SELECT group_id, group_name FROM groups WHERE group_single_user <> TRUE"; phpbb_groups; "groupid, groupname"; ""; false
OTHER; "<select name= g >"; NA; ""; ""; true
SELECT; "SELECT * FROM banlist"; phpbb_banlist; "ban_id, ban_userid, ban_ip, ban_email"; ""; false
INSERT; "INSERT INTO banlist (ban_userid) VALUES ( $user_list[$i] )"; phpbb_banlist; "ban_userid"; "$user_list[$i]"; true
INSERT; "INSERT INTO banlist (ban_ip) VALUES ( $ip_list[$i] )"; phpbb_banlist; "ban_ip"; "$ip_list[$i]"; false
INSERT; "INSERT INTO banlist (ban_email) VALUES ( str_replace(, , $email_list[$i]) )"; phpbb_banlist; "ban_email"; "$email_list[$i]"; false
SELECT; "SELECT b.ban_id, u.user_id, u.username FROM banlist b, users u WHERE u.user_id = b.ban_userid AND b.ban_userid <> 0 AND u.user_id <> 1 ORDER BY u.user_id ASC"; phpbb_banlist; "bbanid, uuserid, uusername"; "1"; true
OTHER; "<select name=unban_user[] multiple=multiple size=5> $select_userlist </select>"; NA; ""; ""; true
SELECT; "SELECT ban_id, ban_ip, ban_email FROM banlist"; phpbb_banlist; "banid, banip, banemail"; ""; false
OTHER; "<select name=unban_ip[] multiple=multiple size=5> $select_iplist </select>"; NA; ""; ""; true
OTHER; "<select name=unban_email[] multiple=multiple size=5> $select_emaillist </select>"; NA; ""; ""; true
SELECT; "SELECT g.group_id FROM user_group ug, groups g WHERE ug.user_id = $user_id AND g.group_id = ug.group_id AND g.group_single_user = 1"; phpbb_user_group; "ggroupid"; "$user_id"; true
UPDATE; "UPDATE posts SET poster_id = 1 , post_username = str_replace(, , addslashes($this_userdata[username])) WHERE poster_id = $user_id"; phpbb_posts; "poster_id, post_username"; "1, addslashes($this_userdata["username"])"; false
UPDATE; "UPDATE topics SET topic_poster = 1 WHERE topic_poster = $user_id"; phpbb_topics; "topic_poster"; "1"; true
UPDATE; "UPDATE vote_voters SET vote_user_id = 1 WHERE vote_user_id = $user_id"; phpbb_vote_voters; "vote_user_id"; "1"; true
UPDATE; "UPDATE groups SET group_moderator = $userdata[user_id] WHERE group_moderator = $user_id"; phpbb_groups; "group_moderator"; "$userdata["user_id"]"; true
SELECT; "SELECT privmsgs_id FROM privmsgs WHERE privmsgs_from_userid = $user_id OR privmsgs_to_userid = $user_id"; phpbb_privmsgs; "privmsgsid"; "$user_id"; true
UPDATE; "UPDATE users SET $username_sql $passwd_sql user_email = str_replace(, , $email) , user_icq = str_replace(, , $icq) , user_website = str_replace(, , $website) , user_occ = str_replace(, , $occupation) , user_from = str_replace(, , $location) , user_interests = str_replace(, , $interests) , user_sig = str_replace(, , $signature) , user_viewemail = $viewemail , user_aim = str_replace(, , $aim) , user_yim = str_replace(, , $yim) , user_msnm = str_replace(, , $msn) , user_attachsig = $attachsig , user_sig_bbcode_uid = $signature_bbcode_uid , user_allowsmile = $allowsmilies , user_allowhtml = $allowhtml , user_allowavatar = $user_allowavatar , user_allowbbcode = $allowbbcode , user_allow_viewonline = $allowviewonline , user_notify = $notifyreply , user_allow_pm = $user_allowpm , user_notify_pm = $notifypm , user_popup_pm = $popuppm , user_lang = str_replace(, , $user_lang) , user_style = $user_style , user_timezone = $user_timezone , user_dateformat = str_replace(, , $user_dateformat) , user_active = $user_status , user_rank = $user_rank $avatar_sql WHERE user_id = $user_id"; phpbb_users; "user_email, user_icq, user_website, user_occ, user_from, user_interests, user_sig, user_viewemail, user_aim, user_yim, user_msnm, user_attachsig, user_sig_bbcode_uid, user_allowsmile, user_allowhtml, user_allowavatar, user_allowbbcode, user_allow_viewonline, user_notify, user_allow_pm, user_notify_pm, user_popup_pm, user_lang, user_style, user_timezone, user_dateformat, user_active, user_rank"; "$username_sql, $passwd_sql, $email, $website, $occupation, $location, $interests, $signature, $viewemail, $attachsig, $signature_bbcode_uid, $allowsmilies, $allowhtml, $user_allowavatar, $allowbbcode, $allowviewonline, $notifyreply, $user_allowpm, $notifypm, $popuppm, $user_lang, $user_style, $user_timezone, $user_dateformat, $user_status, $user_rank, $avatar_sql"; false
UPDATE; "UPDATE groups SET group_name = str_replace(, , $rename_user) WHERE group_name = str_replace(, , $this_userdata[username])"; phpbb_groups; "group_name"; "$rename_user"; false
SELECT; "SELECT * FROM ranks WHERE rank_special = 1 ORDER BY rank_title"; phpbb_ranks; "rank_id, rank_title, rank_min, rank_special, rank_image"; ""; false
SELECT; "SELECT * FROM words WHERE word_id = $word_id"; phpbb_words; "word_id, word, replacement"; "$word_id"; false
UPDATE; "UPDATE words SET word = str_replace(, , $word) , replacement = str_replace(, , $replacement) WHERE word_id = $word_id"; phpbb_words; "word, replacement"; "$word, $replacement"; false
INSERT; "INSERT INTO words (word, replacement) VALUES ( str_replace(, , $word) , str_replace(, , $replacement) )"; phpbb_words; "word, replacement"; "$word, $replacement"; false
SELECT; "SELECT * FROM words ORDER BY word"; phpbb_words; "word_id, word, replacement"; ""; false
SELECT; "SELECT u.user_id, u.username, u.user_session_time, u.user_session_page, s.session_logged_in, s.session_ip, s.session_start FROM users u, sessions s WHERE s.session_logged_in = TRUE AND u.user_id = s.session_user_id AND u.user_id <> 1 AND s.session_time >= time() - 300 ORDER BY u.user_session_time DESC"; phpbb_sessions; "uuserid, uusername, uusersessiontime, uusersessionpage, ssessionloggedin, ssessionip, ssessionstart"; "1, time(), 300"; false
SELECT; "SELECT session_page, session_logged_in, session_time, session_ip, session_start FROM sessions WHERE session_logged_in = 0 AND session_time >= time() - 300 ORDER BY session_time DESC"; phpbb_sessions; "sessionpage, sessionloggedin, sessiontime, sessionip, sessionstart"; "time(), 300"; false
SELECT; "SELECT forum_name, forum_id FROM forums"; phpbb_forums; "forumname, forumid"; ""; false
SELECT; "SELECT * FROM config"; phpbb_config; "config_name, config_value"; ""; false
SELECT; "SELECT * FROM $table_prefix template_cache WHERE template_name IN ( $template_names )"; phpbb_config; "config_name, config_value"; "$template_names"; false
SELECT; "SELECT $query"; NA; "query"; ""; false
SELECT; "SELECT $query"; NA; "query"; ""; false
SELECT; "SELECT $query"; NA; "query"; ""; false
SELECT; "SELECT currval( $tablename[1] _id_seq) AS last_value"; NA; ", tablename1, idseq"; ""; false
SELECT; "SELECT group_moderator FROM groups WHERE group_id = $group_id"; phpbb_groups; "groupmoderator"; "$group_id"; true
UPDATE; "UPDATE groups SET group_type = intval($HTTP_POST_VARS[group_type]) WHERE group_id = $group_id"; phpbb_groups; "group_type"; ""group_type", intval($HTTP_POST_VARS["group_type"])"; true
SELECT; "SELECT ug.user_id, g.group_type FROM user_group ug, groups g WHERE g.group_id = $group_id AND g.group_type <> 2 AND ug.group_id = g.group_id"; phpbb_user_group; "uguserid, ggrouptype"; "$group_id, 2"; true
INSERT; "INSERT INTO user_group (group_id, user_id, user_pending) VALUES ( $group_id , $userdata[user_id] , 1)"; phpbb_user_group; "group_id, user_id, user_pending"; "$group_id, $userdata["user_id"]"; true
SELECT; "SELECT u.user_email, u.username, u.user_lang, g.group_name FROM users u, groups g WHERE u.user_id = g.group_moderator AND g.group_id = $group_id"; phpbb_groups; "uuseremail, uusername, uuserlang, ggroupname"; "$group_id"; false
SELECT; "SELECT COUNT(auth_mod) AS is_auth_mod FROM auth_access aa, user_group ug WHERE ug.user_id = $userdata[user_id] AND aa.group_id = ug.group_id AND aa.auth_mod = 1"; phpbb_auth_access; "authmod"; "$userdata["user_id"]"; true
UPDATE; "UPDATE users SET user_level = 0 WHERE user_id = $userdata[user_id]"; phpbb_users; "user_level"; "0"; true
SELECT; "SELECT g.group_moderator, g.group_type, aa.auth_mod FROM groups g, auth_access aa WHERE g.group_id = $group_id AND aa.group_id = g.group_id UNION ( SELECT g.group_moderator, g.group_type, NULL FROM groups g WHERE g.group_id = $group_id AND NOT EXISTS ( SELECT aa.group_id FROM auth_access aa WHERE aa.group_id = g.group_id ) ) ORDER BY auth_mod DESC"; phpbb_auth_access; "ggroupmoderator, ggrouptype, aaauthmod"; "$group_id, "auth_access""; true
SELECT; "SELECT g.group_moderator, g.group_type, aa.auth_mod FROM groups g, auth_access aa WHERE g.group_id = $group_id AND aa.group_id (+) = g.group_id ORDER BY aa.auth_mod DESC"; phpbb_auth_access; "ggroupmoderator, ggrouptype, aaauthmod"; "$group_id"; true
SELECT; "SELECT g.group_moderator, g.group_type, aa.auth_mod FROM ( groups g LEFT JOIN auth_access aa ON aa.group_id = g.group_id ) WHERE g.group_id = $group_id ORDER BY aa.auth_mod DESC"; phpbb_auth_access; "ggroupmoderator, ggrouptype, aaauthmod"; "$group_id"; true
SELECT; "SELECT user_id, user_email, user_lang, user_level FROM users WHERE username = str_replace(, , $username)"; phpbb_users; "userid, useremail, userlang, userlevel"; "$username"; false
SELECT; "SELECT ug.user_id, u.user_level FROM user_group ug, users u WHERE u.user_id = $row[user_id] AND ug.user_id = u.user_id AND ug.group_id = $group_id"; phpbb_user_group; "uguserid, uuserlevel"; "$row["user_id"], $group_id"; true
INSERT; "INSERT INTO user_group (user_id, group_id, user_pending) VALUES ( $row[user_id] , $group_id , 0)"; phpbb_user_group; "user_id, group_id, user_pending"; "$row["user_id"], $group_id"; true
UPDATE; "UPDATE users SET user_level = 2 WHERE user_id = $row[user_id]"; phpbb_users; "user_level"; "2"; true
SELECT; "SELECT group_name FROM groups WHERE group_id = $group_id"; phpbb_groups; "groupname"; "$group_id"; false
UPDATE; "UPDATE users SET user_level = 2 WHERE user_id IN ( $sql_in ) AND user_level NOT IN ( 2 , 1 )"; phpbb_users; "user_level"; "2"; true
UPDATE; "UPDATE user_group SET user_pending = 0 WHERE user_id IN ( $sql_in ) AND group_id = $group_id"; phpbb_user_group; "user_pending"; ""; true
SELECT; "SELECT user_email FROM users WHERE user_id IN ( $sql_in )"; phpbb_users; "useremail"; "$sql_in"; false
SELECT; "SELECT ug.user_id, ug.group_id FROM auth_access aa, user_group ug WHERE ug.user_id IN ( $sql_in ) AND aa.group_id = ug.group_id AND aa.auth_mod = 1 GROUP BY ug.user_id, ug.group_id ORDER BY ug.user_id, ug.group_id"; phpbb_auth_access; "uguserid, uggroupid"; "$sql_in"; true
UPDATE; "UPDATE users SET user_level = 0 WHERE user_id IN ( $remove_mod_sql ) AND user_level NOT IN ( 1 )"; phpbb_users; "user_level"; "0"; true
SELECT; "SELECT group_name FROM groups WHERE group_id = $group_id"; phpbb_groups; "groupname"; "$group_id"; false
SELECT; "SELECT * FROM groups WHERE group_id = $group_id AND group_single_user = 0"; phpbb_groups; "group_id, group_type, group_name, group_description, group_moderator, group_single_user"; "$group_id"; false
SELECT; "SELECT username, user_id, user_viewemail, user_posts, user_regdate, user_from, user_website, user_email, user_icq, user_aim, user_yim, user_msnm FROM users WHERE user_id = $group_info[group_moderator]"; phpbb_users; "username, userid, userviewemail, userposts, userregdate, userfrom, userwebsite, useremail, usericq, useraim, useryim, usermsnm"; "$group_info["group_moderator"]"; false
SELECT; "SELECT u.username, u.user_id, u.user_viewemail, u.user_posts, u.user_regdate, u.user_from, u.user_website, u.user_email, u.user_icq, u.user_aim, u.user_yim, u.user_msnm, ug.user_pending FROM users u, user_group ug WHERE ug.group_id = $group_id AND u.user_id = ug.user_id AND ug.user_pending = 0 AND ug.user_id <> $group_moderator[user_id] ORDER BY u.username"; phpbb_user_group; "uusername, uuserid, uuserviewemail, uuserposts, uuserregdate, uuserfrom, uuserwebsite, uuseremail, uusericq, uuseraim, uuseryim, uusermsnm, uguserpending"; "$group_id, $group_moderator["user_id"]"; true
SELECT; "SELECT u.username, u.user_id, u.user_viewemail, u.user_posts, u.user_regdate, u.user_from, u.user_website, u.user_email, u.user_icq, u.user_aim, u.user_yim, u.user_msnm FROM groups g, user_group ug, users u WHERE ug.group_id = $group_id AND g.group_id = ug.group_id AND ug.user_pending = 1 AND u.user_id = ug.user_id ORDER BY u.username"; phpbb_user_group; "uusername, uuserid, uuserviewemail, uuserposts, uuserregdate, uuserfrom, uuserwebsite, uuseremail, uusericq, uuseraim, uuseryim, uusermsnm"; "$group_id"; true
SELECT; "SELECT g.group_id, g.group_name, g.group_type, ug.user_pending FROM groups g, user_group ug WHERE ug.user_id = $userdata[user_id] AND ug.group_id = g.group_id AND g.group_single_user <> TRUE ORDER BY g.group_name, ug.user_id"; phpbb_user_group; "ggroupid, ggroupname, ggrouptype, uguserpending"; "$userdata["user_id"]"; true
OTHER; "<select name= g > $s_pending_groups_opt </select>"; NA; ""; ""; true
OTHER; "<select name= g > $s_member_groups_opt </select>"; NA; ""; ""; true
SELECT; "SELECT group_id, group_name, group_type FROM groups g WHERE group_single_user <> TRUE $ignore_group_sql ORDER BY g.group_name"; phpbb_groups; "groupid, groupname, grouptype"; "$ignore_group_sql"; false
OTHER; "<select name= g > $s_group_list_opt </select>"; NA; ""; ""; true
SELECT; "SELECT a.forum_id, $a_sql FROM forums a $forum_match_sql"; phpbb_forums; "aforumid, asql"; ""; true
SELECT; "SELECT a.forum_id, $a_sql , a.auth_mod FROM auth_access a, user_group ug WHERE ug.user_id = $userdata[user_id] AND ug.user_pending = 0 AND a.group_id = ug.group_id $forum_match_sql"; phpbb_auth_access; "aforumid, asql, , aauthmod"; "$userdata["user_id"], $forum_match_sql"; true
SELECT; "SELECT * FROM smilies"; phpbb_smilies; "smilies_id, code, smile_url, emoticon"; ""; false
UPDATE; "UPDATE config SET config_value = 1 WHERE config_name = sendmail_fix"; phpbb_config; "config_value"; ""; false
SELECT; "SELECT COUNT(user_id) AS total FROM users WHERE user_id <> 1"; phpbb_users; "userid"; "1"; true
SELECT; "SELECT user_id, username FROM users WHERE user_id <> 1 ORDER BY user_id DESC LIMIT 1"; phpbb_users; "userid, username"; "1"; false
SELECT; "SELECT SUM(forum_topics) AS topic_total, SUM(forum_posts) AS post_total FROM forums"; phpbb_forums; "forumtopics, topictotal, forumposts"; ""; true
UPDATE; "UPDATE config SET config_value = $board_config[rand_seed] WHERE config_name = rand_seed"; phpbb_config; "config_value"; "$board_config["rand_seed"]"; false
SELECT; "SELECT * FROM users WHERE"; phpbb_users; "user_id, user_active, username, user_password, user_session_time, user_session_page, user_lastvisit, user_regdate, user_level, user_posts, user_timezone, user_style, user_lang, user_dateformat, user_new_privmsg, user_unread_privmsg, user_last_privmsg, user_login_tries, user_last_login_try, user_emailtime, user_viewemail, user_attachsig, user_allowhtml, user_allowbbcode, user_allowsmile, user_allowavatar, user_allow_pm, user_allow_viewonline, user_notify, user_notify_pm, user_popup_pm, user_rank, user_avatar, user_avatar_type, user_email, user_icq, user_website, user_from, user_sig, user_sig_bbcode_uid, user_aim, user_yim, user_msnm, user_occ, user_interests, user_actkey, user_newpasswd"; ""; false
SELECT; "SELECT c.cat_id, c.cat_title, c.cat_order FROM categories c, forums f WHERE f.cat_id = c.cat_id GROUP BY c.cat_id, c.cat_title, c.cat_order ORDER BY c.cat_order"; phpbb_categories; "ccatid, ccattitle, ccatorder"; ""; false
SELECT; "SELECT * FROM forums ORDER BY cat_id, forum_order"; phpbb_forums; "forum_id, cat_id, forum_name, forum_desc, forum_status, forum_order, forum_posts, forum_topics, forum_last_post_id, prune_next, prune_enable, auth_view, auth_read, auth_post, auth_reply, auth_edit, auth_delete, auth_sticky, auth_announce, auth_vote, auth_pollcreate, auth_attachments"; ""; false
OTHER; "<select name= f onchange=if(this.options[this.selectedIndex].value != -1){ forms[jumpbox].submit() }><option value=-1> $lang[Select_forum] </option>"; NA; ""; ""; true
OTHER; "<select name= f onchange=if(this.options[this.selectedIndex].value != -1){ forms[jumpbox].submit() }></select>"; NA; ""; ""; true
UPDATE; "UPDATE users SET user_lang = $default_lang WHERE user_lang = $userdata[user_lang]"; phpbb_users; "user_lang"; ""user_lang", $default_lang"; false
UPDATE; "UPDATE config SET config_value = $default_lang WHERE config_name = default_lang"; phpbb_config; "config_value"; "$default_lang"; false
SELECT; "SELECT * FROM themes WHERE themes_id = (int) $style"; phpbb_themes; "themes_id, template_name, style_name, head_stylesheet, body_background, body_bgcolor, body_text, body_link, body_vlink, body_alink, body_hlink, tr_color1, tr_color2, tr_color3, tr_class1, tr_class2, tr_class3, th_color1, th_color2, th_color3, th_class1, th_class2, th_class3, td_color1, td_color2, td_color3, td_class1, td_class2, td_class3, fontface1, fontface2, fontface3, fontsize1, fontsize2, fontsize3, fontcolor1, fontcolor2, fontcolor3, span_class1, span_class2, span_class3, img_size_poll, img_size_privmsg"; "$style"; false
SELECT; "SELECT * FROM themes WHERE themes_id = (int) $board_config[default_style]"; phpbb_themes; "themes_id, template_name, style_name, head_stylesheet, body_background, body_bgcolor, body_text, body_link, body_vlink, body_alink, body_hlink, tr_color1, tr_color2, tr_color3, tr_class1, tr_class2, tr_class3, th_color1, th_color2, th_color3, th_class1, th_class2, th_class3, td_color1, td_color2, td_color3, td_class1, td_class2, td_class3, fontface1, fontface2, fontface3, fontsize1, fontsize2, fontsize3, fontcolor1, fontcolor2, fontcolor3, span_class1, span_class2, span_class3, img_size_poll, img_size_privmsg"; "$board_config["default_style"]"; false
UPDATE; "UPDATE users SET user_style = (int) $board_config[default_style] WHERE user_style = $style"; phpbb_users; "user_style"; "$board_config["default_style"]"; true
SELECT; "SELECT word, replacement FROM words"; phpbb_words; "word, replacement"; ""; false
SELECT; "SELECT f.forum_id, f.forum_name FROM categories c, forums f WHERE f.cat_id = c.cat_id ORDER BY c.cat_order, f.forum_order"; phpbb_categories; "fforumid, fforumname"; ""; true
OTHER; "<select name= $box_name > $forum_list </select>"; NA; ""; ""; true
SELECT; "SELECT forum_id FROM forums"; phpbb_forums; "forumid"; ""; true
SELECT; "SELECT topic_id FROM topics"; phpbb_topics; "topicid"; ""; true
SELECT; "SELECT MAX(post_id) AS last_post, COUNT(post_id) AS total FROM posts WHERE forum_id = $id"; phpbb_posts; "postid, lastpost"; "$id"; true
SELECT; "SELECT COUNT(topic_id) AS total FROM topics WHERE forum_id = $id"; phpbb_topics; "topicid"; "$id"; true
UPDATE; "UPDATE forums SET forum_last_post_id = $last_post , forum_posts = $total_posts , forum_topics = $total_topics WHERE forum_id = $id"; phpbb_forums; "forum_last_post_id, forum_posts, forum_topics"; "$last_post, $total_posts, $total_topics"; true
SELECT; "SELECT MAX(post_id) AS last_post, MIN(post_id) AS first_post, COUNT(post_id) AS total_posts FROM posts WHERE topic_id = $id"; phpbb_posts; "postid, lastpost, firstpost"; "$id"; true
UPDATE; "UPDATE topics SET topic_replies = $row[total_posts] - 1 , topic_first_post_id = $row[first_post] , topic_last_post_id = $row[last_post] WHERE topic_id = $id"; phpbb_topics; "topic_replies, topic_first_post_id, topic_last_post_id"; "$row["total_posts"], 1, $row["first_post"], $row["last_post"]"; true
SELECT; "SELECT topic_moved_id FROM topics WHERE topic_id = $id"; phpbb_topics; "topicmovedid"; "$id"; false
SELECT; "SELECT MAX(post_time) AS last_post_time FROM posts WHERE $where_sql"; phpbb_posts; "posttime"; "$where_sql"; true
INSERT; "INSERT INTO topics (topic_title, topic_poster, topic_time, forum_id, topic_status, topic_type, topic_vote) VALUES ( $post_subject , $userdata[user_id] , $current_time , $forum_id , 0 , $topic_type , $topic_vote )"; phpbb_topics; "topic_title, topic_poster, topic_time, forum_id, topic_status, topic_type, topic_vote"; "$post_subject, $userdata["user_id"], $current_time, $forum_id, 0, $topic_type, $topic_vote"; false
UPDATE; "UPDATE topics SET topic_title = $post_subject , topic_type = $topic_type $post_data[edit_vote] || !empty($poll_title) ? , topic_vote = . $topic_vote : WHERE topic_id = $topic_id"; phpbb_topics; "topic_title, topic_type, topic_vote"; "$post_subject, $topic_type, $post_data["edit_vote"], !empty($poll_title), $topic_vote"; false
INSERT; "INSERT INTO posts (topic_id, forum_id, poster_id, post_username, post_time, poster_ip, enable_bbcode, enable_html, enable_smilies, enable_sig) VALUES ( $topic_id , $forum_id , $userdata[user_id] , $post_username , $current_time , $user_ip , $bbcode_on , $html_on , $smilies_on , $attach_sig )"; phpbb_posts; "topic_id, forum_id, poster_id, post_username, post_time, poster_ip, enable_bbcode, enable_html, enable_smilies, enable_sig"; "$topic_id, $forum_id, $userdata["user_id"], $post_username, $current_time, $user_ip, $bbcode_on, $html_on, $smilies_on, $attach_sig"; false
UPDATE; "UPDATE posts SET post_username = $post_username , enable_bbcode = $bbcode_on , enable_html = $html_on , enable_smilies = $smilies_on , enable_sig = $attach_sig $edited_sql WHERE post_id = $post_id"; phpbb_posts; "post_username, enable_bbcode, enable_html, enable_smilies, enable_sig"; "$post_username, $bbcode_on, $html_on, $smilies_on, $attach_sig, $edited_sql"; false
INSERT; "INSERT INTO posts_text (post_id, post_subject, bbcode_uid, post_text) VALUES ( $post_id , $post_subject , $bbcode_uid , $post_message )"; phpbb_posts_text; "post_id, post_subject, bbcode_uid, post_text"; "$post_id, $post_subject, $bbcode_uid, $post_message"; false
UPDATE; "UPDATE posts_text SET post_text = $post_message , bbcode_uid = $bbcode_uid , post_subject = $post_subject WHERE post_id = $post_id"; phpbb_posts_text; "post_text, bbcode_uid, post_subject"; "$post_message, $bbcode_uid, $post_subject"; false
INSERT; "INSERT INTO vote_desc (topic_id, vote_text, vote_start, vote_length) VALUES ( $topic_id , $poll_title , $current_time , $poll_length * 86400 )"; phpbb_vote_desc; "topic_id, vote_text, vote_start, vote_length"; "$topic_id, $poll_title, $current_time, $poll_length, 86400"; false
UPDATE; "UPDATE vote_desc SET vote_text = $poll_title , vote_length = $poll_length * 86400 WHERE topic_id = $topic_id"; phpbb_vote_desc; "vote_text, vote_length"; "$poll_title, $poll_length, 86400"; false
SELECT; "SELECT vote_option_id, vote_result FROM vote_results WHERE vote_id = $poll_id ORDER BY vote_option_id ASC"; phpbb_vote_results; "voteoptionid, voteresult"; "$poll_id"; true
INSERT; "INSERT INTO vote_results (vote_id, vote_option_id, vote_option_text, vote_result) VALUES ( $poll_id , $poll_option_id , $option_text , $poll_result )"; phpbb_vote_results; "vote_id, vote_option_id, vote_option_text, vote_result"; "$poll_id, $poll_option_id, $option_text, $poll_result"; false
UPDATE; "UPDATE vote_results SET vote_option_text = $option_text , vote_result = $poll_result WHERE vote_option_id = $option_id AND vote_id = $poll_id"; phpbb_vote_results; "vote_option_text, vote_result"; "$option_text, $poll_result"; false
SELECT; "SELECT MAX(post_id) AS last_post_id FROM posts WHERE topic_id = $topic_id"; phpbb_posts; "postid"; "$topic_id"; true
SELECT; "SELECT MAX(post_id) AS last_post_id FROM posts WHERE forum_id = $forum_id"; phpbb_posts; "postid"; "$forum_id"; true
SELECT; "SELECT MIN(post_id) AS first_post_id FROM posts WHERE topic_id = $topic_id"; phpbb_posts; "postid"; "$topic_id"; true
UPDATE; "UPDATE forums SET $forum_update_sql WHERE forum_id = $forum_id"; phpbb_forums; ""; "$forum_update_sql"; true
UPDATE; "UPDATE topics SET $topic_update_sql WHERE topic_id = $topic_id"; phpbb_topics; ""; "$topic_update_sql"; true
UPDATE; "UPDATE users SET user_posts = user_posts $sign WHERE user_id = $user_id"; phpbb_users; "user_posts"; "$sign"; true
SELECT; "SELECT ban_userid FROM banlist"; phpbb_banlist; "banuserid"; ""; true
SELECT; "SELECT u.user_id, u.user_email, u.user_lang FROM topics_watch tw, users u WHERE tw.topic_id = $topic_id AND tw.user_id NOT IN ( $userdata[user_id] , 1 $user_id_sql ) AND tw.notify_status = 0 AND u.user_id = tw.user_id"; phpbb_topics_watch; "uuserid, uuseremail, uuserlang"; "$topic_id, $userdata["user_id"], 1, $user_id_sql, 0"; true
UPDATE; "UPDATE topics_watch SET notify_status = 1 WHERE topic_id = $topic_id AND user_id IN ( $update_watched_sql )"; phpbb_topics_watch; "notify_status"; "1"; true
SELECT; "SELECT topic_id FROM topics_watch WHERE topic_id = $topic_id AND user_id = $userdata[user_id]"; phpbb_topics_watch; "topicid"; "$topic_id, $userdata["user_id"]"; true
INSERT; "INSERT INTO topics_watch (user_id, topic_id, notify_status) VALUES ( $userdata[user_id] , $topic_id , 0)"; phpbb_topics_watch; "user_id, topic_id, notify_status"; "$userdata["user_id"], $topic_id"; true
SELECT; "SELECT emoticon, code, smile_url FROM smilies ORDER BY smilies_id"; phpbb_smilies; "emoticon, code, smileurl"; ""; false
SELECT; "SELECT word_id, word_text FROM search_wordlist WHERE word_text IN ( $word_text_sql )"; phpbb_search_wordlist; "wordid, wordtext"; "$word_text_sql"; false
INSERT; "INSERT INTO search_wordlist (word_text, word_common) VALUES ( $word[$i] , 0)"; phpbb_search_wordlist; "word_text, word_common"; "$word[$i]"; false
INSERT; "INSERT IGNORE INTO search_wordlist (word_text, word_common) VALUES $value_sql"; phpbb_search_wordlist; "word_text, word_common"; "$value_sql"; false
INSERT; "INSERT INTO search_wordlist (word_text, word_common) $value_sql"; phpbb_search_wordlist; "word_text, word_common"; ""; false
INSERT; "INSERT INTO search_wordmatch (post_id, word_id, title_match) SELECT $post_id , word_id, $title_match FROM search_wordlist WHERE word_text IN ( $match_sql )"; phpbb_search_wordmatch; "post_id, word_id, title_match"; ""; true
SELECT; "SELECT COUNT(post_id) AS total_posts FROM posts"; phpbb_posts; "postid"; ""; true
SELECT; "SELECT m.word_id FROM search_wordmatch m, search_wordlist w WHERE w.word_text IN ( $word_id_sql ) AND m.word_id = w.word_id GROUP BY m.word_id HAVING COUNT(m.word_id) > $common_threshold"; phpbb_search_wordmatch; "mwordid"; "$word_id_sql, $common_threshold"; true
SELECT; "SELECT word_id FROM search_wordmatch GROUP BY word_id HAVING COUNT(word_id) > $common_threshold"; phpbb_search_wordmatch; "wordid"; ""; true
UPDATE; "UPDATE search_wordlist SET word_common = TRUE WHERE word_id IN ( $common_word_id )"; phpbb_search_wordlist; "word_common"; "TRUE"; false
SELECT; "SELECT word_id FROM search_wordmatch WHERE post_id IN ( $post_id_sql ) GROUP BY word_id"; phpbb_search_wordmatch; "wordid"; "$post_id_sql"; true
SELECT; "SELECT word_id FROM search_wordmatch WHERE word_id IN ( $word_id_sql ) GROUP BY word_id HAVING COUNT(word_id) = 1"; phpbb_search_wordmatch; "wordid"; "$word_id_sql"; true
SELECT; "SELECT username FROM users WHERE username LIKE str_replace(, , $username_search) AND user_id <> 1 ORDER BY username"; phpbb_users; "username"; "$username_search, 1"; false
OTHER; "<select name= $select_name >"; NA; ""; ""; true
SELECT; "SELECT themes_id, style_name FROM themes ORDER BY template_name, themes_id"; phpbb_themes; "themesid, stylename"; ""; false
OTHER; "<select name= $select_name >"; NA; ""; ""; true
OTHER; "<select name= $select_name >"; NA; ""; ""; true
SELECT; "SELECT username FROM users WHERE LOWER(username) = strtolower($username)"; phpbb_users; "username"; "strtolower($username)"; false
SELECT; "SELECT group_name FROM groups WHERE LOWER(group_name) = strtolower($username)"; phpbb_groups; "groupname"; "strtolower($username)"; false
SELECT; "SELECT disallow_username FROM disallow"; phpbb_disallow; "disallowusername"; ""; false
SELECT; "SELECT word FROM words"; phpbb_words; "word"; ""; false
SELECT; "SELECT ban_email FROM banlist"; phpbb_banlist; "banemail"; ""; false
SELECT; "SELECT user_email FROM users WHERE user_email = str_replace(, , $email)"; phpbb_users; "useremail"; "$email"; false
SELECT; "SELECT u.username, u.user_id, u.user_allow_viewonline, u.user_level, s.session_logged_in, s.session_ip FROM users u, sessions s WHERE u.user_id = s.session_user_id AND s.session_time >= time() - 300 $user_forum_sql ORDER BY u.username ASC, s.session_ip ASC"; phpbb_sessions; "uusername, uuserid, uuserallowviewonline, uuserlevel, ssessionloggedin, ssessionip"; "time(), 300, $user_forum_sql"; false
UPDATE; "UPDATE config SET config_value = $total_online_users WHERE config_name = record_online_users"; phpbb_config; "config_value"; "$total_online_users"; true
UPDATE; "UPDATE config SET config_value = $board_config[record_online_date] WHERE config_name = record_online_date"; phpbb_config; "config_value"; "$board_config["record_online_date"]"; false
UPDATE; "UPDATE users SET user_last_privmsg = $userdata[user_lastvisit] WHERE user_id = $userdata[user_id]"; phpbb_users; "user_last_privmsg"; "$userdata["user_lastvisit"]"; true
SELECT; "SELECT topic_id FROM topics WHERE topic_last_post_id = 0"; phpbb_topics; "topicid"; ""; true
SELECT; "SELECT t.topic_id FROM posts p, topics t WHERE t.forum_id = $forum_id $prune_all AND p.post_id = t.topic_last_post_id"; phpbb_topics; "ttopicid"; "$forum_id, $prune_all"; true
SELECT; "SELECT post_id FROM posts WHERE forum_id = $forum_id AND topic_id IN ( $sql_topics )"; phpbb_posts; "postid"; "$forum_id, $sql_topics"; true
SELECT; "SELECT * FROM forum_prune WHERE forum_id = $forum_id"; phpbb_forum_prune; "prune_id, forum_id, prune_days, prune_freq"; "$forum_id"; true
UPDATE; "UPDATE forums SET prune_next = $next_prune WHERE forum_id = $forum_id"; phpbb_forums; "prune_next"; "$next_prune"; true
SELECT; "SELECT u.* FROM users u, sessions_keys k WHERE u.user_id = (int) $user_id AND u.user_active = 1 AND k.user_id = u.user_id AND k.key_id = md5($sessiondata[autologinid])"; phpbb_sessions_keys; "u"; "$user_id, md5($sessiondata["autologinid"])"; true
SELECT; "SELECT * FROM users WHERE user_id = (int) $user_id AND user_active = 1"; phpbb_users; "user_id, user_active, username, user_password, user_session_time, user_session_page, user_lastvisit, user_regdate, user_level, user_posts, user_timezone, user_style, user_lang, user_dateformat, user_new_privmsg, user_unread_privmsg, user_last_privmsg, user_login_tries, user_last_login_try, user_emailtime, user_viewemail, user_attachsig, user_allowhtml, user_allowbbcode, user_allowsmile, user_allowavatar, user_allow_pm, user_allow_viewonline, user_notify, user_notify_pm, user_popup_pm, user_rank, user_avatar, user_avatar_type, user_email, user_icq, user_website, user_from, user_sig, user_sig_bbcode_uid, user_aim, user_yim, user_msnm, user_occ, user_interests, user_actkey, user_newpasswd"; "$user_id"; false
SELECT; "SELECT * FROM users WHERE user_id = (int) $user_id"; phpbb_users; "user_id, user_active, username, user_password, user_session_time, user_session_page, user_lastvisit, user_regdate, user_level, user_posts, user_timezone, user_style, user_lang, user_dateformat, user_new_privmsg, user_unread_privmsg, user_last_privmsg, user_login_tries, user_last_login_try, user_emailtime, user_viewemail, user_attachsig, user_allowhtml, user_allowbbcode, user_allowsmile, user_allowavatar, user_allow_pm, user_allow_viewonline, user_notify, user_notify_pm, user_popup_pm, user_rank, user_avatar, user_avatar_type, user_email, user_icq, user_website, user_from, user_sig, user_sig_bbcode_uid, user_aim, user_yim, user_msnm, user_occ, user_interests, user_actkey, user_newpasswd"; "$user_id"; false
SELECT; "SELECT ban_ip, ban_userid, ban_email FROM banlist WHERE ban_ip IN ( $user_ip_parts[1] $user_ip_parts[2] $user_ip_parts[3] $user_ip_parts[4] , $user_ip_parts[1] $user_ip_parts[2] $user_ip_parts[3] ff, $user_ip_parts[1] $user_ip_parts[2] ffff, $user_ip_parts[1] ffffff) OR ban_userid = $user_id"; phpbb_banlist; "banip, banuserid, banemail"; "$user_ip_parts[1], $user_id"; false
UPDATE; "UPDATE sessions SET session_user_id = $user_id , session_start = $current_time , session_time = $current_time , session_page = $page_id , session_logged_in = $login , session_admin = $admin WHERE session_id = $session_id AND session_ip = $user_ip"; phpbb_sessions; "session_user_id, session_start, session_time, session_page, session_logged_in, session_admin"; "$user_id, $current_time, $page_id, $login, $admin"; false
INSERT; "INSERT INTO sessions (session_id, session_user_id, session_start, session_time, session_ip, session_page, session_logged_in, session_admin) VALUES ( $session_id , $user_id , $current_time , $current_time , $user_ip , $page_id , $login , $admin )"; phpbb_sessions; "session_id, session_user_id, session_start, session_time, session_ip, session_page, session_logged_in, session_admin"; "$session_id, $user_id, $current_time, $page_id, $login, $admin"; false
UPDATE; "UPDATE users SET user_session_time = $current_time , user_session_page = $page_id , user_lastvisit = $last_visit WHERE user_id = $user_id"; phpbb_users; "user_session_time, user_session_page, user_lastvisit"; "$current_time, $page_id, $last_visit"; true
UPDATE; "UPDATE sessions_keys SET last_ip = $user_ip , key_id = md5($auto_login_key) , last_login = $current_time WHERE key_id = md5($sessiondata[autologinid])"; phpbb_sessions_keys; "last_ip, key_id, last_login"; "$user_ip, md5($auto_login_key), $current_time"; false
INSERT; "INSERT INTO sessions_keys (key_id, user_id, last_ip, last_login) VALUES ( md5($auto_login_key) , $user_id , $user_ip , $current_time )"; phpbb_sessions_keys; "key_id, user_id, last_ip, last_login"; "md5($auto_login_key), $user_id, $current_time"; false
SELECT; "SELECT u.*, s.* FROM sessions s, users u WHERE s.session_id = $session_id AND u.user_id = s.session_user_id"; phpbb_sessions; "u, s"; "$session_id"; true
UPDATE; "UPDATE sessions SET session_time = $current_time , session_page = $thispage_id $update_admin WHERE session_id = $userdata[session_id]"; phpbb_sessions; "session_time, session_page"; "$current_time, $thispage_id, $update_admin"; true
UPDATE; "UPDATE users SET user_session_time = $current_time , user_session_page = $thispage_id WHERE user_id = $userdata[user_id]"; phpbb_users; "user_session_time, user_session_page"; "$current_time, $thispage_id"; true
SELECT; "SELECT * FROM users WHERE user_id = 1"; phpbb_users; "user_id, user_active, username, user_password, user_session_time, user_session_page, user_lastvisit, user_regdate, user_level, user_posts, user_timezone, user_style, user_lang, user_dateformat, user_new_privmsg, user_unread_privmsg, user_last_privmsg, user_login_tries, user_last_login_try, user_emailtime, user_viewemail, user_attachsig, user_allowhtml, user_allowbbcode, user_allowsmile, user_allowavatar, user_allow_pm, user_allow_viewonline, user_notify, user_notify_pm, user_popup_pm, user_rank, user_avatar, user_avatar_type, user_email, user_icq, user_website, user_from, user_sig, user_sig_bbcode_uid, user_aim, user_yim, user_msnm, user_occ, user_interests, user_actkey, user_newpasswd"; "1"; false
UPDATE; "UPDATE sessions_keys SET last_ip = $user_ip , key_id = md5($auto_login_key) , last_login = $current_time WHERE key_id = md5($userdata[session_key])"; phpbb_sessions_keys; "last_ip, key_id, last_login"; "$user_ip, md5($auto_login_key), $current_time"; false
SELECT; "SELECT t.topic_title, f.forum_id, f.auth_view, f.auth_read, f.auth_post, f.auth_reply, f.auth_edit, f.auth_delete, f.auth_sticky, f.auth_announce, f.auth_pollcreate, f.auth_vote, f.auth_attachments FROM topics t, forums f WHERE t.topic_id = $topic_id AND f.forum_id = t.forum_id"; phpbb_topics; "ttopictitle, fforumid, fauthview, fauthread, fauthpost, fauthreply, fauthedit, fauthdelete, fauthsticky, fauthannounce, fauthpollcreate, fauthvote, fauthattachments"; "$topic_id"; false
SELECT; "SELECT u.username, u.user_id, p.*, pt.post_text, pt.post_subject, pt.bbcode_uid FROM posts p, users u, posts_text pt WHERE p.topic_id = $topic_id AND p.poster_id = u.user_id AND p.post_id = pt.post_id ORDER BY p.post_time DESC LIMIT $board_config[posts_per_page]"; phpbb_posts_text; "uusername, uuserid, p, ptposttext, ptpostsubject, ptbbcodeuid"; "$topic_id, $board_config["posts_per_page"]"; false
SELECT; "SELECT user_active, user_id, username, user_email, user_newpasswd, user_lang, user_actkey FROM users WHERE user_id = intval($HTTP_GET_VARS[POST_USERS_URL])"; phpbb_users; "useractive, userid, username, useremail, usernewpasswd, userlang, useractkey"; ""; false
UPDATE; "UPDATE users SET user_active = 1, user_actkey = $sql_update_pass WHERE user_id = $row[user_id]"; phpbb_users; "user_active, user_actkey"; "$sql_update_pass"; false
SELECT; "SELECT code FROM confirm WHERE session_id = $userdata[session_id] AND confirm_id = $confirm_id"; phpbb_confirm; "code"; ""session_id", $userdata["session_id"], $confirm_id"; false
SELECT; "SELECT username, user_email, user_viewemail, user_lang FROM users WHERE user_id = $user_id"; phpbb_users; "username, useremail, userviewemail, userlang"; "$user_id"; false
UPDATE; "UPDATE users SET user_emailtime = time() WHERE user_id = $userdata[user_id]"; phpbb_users; "user_emailtime"; "time()"; true
SELECT; "SELECT config_value FROM config WHERE config_name = default_dateformat"; phpbb_config; "configvalue"; ""; false
SELECT; "SELECT code FROM confirm WHERE confirm_id = $confirm_id AND session_id = $userdata[session_id]"; phpbb_confirm; "code"; "$confirm_id, "session_id", $userdata["session_id"]"; false
SELECT; "SELECT user_password FROM users WHERE user_id = $user_id"; phpbb_users; "userpassword"; "$user_id"; false
SELECT; "SELECT user_password FROM users WHERE user_id = $user_id"; phpbb_users; "userpassword"; "$user_id"; false
UPDATE; "UPDATE users SET $username_sql $passwd_sql user_email = str_replace(, , $email) , user_icq = str_replace(, , $icq) , user_website = str_replace(, , $website) , user_occ = str_replace(, , $occupation) , user_from = str_replace(, , $location) , user_interests = str_replace(, , $interests) , user_sig = str_replace(, , $signature) , user_sig_bbcode_uid = $signature_bbcode_uid , user_viewemail = $viewemail , user_aim = str_replace(, , str_replace( , +, $aim)) , user_yim = str_replace(, , $yim) , user_msnm = str_replace(, , $msn) , user_attachsig = $attachsig , user_allowsmile = $allowsmilies , user_allowhtml = $allowhtml , user_allowbbcode = $allowbbcode , user_allow_viewonline = $allowviewonline , user_notify = $notifyreply , user_notify_pm = $notifypm , user_popup_pm = $popup_pm , user_timezone = $user_timezone , user_dateformat = str_replace(, , $user_dateformat) , user_lang = str_replace(, , $user_lang) , user_style = $user_style , user_active = $user_active , user_actkey = str_replace(, , $user_actkey) $avatar_sql WHERE user_id = $user_id"; phpbb_users; "user_email, user_icq, user_website, user_occ, user_from, user_interests, user_sig, user_sig_bbcode_uid, user_viewemail, user_aim, user_yim, user_msnm, user_attachsig, user_allowsmile, user_allowhtml, user_allowbbcode, user_allow_viewonline, user_notify, user_notify_pm, user_popup_pm, user_timezone, user_dateformat, user_lang, user_style, user_active, user_actkey"; "$username_sql, $passwd_sql, $email, $website, $occupation, $location, $interests, $signature, $signature_bbcode_uid, $viewemail, $attachsig, $allowsmilies, $allowhtml, $allowbbcode, $allowviewonline, $notifyreply, $notifypm, $popup_pm, $user_timezone, $user_dateformat, $user_lang, $user_style, $user_active, $user_actkey, $avatar_sql"; false
SELECT; "SELECT user_email, user_lang FROM users WHERE user_level = 1"; phpbb_users; "useremail, userlang"; "1"; false
SELECT; "SELECT MAX(user_id) AS total FROM users"; phpbb_users; "userid"; ""; true
INSERT; "INSERT INTO users (user_id, username, user_regdate, user_password, user_email, user_icq, user_website, user_occ, user_from, user_interests, user_sig, user_sig_bbcode_uid, user_avatar, user_avatar_type, user_viewemail, user_aim, user_yim, user_msnm, user_attachsig, user_allowsmile, user_allowhtml, user_allowbbcode, user_allow_viewonline, user_notify, user_notify_pm, user_popup_pm, user_timezone, user_dateformat, user_lang, user_style, user_level, user_allow_pm, user_active, user_actkey) VALUES ( $user_id , str_replace(, , $username) , time() , str_replace(, , $new_password) , str_replace(, , $email) , str_replace(, , $icq) , str_replace(, , $website) , str_replace(, , $occupation) , str_replace(, , $location) , str_replace(, , $interests) , str_replace(, , $signature) , $signature_bbcode_uid , $avatar_sql , $viewemail , str_replace(, , str_replace( , +, $aim)) , str_replace(, , $yim) , str_replace(, , $msn) , $attachsig , $allowsmilies , $allowhtml , $allowbbcode , $allowviewonline , $notifyreply , $notifypm , $popup_pm , $user_timezone , str_replace(, , $user_dateformat) , str_replace(, , $user_lang) , $user_style , 0, 1,"; phpbb_users; "user_id, username, user_regdate, user_password, user_email, user_icq, user_website, user_occ, user_from, user_interests, user_sig, user_sig_bbcode_uid, user_avatar, user_avatar_type, user_viewemail, user_aim, user_yim, user_msnm, user_attachsig, user_allowsmile, user_allowhtml, user_allowbbcode, user_allow_viewonline, user_notify, user_notify_pm, user_popup_pm, user_timezone, user_dateformat, user_lang, user_style, user_level, user_allow_pm, user_active, user_actkey"; "$user_id, $username, time(), $new_password, $email, $website, $occupation, $location, $interests, $signature, $signature_bbcode_uid, $avatar_sql, $viewemail, $attachsig, $allowsmilies, $allowhtml, $allowbbcode, $allowviewonline, $notifyreply, $notifypm, $popup_pm, $user_timezone, $user_dateformat, $user_lang, $user_style"; false
INSERT; "INSERT INTO groups (group_name, group_description, group_single_user, group_moderator) VALUES (, Personal User, 1, 0)"; phpbb_groups; "group_name, group_description, group_single_user, group_moderator"; ""; true
INSERT; "INSERT INTO user_group (user_id, group_id, user_pending) VALUES ( $user_id , $group_id , 0)"; phpbb_user_group; "user_id, group_id, user_pending"; "$user_id, $group_id"; true
SELECT; "SELECT user_email, user_lang FROM users WHERE user_level = 1"; phpbb_users; "useremail, userlang"; "1"; false
SELECT; "SELECT session_id FROM sessions"; phpbb_sessions; "sessionid"; ""; false
SELECT; "SELECT COUNT(session_id) AS attempts FROM confirm WHERE session_id = $userdata[session_id]"; phpbb_confirm; "sessionid"; ""session_id", $userdata["session_id"]"; true
INSERT; "INSERT INTO confirm (confirm_id, session_id, code) VALUES ( $confirm_id , $userdata[session_id] , $code )"; phpbb_confirm; "confirm_id, session_id, code"; "$confirm_id, $userdata["session_id"], $code"; false
SELECT; "SELECT user_id, username, user_email, user_active, user_lang FROM users WHERE user_email = str_replace(, , $email) AND username = str_replace(, , $username)"; phpbb_users; "userid, username, useremail, useractive, userlang"; "$email, $username"; false
UPDATE; "UPDATE users SET user_newpasswd = md5($user_password) , user_actkey = $user_actkey WHERE user_id = $row[user_id]"; phpbb_users; "user_newpasswd, user_actkey"; "md5($user_password), $user_actkey"; false
SELECT; "SELECT * FROM ranks ORDER BY rank_special, rank_min"; phpbb_ranks; "rank_id, rank_title, rank_min, rank_special, rank_image"; ""; false
SELECT; "SELECT c.cat_id, c.cat_title, c.cat_order FROM categories c ORDER BY c.cat_order"; phpbb_categories; "ccatid, ccattitle, ccatorder"; ""; false
SELECT; "SELECT f.*, p.post_time, p.post_username, u.username, u.user_id FROM forums f, posts p, users u WHERE p.post_id = f.forum_last_post_id AND u.user_id = p.poster_id UNION ( SELECT f.*, NULL, NULL, NULL, NULL FROM forums f WHERE NOT EXISTS ( SELECT p.post_time FROM posts p WHERE p.post_id = f.forum_last_post_id ) ) ORDER BY cat_id, forum_order"; phpbb_forums; "f, pposttime, ppostusername, uusername, uuserid"; ""; true
SELECT; "SELECT f.*, p.post_time, p.post_username, u.username, u.user_id FROM forums f, posts p, users u WHERE p.post_id = f.forum_last_post_id(+) AND u.user_id = p.poster_id(+) ORDER BY f.cat_id, f.forum_order"; phpbb_forums; "f, pposttime, ppostusername, uusername, uuserid"; ""; true
SELECT; "SELECT f.*, p.post_time, p.post_username, u.username, u.user_id FROM (( forums f LEFT JOIN posts p ON p.post_id = f.forum_last_post_id ) LEFT JOIN users u ON u.user_id = p.poster_id ) ORDER BY f.cat_id, f.forum_order"; phpbb_forums; "f, pposttime, ppostusername, uusername, uuserid"; ""; true
SELECT; "SELECT t.forum_id, t.topic_id, p.post_time FROM topics t, posts p WHERE p.post_id = t.topic_last_post_id AND p.post_time > $userdata[user_lastvisit] AND t.topic_moved_id = 0"; phpbb_topics; "tforumid, ttopicid, pposttime"; "$userdata["user_lastvisit"]"; true
SELECT; "SELECT aa.forum_id, u.user_id, u.username FROM auth_access aa, user_group ug, groups g, users u WHERE aa.auth_mod = TRUE AND g.group_single_user = 1 AND ug.group_id = aa.group_id AND g.group_id = aa.group_id AND u.user_id = ug.user_id GROUP BY u.user_id, u.username, aa.forum_id ORDER BY aa.forum_id, u.user_id"; phpbb_auth_access; "aaforumid, uuserid, uusername"; ""; true
SELECT; "SELECT aa.forum_id, g.group_id, g.group_name FROM auth_access aa, user_group ug, groups g WHERE aa.auth_mod = TRUE AND g.group_single_user = 0 AND g.group_type <> 2 AND ug.group_id = aa.group_id AND g.group_id = aa.group_id GROUP BY g.group_id, g.group_name, aa.forum_id ORDER BY aa.forum_id, g.group_id"; phpbb_auth_access; "aaforumid, ggroupid, ggroupname"; "2"; true
INSERT; "INSERT INTO $table_prefix config (config_name, config_value) VALUES (board_startdate, time() )"; phpbb_config; "config_name, config_value"; "time()"; true
INSERT; "INSERT INTO $table_prefix config (config_name, config_value) VALUES (default_lang, str_replace(, , $language) )"; phpbb_config; "config_name, config_value"; "$language"; false
UPDATE; "UPDATE $table_prefix config SET config_value = $config_value WHERE config_name = $config_name"; phpbb_config; "config_value"; "$config_value"; false
UPDATE; "UPDATE $table_prefix users SET username = str_replace(, , $admin_name) , user_password= str_replace(, , $admin_pass_md5) , user_lang = str_replace(, , $language) , user_email= str_replace(, , $board_email) WHERE username = Admin"; phpbb_users; "username, user_password, user_lang, user_email"; "$admin_name, $admin_pass_md5, $language, $board_email"; false
UPDATE; "UPDATE $table_prefix users SET user_regdate = time()"; phpbb_users; "user_regdate"; "time()"; true
SELECT; "SELECT config_value FROM config WHERE config_name = version"; phpbb_config; "configvalue"; ""; false
INSERT; "INSERT INTO Tmp_ forums (forum_id, cat_id, forum_name, forum_desc, forum_status, forum_order, forum_posts, forum_topics, forum_last_post_id, prune_next, prune_enable, auth_view, auth_read, auth_post, auth_reply, auth_edit, auth_delete, auth_sticky, auth_announce, auth_vote, auth_pollcreate, auth_attachments) SELECT forum_id, cat_id, forum_name, forum_desc, forum_status, forum_order, forum_posts, forum_topics, forum_last_post_id, prune_next, prune_enable, auth_view, auth_read, auth_post, auth_reply, auth_edit, auth_delete, auth_sticky, auth_announce, auth_vote, auth_pollcreate, auth_attachments FROM forums TABLOCKX"; phpbb_topics; "forum_id, cat_id, forum_name, forum_desc, forum_status, forum_order, forum_posts, forum_topics, forum_last_post_id, prune_next, prune_enable, auth_view, auth_read, auth_post, auth_reply, auth_edit, auth_delete, auth_sticky, auth_announce, auth_vote, auth_pollcreate, auth_attachments"; ""; true
INSERT; "INSERT INTO Tmp_ groups (group_id, group_type, group_name, group_description, group_moderator, group_single_user) SELECT group_id, group_type, group_name, group_description, group_moderator, group_single_user FROM groups TABLOCKX"; phpbb_groups; "group_id, group_type, group_name, group_description, group_moderator, group_single_user"; ""; false
INSERT; "INSERT INTO groups (group_id, group_name, group_type, group_description, group_moderator, group_single_user) SELECT group_id, group_name, group_type, group_description, group_moderator, group_single_user FROM tmp_ groups"; phpbb_groups; "group_id, group_name, group_type, group_description, group_moderator, group_single_user"; ""; false
SELECT; "SELECT themes_id FROM themes WHERE template_name = subSilver"; phpbb_themes; "themesid"; ""; true
UPDATE; "UPDATE themes SET head_stylesheet = subSilver.css, body_background = , body_bgcolor = E5E5E5, body_text = 000000, body_link = 006699, body_vlink = 5493B4, body_alink = , body_hlink = DD6900, tr_color1 = EFEFEF, tr_color2 = DEE3E7, tr_color3 = D1D7DC, tr_class1 = , tr_class2 = , tr_class3 = , th_color1 = 98AAB1, th_color2 = 006699, th_color3 = FFFFFF, th_class1 = cellpic1.gif, th_class2 = cellpic3.gif, th_class3 = cellpic2.jpg, td_color1 = FAFAFA, td_color2 = FFFFFF, td_color3 = , td_class1 = row1, td_class2 = row2, td_class3 = , fontface1 = Verdana, Arial, Helvetica, sans-serif, fontface2 = Trebuchet MS, fontface3 = Courier, Courier New, sans-serif, fontsize1 = 10, fontsize2 = 11, fontsize3 = 12, fontcolor1 = 444444, fontcolor2 = 006600, fontcolor3 = FFA34F, span_class1 = , span_class2 = , span_class3 = WHERE themes_id = $theme_id"; phpbb_themes; "head_stylesheet, body_background, body_bgcolor, body_text, body_link, body_vlink, body_alink, body_hlink, tr_color1, tr_color2, tr_color3, tr_class1, tr_class2, tr_class3, th_color1, th_color2, th_color3, th_class1, th_class2, th_class3, td_color1, td_color2, td_color3, td_class1, td_class2, td_class3, fontface1, fontface2, fontface3, fontsize1, fontsize2, fontsize3, fontcolor1, fontcolor2, fontcolor3, span_class1, span_class2, span_class3"; ""; false
INSERT; "INSERT INTO themes_name (themes_id, tr_color1_name, tr_color2_name, tr_color3_name, tr_class1_name, tr_class2_name, tr_class3_name, th_color1_name, th_color2_name, th_color3_name, th_class1_name, th_class2_name, th_class3_name, td_color1_name, td_color2_name, td_color3_name, td_class1_name, td_class2_name, td_class3_name, fontface1_name, fontface2_name, fontface3_name, fontsize1_name, fontsize2_name, fontsize3_name, fontcolor1_name, fontcolor2_name, fontcolor3_name, span_class1_name, span_class2_name, span_class3_name) VALUES ( $theme_id , The lightest row colour, The medium row color, The darkest row colour, , , , Border round the whole page, Outer table border, Inner table border, Silver gradient picture, Blue gradient picture, Fade-out gradient on index, Background for quote boxes, All white areas, , Background for topic posts, 2nd background for topic posts, , Main fonts, Additional topic title font, Form fonts, Smallest font size, Medium font size, Normal font size (post body etc), Quote & copyright text, Code text colour, Main table header text colour, , , )"; phpbb_themes_name; "themes_id, tr_color1_name, tr_color2_name, tr_color3_name, tr_class1_name, tr_class2_name, tr_class3_name, th_color1_name, th_color2_name, th_color3_name, th_class1_name, th_class2_name, th_class3_name, td_color1_name, td_color2_name, td_color3_name, td_class1_name, td_class2_name, td_class3_name, fontface1_name, fontface2_name, fontface3_name, fontsize1_name, fontsize2_name, fontsize3_name, fontcolor1_name, fontcolor2_name, fontcolor3_name, span_class1_name, span_class2_name, span_class3_name"; "$theme_id"; false
SELECT; "SELECT MIN(post_id) AS first_post_id, topic_id FROM posts GROUP BY topic_id ORDER BY topic_id ASC"; phpbb_posts; "postid, firstpostid, topicid"; ""; true
UPDATE; "UPDATE topics SET topic_first_post_id = $row[first_post_id] WHERE topic_id = $row[topic_id]"; phpbb_topics; "topic_first_post_id"; "$row["first_post_id"]"; true
SELECT; "SELECT DISTINCT u.user_id FROM users u, user_group ug, auth_access aa WHERE aa.auth_mod = 1 AND ug.group_id = aa.group_id AND u.user_id = ug.user_id AND u.user_level <> 1"; phpbb_auth_access; "distinct, uuserid"; "1"; true
UPDATE; "UPDATE users SET user_level = 2 WHERE user_id IN ( implode(, , $mod_user) )"; phpbb_users; "user_level"; "2"; true
INSERT; "INSERT INTO config (config_name, config_value) VALUES (server_name, www.myserver.tld)"; phpbb_config; "config_name, config_value"; ""; true
INSERT; "INSERT INTO config (config_name, config_value) VALUES (script_path, /phpBB2/)"; phpbb_config; "config_name, config_value"; ""; false
INSERT; "INSERT INTO config (config_name, config_value) VALUES (server_port, 80)"; phpbb_config; "config_name, config_value"; ""; true
INSERT; "INSERT INTO config (config_name, config_value) VALUES (record_online_users, 1)"; phpbb_config; "config_name, config_value"; ""; true
INSERT; "INSERT INTO config (config_name, config_value) VALUES (record_online_date, time() )"; phpbb_config; "config_name, config_value"; "time()"; true
SELECT; "SELECT user_id, user_timezone_old FROM users"; phpbb_users; "userid, usertimezoneold"; ""; true
UPDATE; "UPDATE users SET user_timezone = $row[user_timezone_old] WHERE user_id = $row[user_id]"; phpbb_users; "user_timezone"; "$row["user_timezone_old"]"; true
SELECT; "SELECT topic_id, topic_moved_id FROM topics WHERE topic_moved_id <> 0 AND topic_status = 2"; phpbb_topics; "topicid, topicmovedid"; "2"; false
SELECT; "SELECT MAX(post_id) AS last_post, MIN(post_id) AS first_post, COUNT(post_id) AS total_posts FROM posts WHERE topic_id = $topic_moved_id"; phpbb_posts; "postid, lastpost, firstpost"; "$topic_moved_id"; true
UPDATE; "UPDATE topics SET topic_replies = $row[total_posts] - 1 , topic_first_post_id = $row[first_post] , topic_last_post_id = $row[last_post] WHERE topic_id = $topic_id"; phpbb_topics; "topic_replies, topic_first_post_id, topic_last_post_id"; "$row["total_posts"], 1, $row["first_post"], $row["last_post"]"; true
SELECT; "SELECT word_id FROM search_wordlist WHERE word_text IN ( $stopword_list )"; phpbb_search_wordlist; "wordid"; "$stopword_list"; true
SELECT; "SELECT v.vote_id FROM topics t, vote_desc v WHERE v.topic_id = t.topic_id"; phpbb_vote_desc; "vvoteid"; ""; true
SELECT; "SELECT privmsgs_to_userid, COUNT(privmsgs_id) AS unread_count FROM privmsgs WHERE privmsgs_type = 5 GROUP BY privmsgs_to_userid"; phpbb_privmsgs; "privmsgstouserid, privmsgsid"; "5"; true
UPDATE; "UPDATE users SET user_unread_privmsg = $num WHERE user_id IN ( $user_ids )"; phpbb_users; "user_unread_privmsg"; "$num"; true
SELECT; "SELECT privmsgs_to_userid, COUNT(privmsgs_id) AS new_count FROM privmsgs WHERE privmsgs_type = 1 GROUP BY privmsgs_to_userid"; phpbb_privmsgs; "privmsgstouserid, privmsgsid"; "1"; true
UPDATE; "UPDATE users SET user_new_privmsg = $num WHERE user_id IN ( $user_ids )"; phpbb_users; "user_new_privmsg"; "$num"; true
SELECT; "SELECT t.topic_id FROM topics t, topics_watch w WHERE w.topic_id = t.topic_id"; phpbb_topics_watch; "ttopicid"; ""; true
UPDATE; "UPDATE users SET user_email = WHERE user_email NOT REGEXP ^[a-zA-Z0-9_+.-]+@.*[a-zA-Z0-9_-]+.[a-zA-Z]{2, }$"; phpbb_users; "user_email"; ""; true
INSERT; "INSERT INTO config (config_name, config_value) VALUES (enable_confirm, 0)"; phpbb_config; "config_name, config_value"; ""; true
INSERT; "INSERT INTO config (config_name, config_value) VALUES (sendmail_fix, 0)"; phpbb_config; "config_name, config_value"; ""; true
SELECT; "SELECT user_id, username FROM users"; phpbb_users; "userid, username"; ""; false
UPDATE; "UPDATE users SET username = str_replace(, , htmlspecialchars($row[username])) WHERE user_id = $row[user_id]"; phpbb_users; "username"; "htmlspecialchars($row["username"])"; false
UPDATE; "UPDATE users SET user_allowhtml = 1 WHERE user_id = 1"; phpbb_users; "user_allowhtml"; "1"; true
UPDATE; "UPDATE users SET user_active = 0 WHERE user_id = 1"; phpbb_users; "user_active"; ""; true
INSERT; "INSERT INTO config (config_name, config_value) VALUES (allow_autologin, 1)"; phpbb_config; "config_name, config_value"; ""; true
INSERT; "INSERT INTO config (config_name, config_value) VALUES (max_autologin_time, 0)"; phpbb_config; "config_name, config_value"; ""; true
INSERT; "INSERT INTO config (config_name, config_value) VALUES (max_login_attempts, 5)"; phpbb_config; "config_name, config_value"; ""; true
INSERT; "INSERT INTO config (config_name, config_value) VALUES (login_reset_time, 30)"; phpbb_config; "config_name, config_value"; ""; true
INSERT; "INSERT INTO config (config_name, config_value) VALUES (search_flood_interval, 15)"; phpbb_config; "config_name, config_value"; ""; true
INSERT; "INSERT INTO config (config_name, config_value) VALUES (rand_seed, 0)"; phpbb_config; "config_name, config_value"; ""; true
INSERT; "INSERT INTO config (config_name, config_value) VALUES (search_min_chars, 3)"; phpbb_config; "config_name, config_value"; ""; true
UPDATE; "UPDATE config SET config_value = $updates_to_version WHERE config_name = version"; phpbb_config; "config_value"; "$updates_to_version"; true
SELECT; "SELECT * FROM $table_prefix old_config"; phpbb_config; "config_name, config_value"; ""; false
UPDATE; "UPDATE config SET config_value = dutch WHERE config_name = default_lang && config_value = nederlands"; phpbb_config; "config_value"; ""; false
SELECT; "SELECT MAX( $data_array[id] ) AS max_id FROM $table"; NA; ", dataarrayid"; ""; false
SELECT; "SELECT $field_id , $field FROM $table WHERE $field_id BETWEEN $batchstart AND $batchend"; NA; "fieldid, , field"; "$field_id, $batchstart, $batchend"; false
UPDATE; "UPDATE $table SET $field = encode_ip($row[$field]) WHERE $field_id = $row[$field_id]"; NA; ""; "$field, encode_ip($row[$field])"; false
UPDATE; "UPDATE $table SET $fields[$i] = UNIX_TIMESTAMP( $fields[$i] )"; NA; ""; "$fields[$i]"; false
UPDATE; "UPDATE $table SET $field = REPLACE( $field , addslashes($search) , addslashes($replace) )"; NA; ""; "$field, addslashes($search), addslashes($replace)"; false
SELECT; "SELECT p.post_id FROM posts p LEFT JOIN topics t ON p.topic_id = t.topic_id WHERE t.topic_id IS NULL"; phpbb_topics; "ppostid"; ""; true
SELECT; "SELECT COUNT(*) AS total, MAX(user_id) AS maxid FROM users"; phpbb_users; ", total, userid"; ""; true
SELECT; "SELECT * FROM users WHERE user_id BETWEEN $batchstart AND $batchend"; phpbb_users; "user_id, user_active, username, user_password, user_session_time, user_session_page, user_lastvisit, user_regdate, user_level, user_posts, user_timezone, user_style, user_lang, user_dateformat, user_new_privmsg, user_unread_privmsg, user_last_privmsg, user_login_tries, user_last_login_try, user_emailtime, user_viewemail, user_attachsig, user_allowhtml, user_allowbbcode, user_allowsmile, user_allowavatar, user_allow_pm, user_allow_viewonline, user_notify, user_notify_pm, user_popup_pm, user_rank, user_avatar, user_avatar_type, user_email, user_icq, user_website, user_from, user_sig, user_sig_bbcode_uid, user_aim, user_yim, user_msnm, user_occ, user_interests, user_actkey, user_newpasswd"; "$batchstart, $batchend"; false
INSERT; "INSERT INTO groups (group_name, group_description, group_single_user) VALUES ( addslashes($row[username]) , Personal User, 1)"; phpbb_groups; "group_name, group_description, group_single_user"; "addslashes($row["username"])"; false
INSERT; "INSERT INTO user_group (group_id, user_id, user_pending) VALUES ( $group_id , $row[user_id] , 0)"; phpbb_user_group; "group_id, user_id, user_pending"; "$group_id, $row["user_id"]"; true
UPDATE; "UPDATE users SET user_sig = $row[user_sig] , user_sig_bbcode_uid = $uid , user_regdate = $row[user_regdate] , user_website = $row[user_website] , user_occ = $row[user_occ] , user_email = $row[user_email] , user_from = $row[user_from] , user_intrest = $row[user_intrest] , user_aim = $row[user_aim] , user_yim = $row[user_yim] , user_msnm = $row[user_msnm] , user_level = $row[user_level] , user_desmile = NOT(user_desmile), user_bbcode = 1, user_theme = 1 WHERE user_id = $row[user_id]"; phpbb_users; "user_sig, user_sig_bbcode_uid, user_regdate, user_website, user_occ, user_email, user_from, user_interests, user_aim, user_yim, user_msnm, user_level, user_style, user_allowbbcode, user_timezone"; "$row["user_sig"], $uid, "user_regdate", $row["user_regdate"], "user_website", $row["user_website"], $row["user_occ"], "user_email", $row["user_email"], "user_from", $row["user_from"], "user_intrest", $row["user_intrest"], $row["user_aim"], "user_msnm", $row["user_msnm"], "user_level", $row["user_level"]"; false
UPDATE; "UPDATE users SET user_email = WHERE user_email NOT REGEXP ^[a-zA-Z0-9_+.-]+@.*[a-zA-Z0-9-_]+.[a-zA-Z]{2, }$"; phpbb_users; "user_email"; ""; true
INSERT; "INSERT INTO groups (group_type, group_name, group_description, group_moderator, group_single_user) VALUES ( 2 , Super Moderators, Converted super moderators, $first_admin , 0)"; phpbb_groups; "group_type, group_name, group_description, group_moderator, group_single_user"; "2, $first_admin"; false
SELECT; "SELECT forum_id FROM forums"; phpbb_forums; "forumid"; ""; true
INSERT; "INSERT INTO auth_access (group_id, forum_id, auth_mod) VALUES ( $group_id , $row[forum_id] , 1)"; phpbb_auth_access; "group_id, forum_id, auth_mod"; "$group_id, $row["forum_id"]"; true
INSERT; "INSERT INTO user_group (group_id, user_id, user_pending) VALUES ( $group_id , $super_mods[$i] , 0)"; phpbb_user_group; "group_id, user_id, user_pending"; "$group_id, $super_mods[$i]"; true
SELECT; "SELECT COUNT(*) as total, MAX(post_id) as maxid FROM posts_text"; phpbb_posts_text; ", total, postid"; ""; true
SELECT; "SELECT * FROM posts_text WHERE post_id BETWEEN $batchstart AND $batchend"; phpbb_posts_text; "post_id, bbcode_uid, post_subject, post_text"; "$batchstart, $batchend"; false
UPDATE; "UPDATE posts_text SET post_text = $checksig , bbcode_uid = $uid WHERE post_id = $row[post_id]"; phpbb_posts_text; "post_text, bbcode_uid"; "$checksig, $uid"; false
UPDATE; "UPDATE posts SET enable_sig = $enable_sig $edited_sql WHERE post_id = $row[post_id]"; phpbb_posts; "enable_sig"; "$enable_sig, $edited_sql"; true
SELECT; "SELECT DISTINCT p.post_id FROM posts p LEFT JOIN users u ON p.poster_id = u.user_id WHERE u.user_id IS NULL"; phpbb_posts; "distinct, ppostid"; ""; true
UPDATE; "UPDATE posts SET poster_id = 1 , enable_sig = 0 WHERE post_id IN ( implode(, , $post_id_ary) )"; phpbb_posts; "poster_id, enable_sig"; "1"; true
SELECT; "SELECT COUNT(*) as total, max(msg_id) as maxid FROM privmsgs"; phpbb_privmsgs; ", total, msgid"; ""; true
SELECT; "SELECT * FROM privmsgs WHERE msg_id BETWEEN $batchstart AND $batchend"; phpbb_privmsgs; "privmsgs_id, privmsgs_type, privmsgs_subject, privmsgs_from_userid, privmsgs_to_userid, privmsgs_date, privmsgs_ip, privmsgs_enable_bbcode, privmsgs_enable_html, privmsgs_enable_smilies, privmsgs_attach_sig"; "$batchstart, $batchend"; false
INSERT; "INSERT INTO privmsgs_text (privmsgs_text_id, privmsgs_bbcode_uid, privmsgs_text) VALUES ( $row[msg_id] , $uid , $row[msg_text] )"; phpbb_privmsgs_text; "privmsgs_text_id, privmsgs_bbcode_uid, privmsgs_text"; "$row["msg_id"], $uid, $row["msg_text"]"; false
UPDATE; "UPDATE privmsgs SET msg_text = NULL, msg_status = $row[msg_status] , privmsgs_subject = $subject , privmsgs_attach_sig = $enable_sig WHERE msg_id = $row[msg_id]"; phpbb_privmsgs; "privmsgs_type, privmsgs_attach_sig, privmsgs_subject"; ""msg_status", $row["msg_status"], $subject, $enable_sig"; false
SELECT; "SELECT user_id FROM users , forums WHERE user_id = $row[user_id] AND forum_id = $row[forum_id]"; phpbb_forums; "userid"; "$row["user_id"], $row["forum_id"]"; true
SELECT; "SELECT g.group_id FROM groups g, user_group ug WHERE g.group_id = ug.group_id AND ug.user_id = $row[user_id] AND g.group_single_user = 1"; phpbb_user_group; "ggroupid"; "$row["user_id"]"; true
INSERT; "INSERT INTO auth_access (group_id, forum_id, auth_mod) VALUES ( $group_id , $row[forum_id] , 1)"; phpbb_auth_access; "group_id, forum_id, auth_mod"; "$group_id, $row["forum_id"]"; true
SELECT; "SELECT DISTINCT u.user_id FROM users u, user_group ug, auth_access aa WHERE aa.auth_mod = 1 AND ug.group_id = aa.group_id AND u.user_id = ug.user_id AND u.user_level <> 1"; phpbb_auth_access; "distinct, uuserid"; "1"; true
UPDATE; "UPDATE users SET user_level = 2 WHERE user_id IN ( $ug_sql )"; phpbb_users; "user_level"; "2"; true
SELECT; "SELECT fa.*, f.forum_name FROM forum_access fa LEFT JOIN forums f ON fa.forum_id = f.forum_id ORDER BY fa.forum_id, fa.user_id"; phpbb_forums; "fa, fforumname"; ""; false
INSERT; "INSERT INTO groups (group_type, group_name, group_description, group_moderator, group_single_user) VALUES ( 2 , addslashes($row[forum_name]) Group, Converted Private Forum Group, $row[user_id] , 0)"; phpbb_groups; "group_type, group_name, group_description, group_moderator, group_single_user"; "2, addslashes($row["forum_name"]), $row["user_id"]"; false
INSERT; "INSERT INTO auth_access (group_id, forum_id, auth_view, auth_read, auth_post, auth_reply, auth_edit, auth_delete, auth_sticky, auth_announce, auth_vote, auth_pollcreate) VALUES ( $group_id , $forum_id , 1, 1, 1, 1, 1, 1, 1, 0, 1, 1)"; phpbb_auth_access; "group_id, forum_id, auth_view, auth_read, auth_post, auth_reply, auth_edit, auth_delete, auth_sticky, auth_announce, auth_vote, auth_pollcreate"; "$group_id, $forum_id"; true
INSERT; "INSERT INTO user_group (group_id, user_id, user_pending) VALUES ( $group_id , $user_id , 0)"; phpbb_user_group; "group_id, user_id, user_pending"; "$group_id, $user_id"; true
SELECT; "SELECT * FROM forums"; phpbb_forums; "forum_id, cat_id, forum_name, forum_desc, forum_status, forum_order, forum_posts, forum_topics, forum_last_post_id, prune_next, prune_enable, auth_view, auth_read, auth_post, auth_reply, auth_edit, auth_delete, auth_sticky, auth_announce, auth_vote, auth_pollcreate, auth_attachments"; ""; false
UPDATE; "UPDATE forums SET auth_view = $auth_view , auth_read = $auth_read , auth_post = $auth_post , auth_reply = $auth_reply , auth_edit = $auth_edit , auth_delete = $auth_delete , auth_vote = $auth_vote , auth_pollcreate = $auth_pollcreate , auth_sticky = $auth_sticky , auth_announce = $auth_announce WHERE forum_id = $row[forum_id]"; phpbb_forums; "auth_view, auth_read, auth_post, auth_reply, auth_edit, auth_delete, auth_vote, auth_pollcreate, auth_sticky, auth_announce"; "$auth_view, $auth_read, $auth_post, $auth_reply, $auth_edit, $auth_delete, $auth_vote, $auth_pollcreate, $auth_sticky, $auth_announce"; true
SELECT; "SELECT MAX(topic_id) AS max_topic FROM topics"; phpbb_topics; "topicid"; ""; true
SELECT; "SELECT MIN(post_id) AS first_post_id, topic_id FROM posts WHERE topic_id BETWEEN $batchstart AND $batchend GROUP BY topic_id ORDER BY topic_id ASC"; phpbb_posts; "postid, firstpostid, topicid"; "$batchstart, $batchend"; true
UPDATE; "UPDATE topics SET topic_first_post_id = $row[first_post_id] WHERE topic_id = $row[topic_id]"; phpbb_topics; "topic_first_post_id"; "$row["first_post_id"]"; true
SELECT; "SELECT forum_id, forum_name FROM forums"; phpbb_forums; "forumid, forumname"; ""; false
SELECT; "SELECT MIN(p.post_id) AS first_post, MAX(p.post_id) AS last_post FROM posts p, topics t WHERE p.forum_id = $id AND p.topic_id = t.topic_id"; phpbb_topics; "ppostid, firstpost"; "$id"; true
SELECT; "SELECT COUNT(post_id) AS total FROM posts WHERE forum_id = $id"; phpbb_posts; "postid"; "$id"; true
SELECT; "SELECT COUNT(topic_id) AS total FROM topics WHERE forum_id = $id AND topic_status <> 2"; phpbb_topics; "topicid"; "$id, 2"; true
UPDATE; "UPDATE forums SET forum_last_post_id = $last_post , forum_posts = $total_posts , forum_topics = $total_topics WHERE forum_id = $id"; phpbb_forums; "forum_last_post_id, forum_posts, forum_topics"; "$last_post, $total_posts, $total_topics"; true
SELECT; "SELECT MIN(user_regdate) AS oldest_time FROM users WHERE user_regdate > 0 AND user_id > 0"; phpbb_users; "userregdate"; ""; true
INSERT; "INSERT INTO $table_prefix config (config_name, config_value) VALUES (board_startdate, $row[oldest_time] )"; phpbb_config; "config_name, config_value"; "$row["oldest_time"]"; false
UPDATE; "UPDATE $table_prefix config SET config_value = $server_name WHERE config_name = server_name OR config_name = cookie_domain"; phpbb_config; "config_value"; "$server_name"; false
UPDATE; "UPDATE $table_prefix config SET config_value = $server_port WHERE config_name = server_port"; phpbb_config; "config_value"; "$server_port"; false
UPDATE; "UPDATE $table_prefix config SET config_value = $board_email WHERE config_name = board_email"; phpbb_config; "config_value"; "$board_email"; false
UPDATE; "UPDATE $table_prefix config SET config_value = $script_path WHERE config_name = script_path"; phpbb_config; "config_value"; "$script_path"; false
SELECT; "SELECT COUNT(*) as total, MAX(post_id) as max_post_id FROM posts_text"; phpbb_posts_text; ", total, postid"; ""; true
SELECT; "SELECT * FROM posts_text WHERE post_id BETWEEN $batchstart AND $batchend"; phpbb_posts_text; "post_id, bbcode_uid, post_subject, post_text"; "$batchstart, $batchend"; false
SELECT; "SELECT user_id, username, user_password, user_active, user_level, user_login_tries, user_last_login_try FROM users WHERE username = str_replace(, , $username)"; phpbb_users; "userid, username, userpassword, useractive, userlevel, userlogintries, userlastlogintry"; "$username"; false
UPDATE; "UPDATE users SET user_login_tries = 0, user_last_login_try = 0 WHERE user_id = $row[user_id]"; phpbb_users; "user_login_tries, user_last_login_try"; ""; true
UPDATE; "UPDATE users SET user_login_tries = 0, user_last_login_try = 0 WHERE user_id = $row[user_id]"; phpbb_users; "user_login_tries, user_last_login_try"; ""; true
UPDATE; "UPDATE users SET user_login_tries = user_login_tries + 1, user_last_login_try = time() WHERE user_id = $row[user_id]"; phpbb_users; "user_login_tries, user_last_login_try"; "time()"; true
SELECT; "SELECT username, user_id, user_viewemail, user_posts, user_regdate, user_from, user_website, user_email, user_icq, user_aim, user_yim, user_msnm, user_avatar, user_avatar_type, user_allowavatar FROM users WHERE user_id <> 1 ORDER BY $order_by"; phpbb_users; "username, userid, userviewemail, userposts, userregdate, userfrom, userwebsite, useremail, usericq, useraim, useryim, usermsnm, useravatar, useravatartype, userallowavatar"; "1, $order_by"; false
SELECT; "SELECT count(*) AS total FROM users WHERE user_id <> 1"; phpbb_users; ""; "1"; true
SELECT; "SELECT f.forum_id, f.forum_name, f.forum_topics FROM topics t, forums f WHERE t.topic_id = $topic_id AND f.forum_id = t.forum_id"; phpbb_topics; "fforumid, fforumname, fforumtopics"; "$topic_id"; true
SELECT; "SELECT forum_name, forum_topics FROM forums WHERE forum_id = $forum_id"; phpbb_forums; "forumname, forumtopics"; "$forum_id"; false
SELECT; "SELECT topic_id FROM topics WHERE topic_id IN ( $topic_id_sql ) AND forum_id = $forum_id"; phpbb_topics; "topicid"; "$topic_id_sql, $forum_id"; true
SELECT; "SELECT poster_id, COUNT(post_id) AS posts FROM posts WHERE topic_id IN ( $topic_id_sql ) GROUP BY poster_id"; phpbb_posts; "posterid, postid"; "$topic_id_sql"; true
UPDATE; "UPDATE users SET user_posts = user_posts - $row[posts] WHERE user_id = $row[poster_id]"; phpbb_users; "user_posts"; "$row["posts"]"; true
SELECT; "SELECT post_id FROM posts WHERE topic_id IN ( $topic_id_sql )"; phpbb_posts; "postid"; "$topic_id_sql"; true
SELECT; "SELECT vote_id FROM vote_desc WHERE topic_id IN ( $topic_id_sql )"; phpbb_vote_desc; "voteid"; "$topic_id_sql"; true
SELECT; "SELECT forum_id FROM forums WHERE forum_id = $new_forum_id"; phpbb_forums; "forumid"; "$new_forum_id"; true
SELECT; "SELECT * FROM topics WHERE topic_id IN ( $topic_list ) AND forum_id = $old_forum_id AND topic_status <> 2"; phpbb_topics; "topic_id, forum_id, topic_title, topic_poster, topic_time, topic_views, topic_replies, topic_status, topic_vote, topic_type, topic_first_post_id, topic_last_post_id, topic_moved_id"; "$topic_list, $old_forum_id, 2"; false
INSERT; "INSERT INTO topics (forum_id, topic_title, topic_poster, topic_time, topic_status, topic_type, topic_vote, topic_views, topic_replies, topic_first_post_id, topic_last_post_id, topic_moved_id) VALUES ( $old_forum_id , addslashes(str_replace(, , $row[$i][topic_title])) , str_replace(, , $row[$i][topic_poster]) , $row[$i][topic_time] , 2 , 0 , $row[$i][topic_vote] , $row[$i][topic_views] , $row[$i][topic_replies] , $row[$i][topic_first_post_id] , $row[$i][topic_last_post_id] , $topic_id )"; phpbb_topics; "forum_id, topic_title, topic_poster, topic_time, topic_status, topic_type, topic_vote, topic_views, topic_replies, topic_first_post_id, topic_last_post_id, topic_moved_id"; "$old_forum_id, $row[$i]["topic_title"], $row[$i]["topic_poster"], 2, 0, $row[$i]["topic_vote"], $row[$i]["topic_views"], $row[$i]["topic_replies"], $row[$i]["topic_first_post_id"], $topic_id"; false
UPDATE; "UPDATE topics SET forum_id = $new_forum_id WHERE topic_id = $topic_id"; phpbb_topics; "forum_id"; "$new_forum_id"; true
UPDATE; "UPDATE posts SET forum_id = $new_forum_id WHERE topic_id = $topic_id"; phpbb_posts; "forum_id"; "$new_forum_id"; true
UPDATE; "UPDATE topics SET topic_status = 1 WHERE topic_id IN ( $topic_id_sql ) AND forum_id = $forum_id AND topic_moved_id = 0"; phpbb_topics; "topic_status"; "1"; true
UPDATE; "UPDATE topics SET topic_status = 0 WHERE topic_id IN ( $topic_id_sql ) AND forum_id = $forum_id AND topic_moved_id = 0"; phpbb_topics; "topic_status"; "0"; true
SELECT; "SELECT post_id FROM posts WHERE post_id IN ( $post_id_sql ) AND forum_id = $forum_id"; phpbb_posts; "postid"; "$post_id_sql, $forum_id"; true
SELECT; "SELECT post_id, poster_id, topic_id, post_time FROM posts WHERE post_id IN ( $post_id_sql ) ORDER BY post_time ASC"; phpbb_posts; "postid, posterid, topicid, posttime"; "$post_id_sql"; true
SELECT; "SELECT forum_id FROM forums WHERE forum_id = $new_forum_id"; phpbb_forums; "forumid"; "$new_forum_id"; true
INSERT; "INSERT INTO topics (topic_title, topic_poster, topic_time, forum_id, topic_status, topic_type) VALUES ( str_replace(, , $post_subject) , $first_poster , $topic_time , $new_forum_id , 0 , 0 )"; phpbb_topics; "topic_title, topic_poster, topic_time, forum_id, topic_status, topic_type"; "$post_subject, $first_poster, $topic_time, $new_forum_id, 0"; false
UPDATE; "UPDATE topics_watch SET topic_id = $new_topic_id WHERE topic_id = $topic_id AND user_id IN ( $user_id_sql )"; phpbb_topics_watch; "topic_id"; "$topic_id, $new_topic_id"; true
UPDATE; "UPDATE posts SET topic_id = $new_topic_id , forum_id = $new_forum_id WHERE $sql_where"; phpbb_posts; "topic_id, forum_id"; "$new_topic_id, $new_forum_id"; true
SELECT; "SELECT u.username, p.*, pt.post_text, pt.bbcode_uid, pt.post_subject, p.post_username FROM posts p, users u, posts_text pt WHERE p.topic_id = $topic_id AND p.poster_id = u.user_id AND p.post_id = pt.post_id ORDER BY p.post_time ASC"; phpbb_posts_text; "uusername, p, ptposttext, ptbbcodeuid, ptpostsubject, ppostusername"; "$topic_id"; false
SELECT; "SELECT poster_ip, poster_id FROM posts WHERE post_id = $post_id AND forum_id = $forum_id"; phpbb_posts; "posterip, posterid"; "$post_id, $forum_id"; false
SELECT; "SELECT poster_ip, COUNT(*) AS postings FROM posts WHERE poster_id = $poster_id GROUP BY poster_ip ORDER BY SQL_LAYER == msaccess ? COUNT(*) : postings DESC"; phpbb_posts; "posterip, "; "$poster_id"; false
SELECT; "SELECT u.user_id, u.username, COUNT(*) as postings FROM users u, posts p WHERE p.poster_id = u.user_id AND p.poster_ip = $post_row[poster_ip] GROUP BY u.user_id, u.username ORDER BY SQL_LAYER == msaccess ? COUNT(*) : postings DESC"; phpbb_posts; "uuserid, uusername, "; "$post_row["poster_ip"]"; true
SELECT; "SELECT t.*, u.username, u.user_id, p.post_time FROM topics t, users u, posts p WHERE t.forum_id = $forum_id AND t.topic_poster = u.user_id AND p.post_id = t.topic_last_post_id ORDER BY t.topic_type DESC, p.post_time DESC LIMIT $start , $board_config[topics_per_page]"; phpbb_topics; "t, uusername, uuserid, pposttime"; "$forum_id, $start, $board_config["topics_per_page"]"; true
SELECT; "SELECT * FROM forums WHERE forum_id = $forum_id"; phpbb_forums; "forum_id, cat_id, forum_name, forum_desc, forum_status, forum_order, forum_posts, forum_topics, forum_last_post_id, prune_next, prune_enable, auth_view, auth_read, auth_post, auth_reply, auth_edit, auth_delete, auth_sticky, auth_announce, auth_vote, auth_pollcreate, auth_attachments"; "$forum_id"; false
SELECT; "SELECT f.*, t.topic_status, t.topic_title, t.topic_type FROM forums f, topics t WHERE t.topic_id = $topic_id AND f.forum_id = t.forum_id"; phpbb_topics; "f, ttopicstatus, ttopictitle, ttopictype"; "$topic_id"; false
SELECT; "SELECT f.*, t.topic_id, t.topic_status, t.topic_type, t.topic_first_post_id, t.topic_last_post_id, t.topic_vote, p.post_id, p.poster_id $select_sql FROM posts p, topics t, forums f $from_sql WHERE p.post_id = $post_id AND t.topic_id = p.topic_id AND f.forum_id = p.forum_id $where_sql"; phpbb_topics; "f, ttopicid, ttopicstatus, ttopictype, ttopicfirstpostid, ttopiclastpostid, ttopicvote, ppostid, pposterid, selectsql"; "$post_id, $where_sql"; true
SELECT; "SELECT * FROM vote_desc vd, vote_results vr WHERE vd.topic_id = $topic_id AND vr.vote_id = vd.vote_id ORDER BY vr.vote_option_id"; phpbb_vote_results; "vote_id, vote_option_id, vote_option_text, vote_result"; "$topic_id"; false
SELECT; "SELECT topic_id FROM topics_watch WHERE topic_id = $topic_id AND user_id = $userdata[user_id]"; phpbb_topics_watch; "topicid"; "$topic_id, $userdata["user_id"]"; true
SELECT; "SELECT vd.vote_id FROM vote_desc vd, vote_results vr WHERE vd.topic_id = $topic_id AND vr.vote_id = vd.vote_id AND vr.vote_option_id = $vote_option_id GROUP BY vd.vote_id"; phpbb_vote_results; "vdvoteid"; "$topic_id, $vote_option_id"; true
SELECT; "SELECT * FROM vote_voters WHERE vote_id = $vote_id AND vote_user_id = $userdata[user_id]"; phpbb_vote_voters; "vote_id, vote_user_id, vote_user_ip"; "$vote_id, $userdata["user_id"]"; false
UPDATE; "UPDATE vote_results SET vote_result = vote_result + 1 WHERE vote_id = $vote_id AND vote_option_id = $vote_option_id"; phpbb_vote_results; "vote_result"; ""; true
INSERT; "INSERT INTO vote_voters (vote_id, vote_user_id, vote_user_ip) VALUES ( $vote_id , $userdata[user_id] , $user_ip )"; phpbb_vote_voters; "vote_id, vote_user_id, vote_user_ip"; "$vote_id, $userdata["user_id"], $user_ip"; false
SELECT; "SELECT u.username AS username_1, u.user_id AS user_id_1, u2.username AS username_2, u2.user_id AS user_id_2, u.user_sig_bbcode_uid, u.user_posts, u.user_from, u.user_website, u.user_email, u.user_icq, u.user_aim, u.user_yim, u.user_regdate, u.user_msnm, u.user_viewemail, u.user_rank, u.user_sig, u.user_avatar, pm.*, pmt.privmsgs_bbcode_uid, pmt.privmsgs_text FROM privmsgs pm, privmsgs_text pmt, users u, users u2 WHERE pm.privmsgs_id = $privmsgs_id AND pmt.privmsgs_text_id = pm.privmsgs_id $pm_sql_user AND u.user_id = pm.privmsgs_from_userid AND u2.user_id = pm.privmsgs_to_userid"; phpbb_privmsgs_text; "uusername, username1, uuserid, userid1, u2username, username2, u2userid, userid2, uusersigbbcodeuid, uuserposts, uuserfrom, uuserwebsite, uuseremail, uusericq, uuseraim, uuseryim, uuserregdate, uusermsnm, uuserviewemail, uuserrank, uusersig, uuseravatar, pm, pmtprivmsgsbbcodeuid, pmtprivmsgstext"; "$privmsgs_id, $pm_sql_user"; false
UPDATE; "UPDATE users SET $sql WHERE user_id = $userdata[user_id]"; phpbb_users; ""; "$sql"; true
UPDATE; "UPDATE privmsgs SET privmsgs_type = 0 WHERE privmsgs_id = $privmsg[privmsgs_id]"; phpbb_privmsgs; "privmsgs_type"; "0"; true
SELECT; "SELECT COUNT(privmsgs_id) AS sent_items, MIN(privmsgs_date) AS oldest_post_time FROM privmsgs WHERE privmsgs_type = 2 AND privmsgs_from_userid = $privmsg[privmsgs_from_userid]"; phpbb_privmsgs; "privmsgsid, sentitems, privmsgsdate"; "2, "privmsgs_from_userid", $privmsg["privmsgs_from_userid"]"; true
SELECT; "SELECT privmsgs_id FROM privmsgs WHERE privmsgs_type = 2 AND privmsgs_date = $sent_info[oldest_post_time] AND privmsgs_from_userid = $privmsg[privmsgs_from_userid]"; phpbb_privmsgs; "privmsgsid"; "2, $sent_info["oldest_post_time"], "privmsgs_from_userid", $privmsg["privmsgs_from_userid"]"; true
SELECT; "SELECT privmsgs_id FROM privmsgs WHERE $delete_type $delete_sql_id"; phpbb_privmsgs; "privmsgsid"; "$delete_type, $delete_sql_id"; true
SELECT; "SELECT privmsgs_to_userid, privmsgs_type FROM privmsgs WHERE privmsgs_id IN ( $delete_sql_id ) AND $sql AND privmsgs_type IN ( 1 , 5 )"; phpbb_privmsgs; "privmsgstouserid, privmsgstype"; "$delete_sql_id, $sql, 1, 5"; true
UPDATE; "UPDATE users SET $type = $type - $dec WHERE user_id IN ( $user_ids )"; phpbb_users; "user_style"; "$type, $dec"; true
SELECT; "SELECT COUNT(privmsgs_id) AS savebox_items, MIN(privmsgs_date) AS oldest_post_time FROM privmsgs WHERE ( ( privmsgs_to_userid = $userdata[user_id] AND privmsgs_type = 3 ) OR ( privmsgs_from_userid = $userdata[user_id] AND privmsgs_type = 4 ) )"; phpbb_privmsgs; "privmsgsid, saveboxitems, privmsgsdate"; "$userdata["user_id"], 3, 4"; true
SELECT; "SELECT privmsgs_id FROM privmsgs WHERE ( ( privmsgs_to_userid = $userdata[user_id] AND privmsgs_type = 3 ) OR ( privmsgs_from_userid = $userdata[user_id] AND privmsgs_type = 4 ) ) AND privmsgs_date = $saved_info[oldest_post_time]"; phpbb_privmsgs; "privmsgsid"; "$userdata["user_id"], 3, 4, $saved_info["oldest_post_time"]"; true
UPDATE; "UPDATE privmsgs"; phpbb_privmsgs; ""; ""; true
SELECT; "SELECT privmsgs_to_userid, privmsgs_type FROM privmsgs WHERE privmsgs_id IN ( $saved_sql_id ) AND $sql AND privmsgs_type IN ( 1 , 5 )"; phpbb_privmsgs; "privmsgstouserid, privmsgstype"; "$saved_sql_id, $sql, 1, 5"; true
UPDATE; "UPDATE users SET $type = $type - $dec WHERE user_id IN ( $user_ids )"; phpbb_users; "user_style"; "$type, $dec"; true
SELECT; "SELECT MAX(privmsgs_date) AS last_post_time FROM privmsgs WHERE privmsgs_from_userid = $userdata[user_id]"; phpbb_privmsgs; "privmsgsdate"; "$userdata["user_id"]"; true
SELECT; "SELECT privmsgs_from_userid FROM privmsgs WHERE privmsgs_id = (int) $privmsg_id AND privmsgs_from_userid = $userdata[user_id]"; phpbb_privmsgs; "privmsgsfromuserid"; "$privmsg_id, $userdata["user_id"]"; true
SELECT; "SELECT user_id, user_notify_pm, user_email, user_lang, user_active FROM users WHERE username = str_replace(, , $to_username) AND user_id <> 1"; phpbb_users; "userid, usernotifypm, useremail, userlang, useractive"; "$to_username, 1"; false
SELECT; "SELECT COUNT(privmsgs_id) AS inbox_items, MIN(privmsgs_date) AS oldest_post_time FROM privmsgs WHERE ( privmsgs_type = 1 OR privmsgs_type = 0 OR privmsgs_type = 5 ) AND privmsgs_to_userid = $to_userdata[user_id]"; phpbb_privmsgs; "privmsgsid, inboxitems, privmsgsdate"; "1, 0, 5, $to_userdata["user_id"]"; true
SELECT; "SELECT privmsgs_id FROM privmsgs WHERE ( privmsgs_type = 1 OR privmsgs_type = 0 OR privmsgs_type = 5 ) AND privmsgs_date = $inbox_info[oldest_post_time] AND privmsgs_to_userid = $to_userdata[user_id]"; phpbb_privmsgs; "privmsgsid"; "1, 0, 5, $inbox_info["oldest_post_time"], $to_userdata["user_id"]"; true
INSERT; "INSERT INTO privmsgs (privmsgs_type, privmsgs_subject, privmsgs_from_userid, privmsgs_to_userid, privmsgs_date, privmsgs_ip, privmsgs_enable_html, privmsgs_enable_bbcode, privmsgs_enable_smilies, privmsgs_attach_sig) VALUES ( 1 , str_replace(, , $privmsg_subject) , $userdata[user_id] , $to_userdata[user_id] , $msg_time , $user_ip , $html_on , $bbcode_on , $smilies_on , $attach_sig )"; phpbb_privmsgs; "privmsgs_type, privmsgs_subject, privmsgs_from_userid, privmsgs_to_userid, privmsgs_date, privmsgs_ip, privmsgs_enable_html, privmsgs_enable_bbcode, privmsgs_enable_smilies, privmsgs_attach_sig"; "1, $privmsg_subject, $userdata["user_id"], $to_userdata["user_id"], $msg_time, $user_ip, $html_on, $bbcode_on, $smilies_on, $attach_sig"; false
UPDATE; "UPDATE privmsgs SET privmsgs_type = 1 , privmsgs_subject = str_replace(, , $privmsg_subject) , privmsgs_from_userid = $userdata[user_id] , privmsgs_to_userid = $to_userdata[user_id] , privmsgs_date = $msg_time , privmsgs_ip = $user_ip , privmsgs_enable_html = $html_on , privmsgs_enable_bbcode = $bbcode_on , privmsgs_enable_smilies = $smilies_on , privmsgs_attach_sig = $attach_sig WHERE privmsgs_id = $privmsg_id"; phpbb_privmsgs; "privmsgs_type, privmsgs_subject, privmsgs_from_userid, privmsgs_to_userid, privmsgs_date, privmsgs_ip, privmsgs_enable_html, privmsgs_enable_bbcode, privmsgs_enable_smilies, privmsgs_attach_sig"; "1, $privmsg_subject, $userdata["user_id"], $to_userdata["user_id"], $msg_time, $user_ip, $html_on, $bbcode_on, $smilies_on, $attach_sig"; false
INSERT; "INSERT INTO privmsgs_text (privmsgs_text_id, privmsgs_bbcode_uid, privmsgs_text) VALUES ( $privmsg_sent_id , $bbcode_uid , str_replace(, , $privmsg_message) )"; phpbb_privmsgs_text; "privmsgs_text_id, privmsgs_bbcode_uid, privmsgs_text"; "$privmsg_sent_id, $bbcode_uid, $privmsg_message"; false
UPDATE; "UPDATE privmsgs_text SET privmsgs_text = str_replace(, , $privmsg_message) , privmsgs_bbcode_uid = $bbcode_uid WHERE privmsgs_text_id = $privmsg_id"; phpbb_privmsgs_text; "privmsgs_text, privmsgs_bbcode_uid"; ""privmsgs_text", $privmsg_message, $bbcode_uid"; false
UPDATE; "UPDATE users SET user_new_privmsg = user_new_privmsg + 1, user_last_privmsg = time() WHERE user_id = $to_userdata[user_id]"; phpbb_users; "user_new_privmsg, user_last_privmsg"; "time()"; true
SELECT; "SELECT u.user_id, u.user_sig FROM privmsgs pm, users u WHERE pm.privmsgs_id = $privmsg_id AND u.user_id = pm.privmsgs_from_userid"; phpbb_privmsgs; "uuserid, uusersig"; "$privmsg_id"; true
SELECT; "SELECT username FROM users WHERE user_id = $user_id AND user_id <> 1"; phpbb_users; "username"; "$user_id, 1"; false
SELECT; "SELECT pm.*, pmt.privmsgs_bbcode_uid, pmt.privmsgs_text, u.username, u.user_id, u.user_sig FROM privmsgs pm, privmsgs_text pmt, users u WHERE pm.privmsgs_id = $privmsg_id AND pmt.privmsgs_text_id = pm.privmsgs_id AND pm.privmsgs_from_userid = $userdata[user_id] AND ( pm.privmsgs_type = 1 OR pm.privmsgs_type = 5 ) AND u.user_id = pm.privmsgs_to_userid"; phpbb_privmsgs_text; "pm, pmtprivmsgsbbcodeuid, pmtprivmsgstext, uusername, uuserid, uusersig"; "$privmsg_id, $userdata["user_id"], 1, 5"; false
SELECT; "SELECT pm.privmsgs_subject, pm.privmsgs_date, pmt.privmsgs_bbcode_uid, pmt.privmsgs_text, u.username, u.user_id FROM privmsgs pm, privmsgs_text pmt, users u WHERE pm.privmsgs_id = $privmsg_id AND pmt.privmsgs_text_id = pm.privmsgs_id AND pm.privmsgs_to_userid = $userdata[user_id] AND u.user_id = pm.privmsgs_from_userid"; phpbb_privmsgs_text; "pmprivmsgssubject, pmprivmsgsdate, pmtprivmsgsbbcodeuid, pmtprivmsgstext, uusername, uuserid"; "$privmsg_id, $userdata["user_id"]"; false
UPDATE; "UPDATE users SET user_unread_privmsg = user_unread_privmsg + user_new_privmsg, user_new_privmsg = 0, user_last_privmsg = $userdata[session_start] WHERE user_id = $userdata[user_id]"; phpbb_users; "user_unread_privmsg, user_new_privmsg, user_last_privmsg"; "$userdata["session_start"]"; true
UPDATE; "UPDATE privmsgs SET privmsgs_type = 5 WHERE privmsgs_type = 1 AND privmsgs_to_userid = $userdata[user_id]"; phpbb_privmsgs; "privmsgs_type"; "5"; true
SELECT; "SELECT COUNT(privmsgs_id) AS total FROM privmsgs"; phpbb_privmsgs; "privmsgsid"; ""; true
SELECT; "SELECT pm.privmsgs_type, pm.privmsgs_id, pm.privmsgs_date, pm.privmsgs_subject, u.user_id, u.username FROM privmsgs pm, users u"; phpbb_privmsgs; "pmprivmsgstype, pmprivmsgsid, pmprivmsgsdate, pmprivmsgssubject, uuserid, uusername"; ""; false
SELECT; "SELECT MAX(sr.search_time) AS last_search_time FROM search_results sr, sessions se WHERE sr.session_id = se.session_id AND $where_sql"; phpbb_search_results; "srsearchtime"; "$where_sql"; true
SELECT; "SELECT post_id FROM posts WHERE post_time >= $userdata[user_lastvisit]"; phpbb_posts; "postid"; "$userdata["user_lastvisit"]"; true
SELECT; "SELECT post_id FROM posts WHERE poster_id = $userdata[user_id]"; phpbb_posts; "postid"; "$userdata["user_id"]"; true
SELECT; "SELECT user_id FROM users WHERE username LIKE str_replace(, , $search_author)"; phpbb_users; "userid"; "$search_author"; true
SELECT; "SELECT post_id FROM posts WHERE poster_id IN ( $matching_userids )"; phpbb_posts; "postid"; "$matching_userids"; true
SELECT; "SELECT m.post_id FROM search_wordlist w, search_wordmatch m WHERE w.word_text LIKE $match_word AND m.word_id = w.word_id AND w.word_common <> 1 $search_msg_only"; phpbb_search_wordmatch; "mpostid"; "$match_word, $search_msg_only"; true
SELECT; "SELECT post_id FROM posts_text WHERE post_text LIKE $match_word $search_msg_only"; phpbb_posts_text; "postid"; "$match_word, $search_msg_only"; true
SELECT; "SELECT topic_id FROM posts WHERE post_id IN ( implode(, , $search_id_chunks[$i]) ) $where_sql GROUP BY topic_id"; phpbb_posts; "topicid"; "$search_id_chunks[$i], $where_sql"; true
SELECT; "SELECT p.topic_id FROM $from_sql WHERE p.post_id IN ( implode(, , $search_id_chunks[$i]) ) $where_sql GROUP BY p.topic_id"; NA; "ptopicid"; "$search_id_chunks[$i], $where_sql"; false
SELECT; "SELECT $select_sql FROM $from_sql WHERE $where_sql"; NA; "selectsql"; "$where_sql"; false
SELECT; "SELECT t.topic_id, f.forum_id FROM topics t, forums f WHERE t.topic_replies = 0 AND t.forum_id = f.forum_id AND t.topic_moved_id = 0 AND $auth_sql"; phpbb_topics; "ttopicid, fforumid"; "$auth_sql"; true
SELECT; "SELECT topic_id FROM topics WHERE topic_replies = 0 AND topic_moved_id = 0"; phpbb_topics; "topicid"; ""; true
UPDATE; "UPDATE search_results SET search_id = $search_id , search_time = $current_time , search_array = str_replace(, , $result_array) WHERE session_id = $userdata[session_id]"; phpbb_search_results; "search_id, search_time, search_array"; "$search_id, $current_time, $result_array"; false
INSERT; "INSERT INTO search_results (search_id, session_id, search_time, search_array) VALUES( $search_id , $userdata[session_id] , $current_time , str_replace(, , $result_array) )"; phpbb_search_results; "search_id, session_id, search_time, search_array"; "$search_id, $userdata["session_id"], $current_time, $result_array"; false
SELECT; "SELECT search_array FROM search_results WHERE search_id = $search_id AND session_id = $userdata[session_id]"; phpbb_search_results; "searcharray"; "$search_id, "session_id", $userdata["session_id"]"; false
SELECT; "SELECT pt.post_text, pt.bbcode_uid, pt.post_subject, p.*, f.forum_id, f.forum_name, t.*, u.username, u.user_id, u.user_sig, u.user_sig_bbcode_uid FROM forums f, topics t, users u, posts p, posts_text pt WHERE p.post_id IN ( $search_results ) AND pt.post_id = p.post_id AND f.forum_id = p.forum_id AND p.topic_id = t.topic_id AND p.poster_id = u.user_id"; phpbb_posts_text; "ptposttext, ptbbcodeuid, ptpostsubject, p, fforumid, fforumname, t, uusername, uuserid, uusersig, uusersigbbcodeuid"; "$search_results"; false
SELECT; "SELECT t.*, f.forum_id, f.forum_name, u.username, u.user_id, u2.username as user2, u2.user_id as id2, p.post_username, p2.post_username AS post_username2, p2.post_time FROM topics t, forums f, users u, posts p, posts p2, users u2 WHERE t.topic_id IN ( $search_results ) AND t.topic_poster = u.user_id AND f.forum_id = t.forum_id AND p.post_id = t.topic_first_post_id AND p2.post_id = t.topic_last_post_id AND u2.user_id = p2.poster_id"; phpbb_topics; "t, fforumid, fforumname, uusername, uuserid, u2username, user2, u2userid, id2, ppostusername, p2postusername, postusername2, p2posttime"; "$search_results"; true
SELECT; "SELECT c.cat_title, c.cat_id, f.forum_name, f.forum_id FROM categories c, forums f WHERE f.cat_id = c.cat_id ORDER BY c.cat_order, f.forum_order"; phpbb_categories; "ccattitle, ccatid, fforumname, fforumid"; ""; false
SELECT; "SELECT * FROM forums WHERE forum_id = $forum_id"; phpbb_forums; "forum_id, cat_id, forum_name, forum_desc, forum_status, forum_order, forum_posts, forum_topics, forum_last_post_id, prune_next, prune_enable, auth_view, auth_read, auth_post, auth_reply, auth_edit, auth_delete, auth_sticky, auth_announce, auth_vote, auth_pollcreate, auth_attachments"; "$forum_id"; false
SELECT; "SELECT MAX(post_time) AS last_post FROM posts WHERE forum_id = $forum_id"; phpbb_posts; "posttime"; "$forum_id"; true
SELECT; "SELECT u.user_id, u.username FROM auth_access aa, user_group ug, groups g, users u WHERE aa.forum_id = $forum_id AND aa.auth_mod = TRUE AND g.group_single_user = 1 AND ug.group_id = aa.group_id AND g.group_id = aa.group_id AND u.user_id = ug.user_id GROUP BY u.user_id, u.username ORDER BY u.user_id"; phpbb_auth_access; "uuserid, uusername"; "$forum_id"; true
SELECT; "SELECT g.group_id, g.group_name FROM auth_access aa, user_group ug, groups g WHERE aa.forum_id = $forum_id AND aa.auth_mod = TRUE AND g.group_single_user = 0 AND g.group_type <> 2 AND ug.group_id = aa.group_id AND g.group_id = aa.group_id GROUP BY g.group_id, g.group_name ORDER BY g.group_id"; phpbb_auth_access; "ggroupid, ggroupname"; "$forum_id, 2"; true
SELECT; "SELECT COUNT(t.topic_id) AS forum_topics FROM topics t, posts p WHERE t.forum_id = $forum_id AND p.post_id = t.topic_last_post_id AND p.post_time >= $min_topic_time"; phpbb_topics; "ttopicid"; "$forum_id, $min_topic_time"; true
SELECT; "SELECT t.*, u.username, u.user_id, u2.username as user2, u2.user_id as id2, p.post_time, p.post_username FROM topics t, users u, posts p, users u2 WHERE t.forum_id = $forum_id AND t.topic_poster = u.user_id AND p.post_id = t.topic_last_post_id AND p.poster_id = u2.user_id AND t.topic_type = 2 ORDER BY t.topic_last_post_id DESC"; phpbb_topics; "t, uusername, uuserid, u2username, user2, u2userid, id2, pposttime, ppostusername"; "$forum_id, 2"; true
SELECT; "SELECT t.*, u.username, u.user_id, u2.username as user2, u2.user_id as id2, p.post_username, p2.post_username AS post_username2, p2.post_time FROM topics t, users u, posts p, posts p2, users u2 WHERE t.forum_id = $forum_id AND t.topic_poster = u.user_id AND p.post_id = t.topic_first_post_id AND p2.post_id = t.topic_last_post_id AND u2.user_id = p2.poster_id AND t.topic_type <> 2 $limit_topics_time ORDER BY t.topic_type DESC, t.topic_last_post_id DESC LIMIT $start , $board_config[topics_per_page]"; phpbb_topics; "t, uusername, uuserid, u2username, user2, u2userid, id2, ppostusername, p2postusername, postusername2, p2posttime"; "$forum_id, 2, $limit_topics_time, $start, $board_config["topics_per_page"]"; true
SELECT; "SELECT forum_name, forum_id FROM forums"; phpbb_forums; "forumname, forumid"; ""; false
SELECT; "SELECT u.user_id, u.username, u.user_allow_viewonline, u.user_level, s.session_logged_in, s.session_time, s.session_page, s.session_ip FROM users u, sessions s WHERE u.user_id = s.session_user_id AND s.session_time >= time() - 300 ORDER BY u.username ASC, s.session_ip ASC"; phpbb_sessions; "uuserid, uusername, uuserallowviewonline, uuserlevel, ssessionloggedin, ssessiontime, ssessionpage, ssessionip"; "time(), 300"; false
SELECT; "SELECT p.post_id FROM posts p, sessions s, users u WHERE s.session_id = $session_id AND u.user_id = s.session_user_id AND p.topic_id = $topic_id AND p.post_time >= u.user_lastvisit ORDER BY p.post_time ASC LIMIT 1"; phpbb_sessions; "ppostid"; "$session_id, $topic_id"; true
SELECT; "SELECT t.topic_id FROM topics t, topics t2 WHERE t2.topic_id = $topic_id AND t.forum_id = t2.forum_id AND t.topic_moved_id = 0 AND t.topic_last_post_id $sql_condition t2.topic_last_post_id ORDER BY t.topic_last_post_id $sql_ordering LIMIT 1"; phpbb_topics; "ttopicid"; "$topic_id, $sql_condition, $sql_ordering"; true
SELECT; "SELECT t.topic_id, t.topic_title, t.topic_status, t.topic_replies, t.topic_time, t.topic_type, t.topic_vote, t.topic_last_post_id, f.forum_name, f.forum_status, f.forum_id, f.auth_view, f.auth_read, f.auth_post, f.auth_reply, f.auth_edit, f.auth_delete, f.auth_sticky, f.auth_announce, f.auth_pollcreate, f.auth_vote, f.auth_attachments $count_sql FROM topics t, forums f $join_sql_table WHERE $join_sql AND f.forum_id = t.forum_id $order_sql"; phpbb_topics; "ttopicid, ttopictitle, ttopicstatus, ttopicreplies, ttopictime, ttopictype, ttopicvote, ttopiclastpostid, fforumname, fforumstatus, fforumid, fauthview, fauthread, fauthpost, fauthreply, fauthedit, fauthdelete, fauthsticky, fauthannounce, fauthpollcreate, fauthvote, fauthattachments, countsql"; "$join_sql, $order_sql"; false
SELECT; "SELECT notify_status FROM topics_watch WHERE topic_id = $topic_id AND user_id = $userdata[user_id]"; phpbb_topics_watch; "notifystatus"; "$topic_id, $userdata["user_id"]"; true
UPDATE; "UPDATE $sql_priority topics_watch SET notify_status = 0 WHERE topic_id = $topic_id AND user_id = $userdata[user_id]"; phpbb_topics_watch; "notify_status"; ""; true
SELECT; "SELECT COUNT(p.post_id) AS num_posts FROM topics t, posts p WHERE t.topic_id = $topic_id AND p.topic_id = t.topic_id AND p.post_time >= $min_post_time"; phpbb_topics; "ppostid"; "$topic_id, $min_post_time"; true
SELECT; "SELECT u.username, u.user_id, u.user_posts, u.user_from, u.user_website, u.user_email, u.user_icq, u.user_aim, u.user_yim, u.user_regdate, u.user_msnm, u.user_viewemail, u.user_rank, u.user_sig, u.user_sig_bbcode_uid, u.user_avatar, u.user_avatar_type, u.user_allowavatar, u.user_allowsmile, p.*, pt.post_text, pt.post_subject, pt.bbcode_uid FROM posts p, users u, posts_text pt WHERE p.topic_id = $topic_id $limit_posts_time AND pt.post_id = p.post_id AND u.user_id = p.poster_id ORDER BY p.post_time $post_time_order LIMIT $start , $board_config[posts_per_page]"; phpbb_posts_text; "uusername, uuserid, uuserposts, uuserfrom, uuserwebsite, uuseremail, uusericq, uuseraim, uuseryim, uuserregdate, uusermsnm, uuserviewemail, uuserrank, uusersig, uusersigbbcodeuid, uuseravatar, uuseravatartype, uuserallowavatar, uuserallowsmile, p, ptposttext, ptpostsubject, ptbbcodeuid"; "$topic_id, $limit_posts_time, $post_time_order, $start, $board_config["posts_per_page"]"; false
SELECT; "SELECT COUNT(post_id) AS total FROM posts WHERE topic_id = $topic_id"; phpbb_posts; "postid"; "$topic_id"; true
SELECT; "SELECT * FROM ranks ORDER BY rank_special, rank_min"; phpbb_ranks; "rank_id, rank_title, rank_min, rank_special, rank_image"; ""; false
SELECT; "SELECT vd.vote_id, vd.vote_text, vd.vote_start, vd.vote_length, vr.vote_option_id, vr.vote_option_text, vr.vote_result FROM vote_desc vd, vote_results vr WHERE vd.topic_id = $topic_id AND vr.vote_id = vd.vote_id ORDER BY vr.vote_option_id ASC"; phpbb_vote_results; "vdvoteid, vdvotetext, vdvotestart, vdvotelength, vrvoteoptionid, vrvoteoptiontext, vrvoteresult"; "$topic_id"; false
SELECT; "SELECT vote_id FROM vote_voters WHERE vote_id = $vote_id AND vote_user_id = intval($userdata[user_id])"; phpbb_vote_voters; "voteid"; "$vote_id, intval($userdata["user_id"])"; true
UPDATE; "UPDATE topics SET topic_views = topic_views + 1 WHERE topic_id = $topic_id"; phpbb_topics; "topic_views"; ""; true
SELECT; "SELECT relname FROM pg_class WHERE NOT relname ~ pg_.* AND relkind = S ORDER BY relname"; phpbb_smilies; "relname"; ""; true
OTHER; "<select name=disallowed_id>"; NA; ""; ""; true
OTHER; "<select name=simpleauth>"; NA; ""; ""; true
OTHER; "<select name=to_id>"; NA; ""; ""; true
OTHER; "<select name=to_id>"; NA; ""; ""; true
OTHER; "<select name=template_name>"; NA; ""; ""; true
OTHER; "<select name=export_template>"; NA; ""; ""; true
SELECT; "SELECT VERSION() AS mysql_version"; NA; ""; ""; false
SELECT; "SELECT ((SUM(size) * 8.0) * 1024.0) as dbsize FROM sysfiles"; phpbb_smilies; "smilies_id, code, smile_url, emoticon"; ""; false
SELECT; "SELECT relname FROM pg_class WHERE relkind = r AND relname NOT LIKE pg_%"; phpbb_smilies; "relname"; ""; true
SELECT; "SELECT @@IDENTITY"; NA; "identity"; ""; false
SELECT; "SELECT @@IDENTITY"; NA; "identity"; ""; false
SELECT; "SELECT @@IDENTITY AS id, @@ROWCOUNT as affected"; NA; "identity, id, rowcount"; ""; false
SELECT; "SELECT @@ROWCOUNT as affected"; NA; "rowcount"; ""; false
SELECT; "SELECT"; NA; ""; ""; false
OTHER; "<select name=avatarcategory>"; NA; ""; ""; true
OTHER; "<select name=lang onchange=this.form.submit()>"; NA; ""; ""; true
OTHER; "<select name=dbms onchange=if(this.form.upgrade.options[this.form.upgrade.selectedIndex].value == 1){ this.selectedIndex = 0;}>"; NA; ""; ""; true
OTHER; "<select name=upgrade"; NA; ""; ""; true
SELECT; "SELECT code, smile_url FROM smiles"; phpbb_smilies; "code, smileurl"; ""; false
OTHER; "/(INSERT INTO (w+)s.*);/i"; NA; ""; ""; true
SELECT; "SELECT * FROM forum_mods"; phpbb_words; "word_id, word, replacement"; ""; false
SELECT; "SELECT VERSION() AS mysql_version"; NA; ""; ""; false
SELECT; "Select a file"; NA; "a, file"; ""; false
SELECT; "Select a User"; NA; "a, user"; ""; false
SELECT; "Select a Group"; NA; "a, group"; ""; false
SELECT; "Select a Forum"; NA; "a, forum"; ""; false
SELECT; "Select a Username"; NA; "a, username"; ""; false
SELECT; "Select an IP address"; NA; "an, ip, address"; ""; false
SELECT; "Select an Email address"; NA; "an, email, address"; ""; false
UPDATE; "Update Order"; NA; ""; ""; false
SELECT; "Select Pack (.pak) File"; NA; "pack, pak, file"; ""; false
SELECT; "Select a group"; NA; "a, group"; ""; false
UPDATE; "Update word censor"; phpbb_words; ""; ""; true
SELECT; "Select a Template"; NA; "a, template"; ""; false
SELECT; "Select a forum"; NA; "a, forum"; ""; false
SELECT; "Select Avatar from the gallery"; NA; "avatar"; ""; false
SELECT; "Select Avatar from gallery"; NA; "avatar"; ""; false
SELECT; "Select avatar"; NA; "avatar"; ""; false
SELECT; "Select category"; NA; "category"; ""; false
SELECT; "Select sort method"; NA; "sort, method"; ""; false
OTHER; "<select name=mode>"; NA; ""; ""; true
OTHER; "<select name=order>"; NA; ""; ""; true
OTHER; "<select name=topicdays>"; NA; ""; ""; true
OTHER; "<select name=postdays>"; NA; ""; ""; true
OTHER; "<select name=postorder>"; NA; ""; ""; true
