SELECT; "SELECT count(id) AS auctions FROM $DBPrefix auctions WHERE user= intval($user_id) AND closed=0 AND starts <= $NOW"; PHPAUCTIONXL_auctions; "id"; "intval($user_id)"; true
SELECT; "SELECT * FROM $DBPrefix auctions WHERE user= intval($user_id) AND closed=0 AND starts <= $NOW"; PHPAUCTIONXL_auctions; "id, user, title, starts, description, pict_url, category, minimum_bid, reserve_price, buy_now, auction_type, duration, increment, location, location_zip, shipping, payment, international, ends, current_bid, closed, photo_uploaded, quantity, suspended, private, relist, relisted, num_bids, sold, shipping_terms, bn_only, adultonly"; "intval($user_id)"; false
SELECT; "SELECT bid FROM $DBPrefix bids WHERE auction= $row[id]"; PHPAUCTIONXL_bids; "bid"; "$row[id]"; true
SELECT; "SELECT * FROM $DBPrefix users WHERE id= intval($_GET[user_id])"; PHPAUCTIONXL_users; "id, nick, password, name, address, city, prov, country, zip, phone, email, reg_date, rate_sum, rate_num, birthdate, suspended, nletter, balance, auc_watch, item_watch, creditcard, exp_month, exp_year, card_owner, card_zip, accounttype, endemailmode, startemailmode, trusted, lastlogin, payment_details"; "intval($_GET[user_id])"; false
SELECT; "SELECT f.*, u.nick, a.title FROM $DBPrefix feedbacks f, $DBPrefix users u LEFT OUTER JOIN $DBPrefix auctions a ON a.id=f.auction_id WHERE u.id=f.rated_user_id AND f.id= intval($feed_id)"; PHPAUCTIONXL_feedbacks; "f, unick, atitle"; "intval($feed_id)"; false
SELECT; "SELECT id, rate_num, rate_sum FROM $DBPrefix users WHERE nick= $feed_disp[username]"; PHPAUCTIONXL_users; "id, ratenum, ratesum"; "$feed_disp["username"]"; true
SELECT; "SELECT * FROM $DBPrefix feedforum WHERE feed_id= intval($_REQUEST[feed_id]) ORDER BY seqnum ASC"; PHPAUCTIONXL_feedforum; "id, feed_id, user_id, seqnum, commentdate, COMMENT"; ""; false
INSERT; "INSERT INTO $DBPrefix feedforum values(NULL, intval($_REQUEST[feed_id]) , $_SESSION[PHPAUCTION_LOGGED_IN] , intval($_REQUEST[seqnum]) , NULL, addslashes(strip_tags($_POST[comment])) )"; PHPAUCTIONXL_feedforum; "id, feed_id, user_id, seqnum, commentdate, COMMENT"; "intval($_REQUEST["feed_id"]), $_SESSION["PHPAUCTION_LOGGED_IN"], intval($_REQUEST["seqnum"]), addslashes(strip_tags($_POST["comment"]))"; false
UPDATE; "update $DBPrefix settings SET aboutus= $_POST[aboutus] , aboutustext= nl2br(addslashes($_POST[aboutustext]))"; PHPAUCTIONXL_settings; "aboutus, aboutustext"; "$_POST["aboutus"], aboutustext, nl2br(addslashes($_POST[aboutustext]))"; false
SELECT; "SELECT aboutus, aboutustext FROM $DBPrefix settings"; PHPAUCTIONXL_settings; "aboutus, aboutustext"; ""; false
UPDATE; "UPDATE $DBPrefix settings SET showacceptancetext= $_POST[showacceptancetext] , acceptancetext= addslashes($_POST[acceptancetext])"; PHPAUCTIONXL_settings; "showacceptancetext, acceptancetext"; ""showacceptancetext", $_POST["showacceptancetext"], acceptancetext, addslashes($_POST[acceptancetext])"; true
SELECT; "SELECT * FROM $DBPrefix settings"; PHPAUCTIONXL_settings; "sitename, siteurl, cookiesprefix, loginbox, newsbox, newstoshow, moneyformat, moneydecimals, moneysymbol, currency, showacceptancetext, acceptancetext, adminmail, banners, newsletter, logo, timecorrection, cron, archiveafter, datesformat, feetype, sellersetupfee, sellersetuptype, sellerfinalfee, sellerfinaltype, sellersetupvalue, sellerfinalvalue, buyerfinalfee, buyerfinaltype, buyerfinalvalue, paypaladdress, errortext, errormail, signupfee, signupvalue, picturesgallery, maxpictures, maxpicturesize, picturesgalleryfee, picturesgalleryvalue, buy_now, alignment, featureditemsnumber, featuredcolumns, thimbnailswidth, thumb_show, catfeatureditemsnumber, featureditems, catthumbnailswidth, lastitemsnumber, higherbidsnumber, endingsoonnumber, boards, boardslink, wordsfilter, aboutus, aboutustext, terms, termstext, invoicing, invoicelimit, taxpercentage, invoicetheadmin, userscreditcard, defaultcountry, reservefee, reservetype, reservevalue, privatefee, privatefeevalue, privatefeetype, relisting, defaultlanguage, aboutme, pagewidth, pagewidthtype, charge_ivf, charge_ivf_auto, taxname, usignupconfirmation, sbsignupconfirmation, freecatstext, accounttype, catsorting, usersauth, background, brepeat, descriptiontag, keywordstag, maxuploadsize, contactseller, theme, catstoshow, sitemap, uniqueseller, bn_only, adultonly, winner_address, wanted, boardsmsgs"; ""; false
SELECT; "SELECT year FROM $DBPrefix accesseshistoric GROUP BY year ORDER BY year desc"; PHPAUCTIONXL_accesseshistoric; "year"; ""; false
SELECT; "SELECT * FROM $DBPrefix accesseshistoric WHERE year= $year[year] ORDER BY month DESC"; PHPAUCTIONXL_accesseshistoric; "month, year, pageviews, uniquevisitiors, usersessions"; "$year["year"]"; false
UPDATE; "UPDATE $DBPrefix settings SET newsletter= $_POST[newsletter]"; PHPAUCTIONXL_settings; "newsletter"; ""newsletter", $_POST["newsletter"]"; true
SELECT; "SELECT * FROM $DBPrefix settings"; PHPAUCTIONXL_settings; "sitename, siteurl, cookiesprefix, loginbox, newsbox, newstoshow, moneyformat, moneydecimals, moneysymbol, currency, showacceptancetext, acceptancetext, adminmail, banners, newsletter, logo, timecorrection, cron, archiveafter, datesformat, feetype, sellersetupfee, sellersetuptype, sellerfinalfee, sellerfinaltype, sellersetupvalue, sellerfinalvalue, buyerfinalfee, buyerfinaltype, buyerfinalvalue, paypaladdress, errortext, errormail, signupfee, signupvalue, picturesgallery, maxpictures, maxpicturesize, picturesgalleryfee, picturesgalleryvalue, buy_now, alignment, featureditemsnumber, featuredcolumns, thimbnailswidth, thumb_show, catfeatureditemsnumber, featureditems, catthumbnailswidth, lastitemsnumber, higherbidsnumber, endingsoonnumber, boards, boardslink, wordsfilter, aboutus, aboutustext, terms, termstext, invoicing, invoicelimit, taxpercentage, invoicetheadmin, userscreditcard, defaultcountry, reservefee, reservetype, reservevalue, privatefee, privatefeevalue, privatefeetype, relisting, defaultlanguage, aboutme, pagewidth, pagewidthtype, charge_ivf, charge_ivf_auto, taxname, usignupconfirmation, sbsignupconfirmation, freecatstext, accounttype, catsorting, usersauth, background, brepeat, descriptiontag, keywordstag, maxuploadsize, contactseller, theme, catstoshow, sitemap, uniqueseller, bn_only, adultonly, winner_address, wanted, boardsmsgs"; ""; false
INSERT; "INSERT INTO $DBPrefix news VALUES(NULL, addslashes($_POST[title][$SETTINGS[defaultlanguage]]) , addslashes($_POST[content][$SETTINGS[defaultlanguage]]) , $date , intval($_POST[suspended]) )"; NA; ""; "addslashes($_POST[title][$SETTINGS["defaultlanguage"]]), $date, intval($_POST[suspended])"; false
INSERT; "INSERT INTO $DBPrefix news_translated VALUES( $_POST[id] , $k , addslashes($_POST[title][$k]) , addslashes($_POST[content][$k]) )"; PHPAUCTIONXL_news_translated; "id, lang, title, content"; "$_POST["id"], $k, addslashes($_POST[title][$k])"; false
OTHER; "delete from $DBPrefix adminusers where id= $k"; NA; ""; ""; true
SELECT; "SELECT * FROM $DBPrefix adminusers order by username"; PHPAUCTIONXL_adminusers; "id, username, password, created, lastlogin, status"; ""; false
SELECT; "select a.id, u.nick, a.title, a.starts, a.description, c.cat_name, d.description as duration, a.suspended FROM $DBPrefix auctions a, $DBPrefix users u, $DBPrefix categories c, $DBPrefix durations d where u.id=a.user AND c.cat_id = a.category AND (a.title like % $_POST[keyword] % OR a.description like % $_POST[keyword] %) group by a.id ORDER BY nick LIMIT $offset , $limit"; PHPAUCTIONXL_categories; "aid, unick, atitle, astarts, adescription, ccatname, ddescription, duration, asuspended"; "$offset, $limit"; false
SELECT; "select a.id, u.nick, a.title, a.starts, a.description, c.cat_name, d.description as duration, a.suspended FROM $DBPrefix auctions a, $DBPrefix users u, $DBPrefix categories c, $DBPrefix durations d where u.id=a.user AND c.cat_id = a.category AND (a.title like % $_POST[keyword] % OR a.description like % $_POST[keyword] %) group by a.id ORDER BY nick LIMIT $offset , $limit"; PHPAUCTIONXL_categories; "aid, unick, atitle, astarts, adescription, ccatname, ddescription, duration, asuspended"; "$offset, $limit"; false
INSERT; "INSERT INTO $DBPrefix usersips VALUES( NULL, NOUSER, $_POST[ip] , next, deny)"; PHPAUCTIONXL_usersips; "id, user, ip, type, action"; "$_POST["ip"]"; false
OTHER; "DELETE FROM $DBPrefix usersips WHERE id= $k"; NA; ""; ""; true
UPDATE; "UPDATE $DBPrefix usersips SET action=accept WHERE id= $k"; PHPAUCTIONXL_usersips; "action"; ""; true
UPDATE; "UPDATE $DBPrefix usersips SET action=deny WHERE id= $k"; PHPAUCTIONXL_usersips; "action"; ""; true
SELECT; "SELECT * FROM $DBPrefix usersips WHERE user=NOUSER"; PHPAUCTIONXL_usersips; "id, user, ip, type, action"; ""; false
UPDATE; "update $DBPrefix settings set banners= addslashes($_POST[banners])"; PHPAUCTIONXL_settings; "banners"; "banners, addslashes($_POST[banners])"; true
SELECT; "SELECT * FROM $DBPrefix settings"; PHPAUCTIONXL_settings; "sitename, siteurl, cookiesprefix, loginbox, newsbox, newstoshow, moneyformat, moneydecimals, moneysymbol, currency, showacceptancetext, acceptancetext, adminmail, banners, newsletter, logo, timecorrection, cron, archiveafter, datesformat, feetype, sellersetupfee, sellersetuptype, sellerfinalfee, sellerfinaltype, sellersetupvalue, sellerfinalvalue, buyerfinalfee, buyerfinaltype, buyerfinalvalue, paypaladdress, errortext, errormail, signupfee, signupvalue, picturesgallery, maxpictures, maxpicturesize, picturesgalleryfee, picturesgalleryvalue, buy_now, alignment, featureditemsnumber, featuredcolumns, thimbnailswidth, thumb_show, catfeatureditemsnumber, featureditems, catthumbnailswidth, lastitemsnumber, higherbidsnumber, endingsoonnumber, boards, boardslink, wordsfilter, aboutus, aboutustext, terms, termstext, invoicing, invoicelimit, taxpercentage, invoicetheadmin, userscreditcard, defaultcountry, reservefee, reservetype, reservevalue, privatefee, privatefeevalue, privatefeetype, relisting, defaultlanguage, aboutme, pagewidth, pagewidthtype, charge_ivf, charge_ivf_auto, taxname, usignupconfirmation, sbsignupconfirmation, freecatstext, accounttype, catsorting, usersauth, background, brepeat, descriptiontag, keywordstag, maxuploadsize, contactseller, theme, catstoshow, sitemap, uniqueseller, bn_only, adultonly, winner_address, wanted, boardsmsgs"; ""; false
UPDATE; "update $DBPrefix bannerssettings SET sizetype= $_POST[sizetype] , width= intval($_POST[width]) , height= intval($_POST[height])"; PHPAUCTIONXL_bannerssettings; "sizetype, width, height"; "$_POST["sizetype"], width, intval($_POST[width]), height, intval($_POST[height])"; true
SELECT; "SELECT * FROM $DBPrefix bannerssettings"; PHPAUCTIONXL_bannerssettings; "id, sizetype, width, height"; ""; true
UPDATE; "update $DBPrefix settings set cron= $_POST[cron] , archiveafter= intval($_POST[archiveafter])"; PHPAUCTIONXL_settings; "cron, archiveafter"; "$_POST["cron"], archiveafter, intval($_POST[archiveafter])"; true
SELECT; "SELECT * FROM $DBPrefix settings"; PHPAUCTIONXL_settings; "sitename, siteurl, cookiesprefix, loginbox, newsbox, newstoshow, moneyformat, moneydecimals, moneysymbol, currency, showacceptancetext, acceptancetext, adminmail, banners, newsletter, logo, timecorrection, cron, archiveafter, datesformat, feetype, sellersetupfee, sellersetuptype, sellerfinalfee, sellerfinaltype, sellersetupvalue, sellerfinalvalue, buyerfinalfee, buyerfinaltype, buyerfinalvalue, paypaladdress, errortext, errormail, signupfee, signupvalue, picturesgallery, maxpictures, maxpicturesize, picturesgalleryfee, picturesgalleryvalue, buy_now, alignment, featureditemsnumber, featuredcolumns, thimbnailswidth, thumb_show, catfeatureditemsnumber, featureditems, catthumbnailswidth, lastitemsnumber, higherbidsnumber, endingsoonnumber, boards, boardslink, wordsfilter, aboutus, aboutustext, terms, termstext, invoicing, invoicelimit, taxpercentage, invoicetheadmin, userscreditcard, defaultcountry, reservefee, reservetype, reservevalue, privatefee, privatefeevalue, privatefeetype, relisting, defaultlanguage, aboutme, pagewidth, pagewidthtype, charge_ivf, charge_ivf_auto, taxname, usignupconfirmation, sbsignupconfirmation, freecatstext, accounttype, catsorting, usersauth, background, brepeat, descriptiontag, keywordstag, maxuploadsize, contactseller, theme, catstoshow, sitemap, uniqueseller, bn_only, adultonly, winner_address, wanted, boardsmsgs"; ""; false
UPDATE; "update $DBPrefix bidfind SET bidfind= $_POST[bidfind]"; PHPAUCTIONXL_bidfind; "bidfind"; "$_POST["bidfind"]"; true
SELECT; "SELECT * FROM $DBPrefix bidfind"; PHPAUCTIONXL_bidfind; "bidfind"; ""; true
SELECT; "SELECT id FROM $DBPrefix auctions WHERE id= $_POST[auctionid]"; PHPAUCTIONXL_auctions; "id"; ""; true
SELECT; "SELECT max(id) as id, bidder, bid FROM $DBPrefix bids WHERE auction= $_POST[auctionid] GROUP BY auction, bidder, bid ORDER BY id DESC"; PHPAUCTIONXL_bids; "id, bidder, bid"; ""; true
OTHER; "DELETE FROM $DBPrefix bids WHERE id= $max_bid_id"; NA; ""; ""; true
SELECT; "SELECT max(bid) as bid FROM $DBPrefix proxybid WHERE itemid= $_POST[auctionid] AND userid= $max_bidder"; PHPAUCTIONXL_proxybid; "bid"; "$max_bidder"; true
OTHER; "DELETE FROM $DBPrefix proxybid WHERE userid= $max_bidder AND bid= $proxybid_to_delete"; NA; ""; ""; true
UPDATE; "UPDATE $DBPrefix auctions SET current_bid = $current_bid"; PHPAUCTIONXL_auctions; "current_bid"; "$current_bid"; true
OTHER; "delete from $DBPrefix community where id= $v"; NA; ""; ""; true
OTHER; "delete from $DBPrefix comm_messages where boardid= $v"; NA; ""; ""; true
SELECT; "select * from $DBPrefix community order by name"; PHPAUCTIONXL_community; "id, name, messages, lastmessage, msgstoshow, active"; ""; false
SELECT; "SELECT year FROM $DBPrefix currentbrowsers WHERE (year<> date(Y) OR (year= date(Y) AND month<> date(m) )) GROUP BY year ORDER BY year desc"; PHPAUCTIONXL_currentbrowsers; "year"; ""; false
SELECT; "SELECT * FROM $DBPrefix currentbrowsers WHERE year= $year[year] AND month<> date(m) GROUP BY month ORDER BY month desc"; PHPAUCTIONXL_currentbrowsers; "month, year, browser, counter"; "$year[year]"; false
SELECT; "SELECT browser, counter FROM $DBPrefix currentbrowsers WHERE year= $k AND month= $t"; PHPAUCTIONXL_currentbrowsers; "browser, counter"; "$k, $t"; false
SELECT; "SELECT max(counter) as MAX, sum(counter) as TOTAL FROM $DBPrefix currentbrowsers WHERE year= $k AND month= $t"; PHPAUCTIONXL_currentbrowsers; "counter, max"; "$k, $t"; true
UPDATE; "UPDATE $DBPrefix settings SET buy_now= intval($_POST[buy_now]) , bn_only= $_POST[bn_only]"; PHPAUCTIONXL_settings; "buy_now, bn_only"; "intval($_POST["buy_now"]), $_POST["bn_only"]"; true
UPDATE; "UPDATE $DBPrefix categories SET cat_name= addslashes(htmlspecialchars($_POST[categories][$SETTINGS[defaultlanguage]][$t])) , cat_colour= $_POST[colour][$t] , feesfree= $_POST[feesfree][$t] , cat_image= $image[$t] WHERE cat_id= $t"; PHPAUCTIONXL_categories; "cat_name, cat_colour, feesfree, cat_image"; "addslashes(htmlspecialchars($_POST[categories][$SETTINGS["defaultlanguage"]][$t])), $_POST[colour][$t], $_POST["feesfree"][$t], $image[$t]"; false
SELECT; "SELECT cat_name FROM $DBPrefix cats_translated WHERE lang= $k AND cat_id= $t"; PHPAUCTIONXL_cats_translated; "catname"; "$k, $t"; false
INSERT; "INSERT INTO $DBPrefix cats_translated VALUES( $t , $k , addslashes($rebuilt_categories[$t][$k]) )"; PHPAUCTIONXL_cats_translated; "cat_id, lang, cat_name"; "$t, $k, addslashes($rebuilt_categories[$t][$k])"; false
OTHER; "delete from $DBPrefix categories where cat_id= $v"; NA; ""; ""; true
OTHER; "DELETE FROM $DBPrefix cats_translated WHERE cat_id= $v"; NA; ""; ""; true
INSERT; "insert into $DBPrefix categories (cat_id, parent_id, cat_name, deleted, sub_counter, counter, cat_colour, cat_image, feesfree) values (NULL, $parent , addslashes(htmlspecialchars($new_category)) , 0, 0, 0, $cat_colour , $cat_image , $newfeesfree )"; PHPAUCTIONXL_categories; "cat_id, parent_id, cat_name, deleted, sub_counter, counter, cat_colour, cat_image, feesfree"; "$parent, addslashes(htmlspecialchars($new_category)), $cat_colour, $cat_image, $newfeesfree"; false
SELECT; "select cat_id, cat_name, parent_id from $DBPrefix categories where cat_id= $father"; PHPAUCTIONXL_categories; "catid, catname, parentid"; "$father"; false
SELECT; "select * from $DBPrefix categories where parent_id= intval($parent) and deleted=0 order by cat_name"; PHPAUCTIONXL_categories; "cat_id, parent_id, cat_name, deleted, sub_counter, counter, cat_colour, cat_image, feesfree"; "intval($parent)"; false
SELECT; "select count(cat_id) as subcats from $DBPrefix categories where parent_id= $cat_id and deleted=0"; PHPAUCTIONXL_categories; "catid"; "$cat_id"; true
SELECT; "SELECT * FROM $DBPrefix cats_translated WHERE cat_id= $cat_id"; PHPAUCTIONXL_cats_translated; "cat_id, lang, cat_name"; "$cat_id"; false
UPDATE; "UPDATE $DBPrefix settings SET catsorting= addslashes($_POST[catsorting]) , catstoshow= addslashes($_POST[catstoshow])"; PHPAUCTIONXL_settings; "catsorting, catstoshow"; ""catsorting", addslashes($_POST["catsorting"]), "catstoshow", addslashes($_POST["catstoshow"])"; true
UPDATE; "UPDATE $DBPrefix settings SET contactseller= addslashes($_POST[contactseller])"; PHPAUCTIONXL_settings; "contactseller"; ""contactseller", addslashes($_POST["contactseller"])"; true
UPDATE; "update $DBPrefix counterstoshow SET auctions= $_POST[auctions] , users= $_POST[users] , online= $_POST[online]"; PHPAUCTIONXL_counterstoshow; "auctions, users, online"; "$_POST["auctions"], $_POST["users"], $_POST["online"]"; true
SELECT; "SELECT * FROM $DBPrefix counterstoshow"; PHPAUCTIONXL_counterstoshow; "auctions, users, online"; ""; true
OTHER; "DELETE FROM $DBPrefix countries WHERE country = $old_countries[$delete[$i]]"; NA; ""; ""; true
UPDATE; "UPDATE $DBPrefix countries SET country = $new_countries[$i] WHERE country = $old_countries[$i]"; PHPAUCTIONXL_countries; "country"; "$new_countries[$i]"; false
INSERT; "INSERT INTO $DBPrefix countries (country) VALUES ("; PHPAUCTIONXL_countries; "country"; ""; false
SELECT; "SELECT id FROM $DBPrefix users WHERE country= mysql_real_escape_string($countries[$i])"; PHPAUCTIONXL_users; "id"; "mysql_real_escape_string($countries[$i])"; true
SELECT; "SELECT id, valuta, symbol, ime FROM $DBPrefix rates ORDER BY ime"; PHPAUCTIONXL_rates; "id, valuta, symbol, ime"; ""; false
UPDATE; "update $DBPrefix settings set currency= addslashes($CURRENCIES_SYMBOLS[$_POST[defaultcurrency]]) , moneyformat= $_POST[moneyformat] , moneydecimals= intval($_POST[moneydecimals]) , moneysymbol= $_POST[moneysymbol]"; PHPAUCTIONXL_settings; "currency, moneyformat, moneydecimals, moneysymbol"; "addslashes($CURRENCIES_SYMBOLS[$_POST[defaultcurrency]]), "moneyformat", $_POST["moneyformat"], moneydecimals, intval($_POST[moneydecimals]), "moneysymbol", $_POST["moneysymbol"]"; false
OTHER; "DELETE FROM $DBPrefix currencies"; NA; ""; ""; true
INSERT; "INSERT INTO $DBPrefix currencies VALUES (NULL, $v )"; PHPAUCTIONXL_currencies; "id, currency"; "$v"; false
SELECT; "SELECT * FROM $DBPrefix settings"; PHPAUCTIONXL_settings; "sitename, siteurl, cookiesprefix, loginbox, newsbox, newstoshow, moneyformat, moneydecimals, moneysymbol, currency, showacceptancetext, acceptancetext, adminmail, banners, newsletter, logo, timecorrection, cron, archiveafter, datesformat, feetype, sellersetupfee, sellersetuptype, sellerfinalfee, sellerfinaltype, sellersetupvalue, sellerfinalvalue, buyerfinalfee, buyerfinaltype, buyerfinalvalue, paypaladdress, errortext, errormail, signupfee, signupvalue, picturesgallery, maxpictures, maxpicturesize, picturesgalleryfee, picturesgalleryvalue, buy_now, alignment, featureditemsnumber, featuredcolumns, thimbnailswidth, thumb_show, catfeatureditemsnumber, featureditems, catthumbnailswidth, lastitemsnumber, higherbidsnumber, endingsoonnumber, boards, boardslink, wordsfilter, aboutus, aboutustext, terms, termstext, invoicing, invoicelimit, taxpercentage, invoicetheadmin, userscreditcard, defaultcountry, reservefee, reservetype, reservevalue, privatefee, privatefeevalue, privatefeetype, relisting, defaultlanguage, aboutme, pagewidth, pagewidthtype, charge_ivf, charge_ivf_auto, taxname, usignupconfirmation, sbsignupconfirmation, freecatstext, accounttype, catsorting, usersauth, background, brepeat, descriptiontag, keywordstag, maxuploadsize, contactseller, theme, catstoshow, sitemap, uniqueseller, bn_only, adultonly, winner_address, wanted, boardsmsgs"; ""; false
SELECT; "SELECT * FROM $DBPrefix currencies"; PHPAUCTIONXL_currencies; "id, currency"; ""; false
UPDATE; "update $DBPrefix settings set datesformat= $_POST[datesformat]"; PHPAUCTIONXL_settings; "datesformat"; ""datesformat", $_POST["datesformat"]"; true
SELECT; "SELECT * FROM $DBPrefix settings"; PHPAUCTIONXL_settings; "sitename, siteurl, cookiesprefix, loginbox, newsbox, newstoshow, moneyformat, moneydecimals, moneysymbol, currency, showacceptancetext, acceptancetext, adminmail, banners, newsletter, logo, timecorrection, cron, archiveafter, datesformat, feetype, sellersetupfee, sellersetuptype, sellerfinalfee, sellerfinaltype, sellersetupvalue, sellerfinalvalue, buyerfinalfee, buyerfinaltype, buyerfinalvalue, paypaladdress, errortext, errormail, signupfee, signupvalue, picturesgallery, maxpictures, maxpicturesize, picturesgalleryfee, picturesgalleryvalue, buy_now, alignment, featureditemsnumber, featuredcolumns, thimbnailswidth, thumb_show, catfeatureditemsnumber, featureditems, catthumbnailswidth, lastitemsnumber, higherbidsnumber, endingsoonnumber, boards, boardslink, wordsfilter, aboutus, aboutustext, terms, termstext, invoicing, invoicelimit, taxpercentage, invoicetheadmin, userscreditcard, defaultcountry, reservefee, reservetype, reservevalue, privatefee, privatefeevalue, privatefeetype, relisting, defaultlanguage, aboutme, pagewidth, pagewidthtype, charge_ivf, charge_ivf_auto, taxname, usignupconfirmation, sbsignupconfirmation, freecatstext, accounttype, catsorting, usersauth, background, brepeat, descriptiontag, keywordstag, maxuploadsize, contactseller, theme, catstoshow, sitemap, uniqueseller, bn_only, adultonly, winner_address, wanted, boardsmsgs"; ""; false
UPDATE; "update $DBPrefix settings set defaultcountry= $_POST[country]"; PHPAUCTIONXL_settings; "defaultcountry"; "$_POST["country"]"; false
SELECT; "SELECT defaultcountry FROM $DBPrefix settings"; PHPAUCTIONXL_settings; "defaultcountry"; ""; false
SELECT; "select category, photo_uploaded, pict_url from $DBPrefix auctions where id= $_POST[id]"; PHPAUCTIONXL_auctions; "category, photouploaded, picturl"; ""; false
OTHER; "delete from $DBPrefix auctions WHERE id= $_POST[id]"; NA; ""; ""; true
UPDATE; "update $DBPrefix counters set auctions=(auctions-1)"; PHPAUCTIONXL_counters; "auctions"; ""; true
SELECT; "SELECT count(auction) as BIDS from $DBPrefix bids WHERE auction= $_POST[id]"; PHPAUCTIONXL_bids; "auction"; ""; true
OTHER; "delete from $DBPrefix bids WHERE auction= $_POST[id]"; NA; ""; ""; true
OTHER; "delete from $DBPrefix proxybid WHERE itemid= $_POST[id]"; NA; ""; ""; true
OTHER; "DELETE $DBPrefix auccounter where auction_id= $_POST[id]"; NA; ""; ""; true
UPDATE; "update $DBPrefix bids set bids=(bids- $BIDS )"; NA; ""; "$BIDS"; false
SELECT; "SELECT * FROM $DBPrefix categories WHERE cat_id= $cat_id"; PHPAUCTIONXL_categories; "cat_id, parent_id, cat_name, deleted, sub_counter, counter, cat_colour, cat_image, feesfree"; "$cat_id"; false
UPDATE; "UPDATE $DBPrefix categories SET counter= $R_counter , sub_counter= $R_sub_counter WHERE cat_id= $cat_id"; PHPAUCTIONXL_categories; "counter, sub_counter"; "$R_counter, $R_sub_counter"; true
SELECT; "select a.id, u.nick, a.title, a.starts, a.description, c.cat_name, d.description as duration, a.suspended, a.current_bid, a.quantity, a.reserve_price, a.location from $DBPrefix auctions a, $DBPrefix users u, $DBPrefix categories c, $DBPrefix durations d where u.id = a.user and c.cat_id = a.category and d.days = a.duration and a.id= $_GET[id]"; PHPAUCTIONXL_categories; "aid, unick, atitle, astarts, adescription, ccatname, ddescription, duration, asuspended, acurrentbid, aquantity, areserveprice, alocation"; ""; false
OTHER; "DELETE FROM $DBPrefix banners WHERE id= $banner"; NA; ""; ""; true
OTHER; "DELETE FROM $DBPrefix bannerscategories WHERE banner= $banner"; NA; ""; ""; true
OTHER; "DELETE FROM $DBPrefix bannerskeywords WHERE banner= $banner"; NA; ""; ""; true
SELECT; "select category, photo_uploaded, pict_url from $DBPrefix auctions where id= $id"; PHPAUCTIONXL_auctions; "category, photouploaded, picturl"; "$id"; false
OTHER; "delete from $DBPrefix auctions WHERE id= $id"; NA; ""; ""; true
UPDATE; "update $DBPrefix counters set auctions=(auctions-1)"; PHPAUCTIONXL_counters; "auctions"; ""; true
SELECT; "SELECT count(auction) as BIDS from $DBPrefix bids WHERE auction= $id"; PHPAUCTIONXL_bids; "auction"; "$id"; true
OTHER; "delete from $DBPrefix bids WHERE auction= $id"; NA; ""; ""; true
OTHER; "delete from $DBPrefix proxybid WHERE itemid= $id"; NA; ""; ""; true
UPDATE; "update $DBPrefix bids set bids=(bids- $BIDS )"; NA; ""; "$BIDS"; false
SELECT; "SELECT * FROM $DBPrefix categories WHERE cat_id= $cat_id"; PHPAUCTIONXL_categories; "cat_id, parent_id, cat_name, deleted, sub_counter, counter, cat_colour, cat_image, feesfree"; "$cat_id"; false
UPDATE; "UPDATE $DBPrefix categories SET counter= $R_counter , sub_counter= $R_sub_counter WHERE cat_id= $cat_id"; PHPAUCTIONXL_categories; "counter, sub_counter"; "$R_counter, $R_sub_counter"; true
SELECT; "select a.id, u.nick, a.title, a.starts, a.description, c.cat_name, d.description as duration, a.suspended, a.current_bid, a.quantity, a.reserve_price, a.location from $DBPrefix auctions a, $DBPrefix users u, $DBPrefix categories c, $DBPrefix durations d where u.id = a.user and c.cat_id = a.category and d.days = a.duration and a.id= $id"; PHPAUCTIONXL_categories; "aid, unick, atitle, astarts, adescription, ccatname, ddescription, duration, asuspended, acurrentbid, aquantity, areserveprice, alocation"; "$id"; false
OTHER; "DELETE FROM $DBPrefix news WHERE id= $_POST[id]"; NA; ""; ""; true
SELECT; "SELECT * FROM $DBPrefix news WHERE id= $_GET[id]"; PHPAUCTIONXL_news; "id, title, content, new_date, suspended"; ""; false
SELECT; "select * from $DBPrefix auctions where user= $id"; PHPAUCTIONXL_auctions; "id, user, title, starts, description, pict_url, category, minimum_bid, reserve_price, buy_now, auction_type, duration, increment, location, location_zip, shipping, payment, international, ends, current_bid, closed, photo_uploaded, quantity, suspended, private, relist, relisted, num_bids, sold, shipping_terms, bn_only, adultonly"; "$id"; false
SELECT; "select * from $DBPrefix bids where bidder= $id"; PHPAUCTIONXL_bids; "id, auction, bidder, bid, bidwhen, quantity"; "$id"; false
SELECT; "select suspended from $DBPrefix users where id= $id"; PHPAUCTIONXL_users; "suspended"; "$id"; true
OTHER; "delete from $DBPrefix users WHERE id= $id"; NA; ""; ""; true
SELECT; "select * FROM $DBPrefix bids WHERE bidder= $id"; PHPAUCTIONXL_bids; "id, auction, bidder, bid, bidwhen, quantity"; "$id"; false
OTHER; "delete from $DBPrefix bids WHERE bidder= $id"; NA; ""; ""; true
SELECT; "select * FROM $DBPrefix auctions WHERE user= $id"; PHPAUCTIONXL_auctions; "id, user, title, starts, description, pict_url, category, minimum_bid, reserve_price, buy_now, auction_type, duration, increment, location, location_zip, shipping, payment, international, ends, current_bid, closed, photo_uploaded, quantity, suspended, private, relist, relisted, num_bids, sold, shipping_terms, bn_only, adultonly"; "$id"; false
SELECT; "SELECT * FROM $DBPrefix categories WHERE cat_id= $cat_id"; PHPAUCTIONXL_categories; "cat_id, parent_id, cat_name, deleted, sub_counter, counter, cat_colour, cat_image, feesfree"; "$cat_id"; false
UPDATE; "UPDATE $DBPrefix categories SET counter= $R_counter , sub_counter= $R_sub_counter WHERE cat_id= $cat_id"; PHPAUCTIONXL_categories; "counter, sub_counter"; "$R_counter, $R_sub_counter"; true
OTHER; "delete from $DBPrefix auctions WHERE user= $id"; NA; ""; ""; true
UPDATE; "update $DBPrefix counters set users=(users-1), bids=(bids- $bid_decrem ), auctions=(auctions- $auction_decrem )"; PHPAUCTIONXL_counters; "users, bids, auctions"; "$bid_decrem, $auction_decrem"; true
UPDATE; "update $DBPrefix counters set users=(users-1), inactiveusers=(inactiveusers-1), bids=(bids- $bid_decrem ), auctions=(auctions- $auction_decrem )"; PHPAUCTIONXL_counters; "users, inactiveusers, bids, auctions"; "$bid_decrem, $auction_decrem"; true
OTHER; "delete from $DBPrefix users WHERE id= $id"; NA; ""; ""; true
OTHER; "delete from $DBPrefix auctions WHERE user= $id"; NA; ""; ""; true
UPDATE; "update $DBPrefix counters set users=(users-1)"; PHPAUCTIONXL_counters; "users"; ""; true
UPDATE; "update $DBPrefix counters set inactiveusers=(inactiveusers-1)"; PHPAUCTIONXL_counters; "inactiveusers"; ""; true
SELECT; "select * from $DBPrefix users where id= intval($id)"; PHPAUCTIONXL_users; "id, nick, password, name, address, city, prov, country, zip, phone, email, reg_date, rate_sum, rate_num, birthdate, suspended, nletter, balance, auc_watch, item_watch, creditcard, exp_month, exp_year, card_owner, card_zip, accounttype, endemailmode, startemailmode, trusted, lastlogin, payment_details"; "intval($id)"; false
SELECT; "SELECT rated_user_id FROM $DBPrefix feedbacks WHERE id= $id"; PHPAUCTIONXL_feedbacks; "rateduserid"; "$id"; true
OTHER; "DELETE FROM $DBPrefix feedbacks WHERE id= $id"; NA; ""; ""; true
SELECT; "SELECT SUM(rate) as FSUM, count(feedback) as FNUM FROM $DBPrefix feedbacks WHERE rated_user_id= $user"; PHPAUCTIONXL_feedbacks; "rate, fsum, feedback"; "$user"; true
UPDATE; "UPDATE $DBPrefix users SET rate_sum= $SUM , rate_num= $NUM , reg_date=reg_date WHERE id= $user"; NA; ""; "$SUM, $NUM"; false
SELECT; "SELECT year FROM $DBPrefix currentdomains WHERE (year<> date(Y) OR (year= date(Y) AND month<> date(m) )) GROUP BY year ORDER BY year desc"; PHPAUCTIONXL_currentdomains; "year"; ""; false
SELECT; "SELECT * FROM $DBPrefix currentdomains WHERE year= $year[year] AND month<> date(m) GROUP BY month ORDER BY month desc"; PHPAUCTIONXL_currentdomains; "month, year, domain, counter"; "$year[year]"; false
SELECT; "SELECT domain, counter FROM $DBPrefix currentdomains WHERE year= $k AND month= $t"; PHPAUCTIONXL_currentdomains; "domain, counter"; "$k, $t"; false
SELECT; "SELECT max(counter) as MAX, sum(counter) as TOTAL FROM $DBPrefix currentdomains WHERE year= $k AND month= $t"; PHPAUCTIONXL_currentdomains; "counter, max"; "$k, $t"; true
OTHER; "delete from $DBPrefix durations"; NA; ""; ""; true
INSERT; "insert into $DBPrefix durations values( $rebuilt_days[$i] , $rebuilt_durations[$i] )"; PHPAUCTIONXL_durations; "days, description"; "$rebuilt_days[$i], $rebuilt_durations[$i]"; false
SELECT; "select * from $DBPrefix durations order by days"; PHPAUCTIONXL_durations; "days, description"; ""; false
UPDATE; "update $DBPrefix adminusers set"; PHPAUCTIONXL_adminusers; ""; ""; true
SELECT; "SELECT * FROM $DBPrefix adminusers where id= $id"; PHPAUCTIONXL_adminusers; "id, username, password, created, lastlogin, status"; "$id"; false
SELECT; "SELECT * from $DBPrefix auctions where id= $_POST[id]"; PHPAUCTIONXL_auctions; "id, user, title, starts, description, pict_url, category, minimum_bid, reserve_price, buy_now, auction_type, duration, increment, location, location_zip, shipping, payment, international, ends, current_bid, closed, photo_uploaded, quantity, suspended, private, relist, relisted, num_bids, sold, shipping_terms, bn_only, adultonly"; ""; false
SELECT; "SELECT * FROM $DBPrefix categories WHERE cat_id= $ct"; PHPAUCTIONXL_categories; "cat_id, parent_id, cat_name, deleted, sub_counter, counter, cat_colour, cat_image, feesfree"; "$ct"; false
UPDATE; "UPDATE $DBPrefix categories SET counter= $counter , sub_counter= $subcoun WHERE cat_id= $ct"; PHPAUCTIONXL_categories; "counter, sub_counter"; "$counter, $subcoun"; true
SELECT; "SELECT * FROM $DBPrefix categories WHERE cat_id= $parent_id"; PHPAUCTIONXL_categories; "cat_id, parent_id, cat_name, deleted, sub_counter, counter, cat_colour, cat_image, feesfree"; "$parent_id"; false
UPDATE; "UPDATE $DBPrefix categories SET sub_counter= $subcoun WHERE cat_id= $parent_id"; PHPAUCTIONXL_categories; "sub_counter"; "$subcoun"; true
SELECT; "SELECT * FROM $DBPrefix categories WHERE cat_id= $cta"; PHPAUCTIONXL_categories; "cat_id, parent_id, cat_name, deleted, sub_counter, counter, cat_colour, cat_image, feesfree"; "$cta"; false
UPDATE; "UPDATE $DBPrefix categories SET counter= $counter , sub_counter= $subcoun WHERE cat_id= $cta"; PHPAUCTIONXL_categories; "counter, sub_counter"; "$counter, $subcoun"; true
SELECT; "SELECT * FROM $DBPrefix categories WHERE cat_id= $parent_id"; PHPAUCTIONXL_categories; "cat_id, parent_id, cat_name, deleted, sub_counter, counter, cat_colour, cat_image, feesfree"; "$parent_id"; false
UPDATE; "UPDATE $DBPrefix categories SET sub_counter= $subcoun WHERE cat_id= $parent_id"; PHPAUCTIONXL_categories; "sub_counter"; "$subcoun"; true
UPDATE; "UPDATE $DBPrefix auctions SET title= AddSlashes($_POST[title]) , user= AddSlashes($_POST[userid]) , starts= AddSlashes($date) , ends= AddSlashes($a_ends) , duration= AddSlashes($_POST[duration]) , category= AddSlashes($_POST[category]) , description= AddSlashes($_POST[description]) , current_bid= AddSlashes($_POST[current_bid]) , location= AddSlashes($_POST[country]) , quantity= AddSlashes($_POST[quantity]) , minimum_bid= AddSlashes($_POST[min_bid]) , buy_now= AddSlashes($_POST[buy_now]) , reserve_price= AddSlashes($_POST[reserve_price]) WHERE id= AddSlashes($_POST[id])"; PHPAUCTIONXL_auctions; "title, user, starts, ends, duration, category, description, current_bid, location, quantity, minimum_bid, buy_now, reserve_price"; "AddSlashes($_POST["title"]), AddSlashes($_POST["userid"]), AddSlashes($date), AddSlashes($a_ends), AddSlashes($_POST["duration"]), AddSlashes($_POST["category"]), "description", AddSlashes($_POST["description"]), "current_bid", AddSlashes($_POST["current_bid"]), AddSlashes($_POST["country"]), AddSlashes($_POST["quantity"]), AddSlashes($_POST["min_bid"]), AddSlashes($_POST["buy_now"]), "reserve_price", AddSlashes($_POST["reserve_price"])"; false
SELECT; "select id, nick from $DBPrefix users"; PHPAUCTIONXL_users; "id, nick"; ""; false
SELECT; "select days, description from $DBPrefix durations"; PHPAUCTIONXL_durations; "days, description"; ""; false
SELECT; "SELECT a.id, a.user as nick , u.nick as nick_description, a.title, a.starts, a.description, a.category, c.cat_name, a.duration as duration, d.description as dur_description, a.suspended, a.current_bid, a.quantity, a.reserve_price, a.buy_now, a.location, a.minimum_bid FROM $DBPrefix auctions a, $DBPrefix users u, $DBPrefix categories c, $DBPrefix durations d WHERE u.id = a.user AND c.cat_id = a.category AND d.days = a.duration AND a.id= $_REQUEST[id]"; PHPAUCTIONXL_categories; "aid, auser, nick, , unick, nickdescription, atitle, astarts, adescription, acategory, ccatname, aduration, duration, ddescription, durdescription, asuspended, acurrentbid, aquantity, areserveprice, abuynow, alocation, aminimumbid"; ""; false
SELECT; "select id, nick from $DBPrefix users"; PHPAUCTIONXL_users; "id, nick"; ""; false
SELECT; "select days, description from $DBPrefix durations"; PHPAUCTIONXL_durations; "days, description"; ""; false
SELECT; "SELECT * FROM $DBPrefix categories_plain"; PHPAUCTIONXL_categories_plain; "id, cat_id, cat_name"; ""; false
UPDATE; "UPDATE $DBPrefix banners SET name= addslashes($_FILES[bannerfile][name]) , type= $FILETYPE , width= $WIDTH , height= $HEIGHT , url= $_POST[url] , sponsortext= $_POST[sponsortext] , alt= $_POST[alt] , purchased= intval($_POST[purchased]) WHERE id= $_POST[banner]"; PHPAUCTIONXL_banners; "name, type, width, height, url, sponsortext, alt, purchased"; "addslashes($_FILES[bannerfile][name]), $FILETYPE, $WIDTH, $HEIGHT, $_POST["url"], "sponsortext", $_POST["sponsortext"], $_POST["alt"], purchased, intval($_POST[purchased])"; false
UPDATE; "UPDATE $DBPrefix banners SET url= $_POST[url] , sponsortext= $_POST[sponsortext] , alt= $_POST[alt] , purchased= intval($_POST[purchased]) WHERE id= $_POST[banner]"; PHPAUCTIONXL_banners; "url, sponsortext, alt, purchased"; "$_POST["url"], "sponsortext", $_POST["sponsortext"], $_POST["alt"], purchased, intval($_POST[purchased])"; false
OTHER; "DELETE FROM $DBPrefix bannerscategories WHERE banner= $ID"; NA; ""; ""; true
OTHER; "DELETE FROM $DBPrefix bannerskeywords WHERE banner= $ID"; NA; ""; ""; true
INSERT; "INSERT INTO $DBPrefix bannerscategories VALUES ( $ID , $v )"; PHPAUCTIONXL_bannerscategories; "banner, category"; "$ID, $v"; true
INSERT; "INSERT INTO $DBPrefix bannerskeywords VALUES ( $ID , chop($v) )"; PHPAUCTIONXL_bannerskeywords; "banner, keyword"; "$ID, chop($v)"; false
SELECT; "SELECT * FROM $DBPrefix banners WHERE id= $banner"; PHPAUCTIONXL_banners; "id, name, type, views, clicks, url, sponsortext, alt, purchased, width, height, user"; "$banner"; false
SELECT; "SELECT * FROM $DBPrefix bannersusers WHERE id= $BANNER[user] ;"; PHPAUCTIONXL_bannersusers; "id, name, company, email"; ""; false
SELECT; "SELECT * FROM $DBPrefix bannerscategories WHERE banner= $BANNER[id]"; PHPAUCTIONXL_bannerscategories; "banner, category"; ""; true
SELECT; "SELECT * FROM $DBPrefix bannerskeywords WHERE banner= $BANNER[id]"; PHPAUCTIONXL_bannerskeywords; "banner, keyword"; ""; false
SELECT; "SELECT * FROM $DBPrefix categories_plain"; PHPAUCTIONXL_categories_plain; "id, cat_id, cat_name"; ""; false
UPDATE; "UPDATE $DBPrefix bannersusers SET name= addslashes($_POST[name]) , company= addslashes($_POST[company]) , email= $_POST[email] WHERE id= $id"; PHPAUCTIONXL_bannersusers; "name, company, email"; "addslashes($_POST[name]), company, addslashes($_POST[company]), $_POST["email"]"; false
SELECT; "SELECT * FROM $DBPrefix bannersusers WHERE id= $id"; PHPAUCTIONXL_bannersusers; "id, name, company, email"; "$id"; false
UPDATE; "UPDATE $DBPrefix faqs SET category= $_POST[category] , question= addslashes($_POST[question][$SETTINGS[defaultlanguage]]) , answer= addslashes($_POST[answer][$SETTINGS[defaultlanguage]]) where id= $_POST[id]"; NA; ""; "$_POST["category"], addslashes($_POST["question"][$SETTINGS["defaultlanguage"]])"; false
SELECT; "SELECT question FROM $DBPrefix faqs_translated WHERE lang= $k AND id= $_POST[id]"; PHPAUCTIONXL_faqs_translated; "question"; "$k"; false
INSERT; "INSERT INTO $DBPrefix faqs_translated VALUES( $_POST[id] , $k , addslashes($_POST[question][$k]) , addslashes($_POST[answer][$k]) )"; PHPAUCTIONXL_faqs_translated; "id, lang, question, answer"; "$_POST["id"], $k, addslashes($_POST["question"][$k]), addslashes($_POST["answer"][$k])"; false
SELECT; "SELECT * FROM $DBPrefix faqs WHERE id= $_GET[id]"; PHPAUCTIONXL_faqs; "id, question, answer, category"; ""; false
SELECT; "SELECT * FROM $DBPrefix faqscategories ORDER BY category"; PHPAUCTIONXL_faqscategories; "id, category"; ""; false
SELECT; "SELECT * FROM $DBPrefix faqs_translated WHERE id= $_GET[id]"; PHPAUCTIONXL_faqs_translated; "id, lang, question, answer"; ""; false
UPDATE; "UPDATE $DBPrefix faqscategories SET category= addslashes($_POST[category][$SETTINGS[defaultlanguage]]) where id= $_POST[id]"; PHPAUCTIONXL_faqscategories; "category"; "category, addslashes($_POST[category][$SETTINGS["defaultlanguage"]])"; false
SELECT; "SELECT category FROM $DBPrefix faqscat_translated WHERE lang= $k AND id= $id"; PHPAUCTIONXL_faqscat_translated; "category"; "$k, $id"; false
INSERT; "INSERT INTO $DBPrefix faqscat_translated VALUES( $_POST[id] , $k , addslashes($_POST[category][$k]) )"; PHPAUCTIONXL_faqscat_translated; "id, lang, category"; "$_POST["id"], $k, addslashes($_POST[category][$k])"; false
SELECT; "select * from $DBPrefix faqscategories where id= $_REQUEST[id]"; PHPAUCTIONXL_faqscategories; "id, category"; ""; false
SELECT; "SELECT * FROM $DBPrefix faqscat_translated WHERE id= $_GET[id]"; PHPAUCTIONXL_faqscat_translated; "id, lang, category"; ""; false
UPDATE; "UPDATE $DBPrefix news SET title= addslashes($_POST[title][$SETTINGS[defaultlanguage]]) , content= addslashes($_POST[content][$SETTINGS[defaultlanguage]]) , new_date= $date , suspended= intval($_POST[suspended]) WHERE id= $_POST[id]"; NA; ""; "addslashes($_POST["title"][$SETTINGS["defaultlanguage"]]), $date, "suspended", intval($_POST["suspended"])"; false
SELECT; "SELECT title FROM $DBPrefix news_translated WHERE lang= $k AND id= $_POST[id]"; PHPAUCTIONXL_news_translated; "title"; "$k"; false
INSERT; "INSERT INTO $DBPrefix news_translated VALUES( $_POST[id] , $k , addslashes($_POST[title][$k]) , addslashes($_POST[content][$k]) )"; PHPAUCTIONXL_news_translated; "id, lang, title, content"; "$_POST["id"], $k, addslashes($_POST["title"][$k])"; false
SELECT; "SELECT * FROM $DBPrefix news WHERE id= $_GET[id]"; PHPAUCTIONXL_news; "id, title, content, new_date, suspended"; ""; false
SELECT; "SELECT * FROM $DBPrefix news_translated WHERE id= $_GET[id]"; PHPAUCTIONXL_news_translated; "id, lang, title, content"; ""; false
SELECT; "SELECT * FROM $DBPrefix usersettings"; PHPAUCTIONXL_usersettings; "discount, banemail, requested_fields, mandatory_fields"; ""; false
OTHER; ", reg_date=reg_date WHERE id= AddSlashes($userid)"; NA; ""; ""; true
SELECT; "select * from $DBPrefix users where id= $userid"; PHPAUCTIONXL_users; "id, nick, password, name, address, city, prov, country, zip, phone, email, reg_date, rate_sum, rate_num, birthdate, suspended, nletter, balance, auc_watch, item_watch, creditcard, exp_month, exp_year, card_owner, card_zip, accounttype, endemailmode, startemailmode, trusted, lastlogin, payment_details"; "$userid"; false
UPDATE; "UPDATE $DBPrefix feedbacks SET rate= $_POST[aTPL_rate] , feedback= $_POST[TPL_feedback] , feedbackdate=feedbackdate WHERE id= $_POST[id]"; PHPAUCTIONXL_feedbacks; "rate, feedback, feedbackdate"; "$_POST["aTPL_rate"], $_POST["TPL_feedback"]"; false
SELECT; "SELECT SUM(rate) as FSUM, count(feedback) as FNUM FROM $DBPrefix feedbacks WHERE rated_user_id= $_POST[user]"; PHPAUCTIONXL_feedbacks; "rate, fsum, feedback"; ""; true
UPDATE; "UPDATE $DBPrefix users SET rate_sum= $SUM , rate_num= $NUM , reg_date=reg_date WHERE id= $_POST[user]"; NA; ""; "$SUM, $NUM"; false
SELECT; "SELECT * FROM $DBPrefix feedbacks WHERE id= $_REQUEST[id] ORDER by feedbackdate DESC"; PHPAUCTIONXL_feedbacks; "id, rated_user_id, rater_user_nick, feedback, rate, feedbackdate, auction_id"; ""; false
SELECT; "SELECT nick FROM $DBPrefix users WHERE id= $user"; PHPAUCTIONXL_users; "nick"; "$user"; false
UPDATE; "update $DBPrefix settings set errortext= addslashes($_POST[errortext]) , errormail= $_POST[errormail]"; PHPAUCTIONXL_settings; "errortext, errormail"; ""errortext", addslashes($_POST["errortext"]), "errormail", $_POST["errormail"]"; false
SELECT; "SELECT * FROM $DBPrefix settings"; PHPAUCTIONXL_settings; "sitename, siteurl, cookiesprefix, loginbox, newsbox, newstoshow, moneyformat, moneydecimals, moneysymbol, currency, showacceptancetext, acceptancetext, adminmail, banners, newsletter, logo, timecorrection, cron, archiveafter, datesformat, feetype, sellersetupfee, sellersetuptype, sellerfinalfee, sellerfinaltype, sellersetupvalue, sellerfinalvalue, buyerfinalfee, buyerfinaltype, buyerfinalvalue, paypaladdress, errortext, errormail, signupfee, signupvalue, picturesgallery, maxpictures, maxpicturesize, picturesgalleryfee, picturesgalleryvalue, buy_now, alignment, featureditemsnumber, featuredcolumns, thimbnailswidth, thumb_show, catfeatureditemsnumber, featureditems, catthumbnailswidth, lastitemsnumber, higherbidsnumber, endingsoonnumber, boards, boardslink, wordsfilter, aboutus, aboutustext, terms, termstext, invoicing, invoicelimit, taxpercentage, invoicetheadmin, userscreditcard, defaultcountry, reservefee, reservetype, reservevalue, privatefee, privatefeevalue, privatefeetype, relisting, defaultlanguage, aboutme, pagewidth, pagewidthtype, charge_ivf, charge_ivf_auto, taxname, usignupconfirmation, sbsignupconfirmation, freecatstext, accounttype, catsorting, usersauth, background, brepeat, descriptiontag, keywordstag, maxuploadsize, contactseller, theme, catstoshow, sitemap, uniqueseller, bn_only, adultonly, winner_address, wanted, boardsmsgs"; ""; false
UPDATE; "UPDATE $DBPrefix counters SET suspendedauction=(suspendedauction-1), closedauctions=(closedauctions+1)"; PHPAUCTIONXL_counters; "suspendedauction, closedauctions"; ""; true
UPDATE; "UPDATE $DBPrefix counters SET suspendedauction=(suspendedauction-1), auctions=(auctions+1)"; PHPAUCTIONXL_counters; "suspendedauction, auctions"; ""; true
SELECT; "select category from $DBPrefix auctions where id= $id"; PHPAUCTIONXL_auctions; "category"; "$id"; true
SELECT; "SELECT * FROM $DBPrefix categories WHERE cat_id= $cat_id"; PHPAUCTIONXL_categories; "cat_id, parent_id, cat_name, deleted, sub_counter, counter, cat_colour, cat_image, feesfree"; "$cat_id"; false
UPDATE; "UPDATE $DBPrefix categories SET counter= $R_counter , sub_counter= $R_sub_counter WHERE cat_id= $cat_id"; PHPAUCTIONXL_categories; "counter, sub_counter"; "$R_counter, $R_sub_counter"; true
UPDATE; "UPDATE $DBPrefix counters SET suspendedauction=(suspendedauction+1), closedauctions=(closedauctions-1)"; PHPAUCTIONXL_counters; "suspendedauction, closedauctions"; ""; true
UPDATE; "UPDATE $DBPrefix counters SET suspendedauction=(suspendedauction+1), auctions=(auctions-1)"; PHPAUCTIONXL_counters; "suspendedauction, auctions"; ""; true
SELECT; "select category from $DBPrefix auctions where id= $id"; PHPAUCTIONXL_auctions; "category"; "$id"; true
SELECT; "SELECT * FROM $DBPrefix categories WHERE cat_id= $cat_id"; PHPAUCTIONXL_categories; "cat_id, parent_id, cat_name, deleted, sub_counter, counter, cat_colour, cat_image, feesfree"; "$cat_id"; false
UPDATE; "UPDATE $DBPrefix categories SET counter= $R_counter , sub_counter= $R_sub_counter WHERE cat_id= $cat_id"; PHPAUCTIONXL_categories; "counter, sub_counter"; "$R_counter, $R_sub_counter"; true
UPDATE; "update $DBPrefix auctions set suspended=1 WHERE id= $id"; PHPAUCTIONXL_auctions; "suspended"; ""; true
SELECT; "select a.id, u.nick, a.title, a.starts, a.description, c.cat_name, d.description as duration, a.suspended, a.current_bid, a.quantity, a.reserve_price, a.location, a.minimum_bid from $DBPrefix auctions a, $DBPrefix users u, $DBPrefix categories c, $DBPrefix durations d where u.id = a.user and c.cat_id = a.category and d.days = a.duration and a.id= $id"; PHPAUCTIONXL_categories; "aid, unick, atitle, astarts, adescription, ccatname, ddescription, duration, asuspended, acurrentbid, aquantity, areserveprice, alocation, aminimumbid"; "$id"; false
UPDATE; "UPDATE $DBPrefix counters SET inactiveusers=(inactiveusers-1), users=(users+1)"; PHPAUCTIONXL_counters; "inactiveusers, users"; ""; true
UPDATE; "UPDATE $DBPrefix counters SET inactiveusers=(inactiveusers+1), users=(users-1)"; PHPAUCTIONXL_counters; "inactiveusers, users"; ""; true
UPDATE; "update $DBPrefix users set suspended=1, reg_date=reg_date WHERE id= $_POST[idhidden]"; NA; ""; ""; false
SELECT; "select * from $DBPrefix users where id= $_GET[id]"; PHPAUCTIONXL_users; "id, nick, password, name, address, city, prov, country, zip, phone, email, reg_date, rate_sum, rate_num, birthdate, suspended, nletter, balance, auc_watch, item_watch, creditcard, exp_month, exp_year, card_owner, card_zip, accounttype, endemailmode, startemailmode, trusted, lastlogin, payment_details"; ""; false
UPDATE; "update $DBPrefix auctionextension SET status= $_POST[status] , timebefore= intval($_POST[timebefore]) , extend= intval($_POST[extend])"; PHPAUCTIONXL_auctionextension; "status, timebefore, extend"; "$_POST["status"], "timebefore", intval($_POST["timebefore"]), intval($_POST["extend"])"; true
SELECT; "SELECT * FROM $DBPrefix auctionextension"; PHPAUCTIONXL_auctionextension; "status, timebefore, extend"; ""; true
OTHER; "delete from $DBPrefix faqs where id= $k"; NA; ""; ""; true
OTHER; "DELETE FROM $DBPrefix faqs_translated WHERE id= $k"; NA; ""; ""; true
UPDATE; "UPDATE $DBPrefix settings set title= addslashes($_POST[title]) , name = addslashes($_POST[name])"; PHPAUCTIONXL_settings; "theme, taxname"; "addslashes($_POST["title"]), addslashes($_POST["name"])"; false
SELECT; "select * from $DBPrefix faqscategories"; PHPAUCTIONXL_faqscategories; "id, category"; ""; false
SELECT; "select * from $DBPrefix faqs where category= $cat[id]"; PHPAUCTIONXL_faqs; "id, question, answer, category"; ""; false
INSERT; "insert into $DBPrefix faqscategories values(NULL, addslashes($_POST[cat_name][$SETTINGS[defaultlanguage]]) )"; PHPAUCTIONXL_faqscategories; "id, category"; "addslashes($_POST[cat_name][$SETTINGS["defaultlanguage"]])"; false
INSERT; "INSERT INTO $DBPrefix faqscat_translated VALUES( $id , $k , addslashes($_POST[cat_name][$k]) )"; PHPAUCTIONXL_faqscat_translated; "id, lang, category"; "$id, $k, addslashes($_POST["cat_name"][$k])"; false
OTHER; "delete from $DBPrefix faqscategories where id= $v"; NA; ""; ""; true
OTHER; "DELETE FROM $DBPrefix faqscat_translated WHERE id= $v"; NA; ""; ""; true
SELECT; "select * from $DBPrefix faqscategories order by category"; PHPAUCTIONXL_faqscategories; "id, category"; ""; false
SELECT; "select id from $DBPrefix faqs where category= $row[id]"; PHPAUCTIONXL_faqs; "id"; ""; true
SELECT; "SELECT * FROM $DBPrefix bidfind"; PHPAUCTIONXL_bidfind; "bidfind"; ""; true
SELECT; "SELECT * FROM $DBPrefix counterstoshow"; PHPAUCTIONXL_counterstoshow; "auctions, users, online"; ""; true
SELECT; "SELECT * FROM $DBPrefix counters"; PHPAUCTIONXL_counters; "users, auctions, closedauctions, inactiveusers, bids, transactions, totalamount, resetdate, fees, suspendedauction"; ""; false
SELECT; "SELECT SUM(amount) as AMOUNT FROM $DBPrefix tmpinvoice"; PHPAUCTIONXL_maintainance; "amount"; ""; true
SELECT; "SELECT SUM(total) as AMOUNT FROM $DBPrefix invoiceheader WHERE paid=n"; NA; "total"; ""; false
SELECT; "SELECT * FROM $DBPrefix currentaccesses WHERE year= date(Y) AND month= date(m) AND day= date(d)"; PHPAUCTIONXL_currentaccesses; "day, month, year, pageviews, uniquevisitors, usersessions"; ""; false
SELECT; "SELECT * FROM $DBPrefix settings"; PHPAUCTIONXL_settings; "sitename, siteurl, cookiesprefix, loginbox, newsbox, newstoshow, moneyformat, moneydecimals, moneysymbol, currency, showacceptancetext, acceptancetext, adminmail, banners, newsletter, logo, timecorrection, cron, archiveafter, datesformat, feetype, sellersetupfee, sellersetuptype, sellerfinalfee, sellerfinaltype, sellersetupvalue, sellerfinalvalue, buyerfinalfee, buyerfinaltype, buyerfinalvalue, paypaladdress, errortext, errormail, signupfee, signupvalue, picturesgallery, maxpictures, maxpicturesize, picturesgalleryfee, picturesgalleryvalue, buy_now, alignment, featureditemsnumber, featuredcolumns, thimbnailswidth, thumb_show, catfeatureditemsnumber, featureditems, catthumbnailswidth, lastitemsnumber, higherbidsnumber, endingsoonnumber, boards, boardslink, wordsfilter, aboutus, aboutustext, terms, termstext, invoicing, invoicelimit, taxpercentage, invoicetheadmin, userscreditcard, defaultcountry, reservefee, reservetype, reservevalue, privatefee, privatefeevalue, privatefeetype, relisting, defaultlanguage, aboutme, pagewidth, pagewidthtype, charge_ivf, charge_ivf_auto, taxname, usignupconfirmation, sbsignupconfirmation, freecatstext, accounttype, catsorting, usersauth, background, brepeat, descriptiontag, keywordstag, maxuploadsize, contactseller, theme, catstoshow, sitemap, uniqueseller, bn_only, adultonly, winner_address, wanted, boardsmsgs"; ""; false
UPDATE; "UPDATE $DBPrefix settings SET loginbox= $_POST[loginbox] , newsbox= $_POST[newsbox] , newstoshow= $_POST[newstoshow] ,"; PHPAUCTIONXL_settings; "loginbox, newsbox, newstoshow"; "$_POST["loginbox"], $_POST["newsbox"], "newstoshow", $_POST["newstoshow"]"; true
UPDATE; "update $DBPrefix https SET https= $_POST[https] , httpsurl= $_POST[httpsurl]"; NA; ""; "$_POST["https"], $_POST["httpsurl"]"; false
SELECT; "SELECT * FROM $DBPrefix https"; PHPAUCTIONXL_https; "https, httpsurl"; ""; false
OTHER; "delete from $DBPrefix increments"; NA; ""; ""; true
INSERT; "insert into $DBPrefix increments values ( $counter , input_money($rebuilt_lows[$i]) , input_money($rebuilt_highs[$i]) , input_money($rebuilt_increments[$i]) )"; PHPAUCTIONXL_increments; "id, low, high, increment"; "$counter, input_money($rebuilt_lows[$i]), input_money($rebuilt_increments[$i])"; false
SELECT; "select * from $DBPrefix increments order by low"; PHPAUCTIONXL_increments; "id, low, high, increment"; ""; false
SELECT; "select count(id) as auctions from $DBPrefix auctions WHERE closed=0"; PHPAUCTIONXL_auctions; "id"; ""; true
SELECT; "SELECT DISTINCT(a.id), u.nick, a.title, a.starts, a.description, a.suspended, c.cat_name, d.description as duration FROM $DBPrefix auctions a, $DBPrefix users u, $DBPrefix categories c, $DBPrefix durations d WHERE u.id = a.user AND c.cat_id = a.category AND d.days = a.duration AND a.closed!=1 ORDER BY nick limit $offset , $limit"; PHPAUCTIONXL_categories; "aid, unick, atitle, astarts, adescription, asuspended, ccatname, ddescription"; "$limit, $offset"; false
SELECT; "select count(id) as auctions from $DBPrefix auctions WHERE closed<>0 AND suspended=0"; PHPAUCTIONXL_auctions; "id"; ""; true
SELECT; "SELECT DISTINCT(a.id), a.closed, u.nick, a.title, a.starts, a.description, c.cat_name, d.description as duration, a.suspended FROM $DBPrefix auctions a, $DBPrefix users u, $DBPrefix categories c, $DBPrefix durations d where u.id = a.user and c.cat_id = a.category and d.days = a.duration AND a.closed<>0 AND a.suspended=0 ORDER BY u.nick limit $offset , $limit"; PHPAUCTIONXL_categories; "aid, aclosed, unick, atitle, astarts, adescription, ccatname, ddescription, duration, asuspended"; "$limit, $offset"; false
SELECT; "SELECT id FROM $DBPrefix winners WHERE auction= $id"; PHPAUCTIONXL_winners; "id"; "$id"; true
SELECT; "select count(id) as auctions from $DBPrefix auctions WHERE suspended<>0"; PHPAUCTIONXL_auctions; "id"; ""; true
SELECT; "SELECT a.*, u.*, c.*, d.description as duration FROM $DBPrefix auctions a, $DBPrefix users u, $DBPrefix categories c, $DBPrefix durations d WHERE u.id = a.user AND c.cat_id = a.category AND a.suspended<>0 group by a.id ORDER BY u.nick limit $offset , $limit"; PHPAUCTIONXL_categories; "a, u, c, ddescription"; "$limit, $offset"; false
SELECT; "select count(id) as COUNT from $DBPrefix users WHERE suspended= $Q"; PHPAUCTIONXL_users; "id"; ""; true
SELECT; "select count(id) as COUNT from $DBPrefix users WHERE accounttype= $account"; PHPAUCTIONXL_users; "id"; "$account"; true
SELECT; "select count(id) as COUNT from $DBPrefix users"; PHPAUCTIONXL_users; "id"; ""; true
SELECT; "select * from $DBPrefix users order by nick limit $OFFSET , $LIMIT"; PHPAUCTIONXL_users; "id, nick, password, name, address, city, prov, country, zip, phone, email, reg_date, rate_sum, rate_num, birthdate, suspended, nletter, balance, auc_watch, item_watch, creditcard, exp_month, exp_year, card_owner, card_zip, accounttype, endemailmode, startemailmode, trusted, lastlogin, payment_details"; ""; false
SELECT; "SELECT id from $DBPrefix adminusers"; PHPAUCTIONXL_adminusers; "id"; ""; true
INSERT; "insert into $DBPrefix adminusers values (10, $_POST[username] , $md5_pass , 20011224, 20020110093458, 1)"; PHPAUCTIONXL_adminusers; "id, username, password, created, lastlogin, status"; "$_POST["username"], $md5_pass"; false
SELECT; "select MAX(id) from $DBPrefix adminusers"; PHPAUCTIONXL_adminusers; "id"; ""; true
SELECT; "select * from $DBPrefix adminusers where username= $_POST[username] and password= md5($MD5_PREFIX . $_POST[password])"; PHPAUCTIONXL_adminusers; "id, username, password, created, lastlogin, status"; "password"; false
UPDATE; "update $DBPrefix adminusers set lastlogin= date(YmdHis) where username= $admin[username]"; PHPAUCTIONXL_adminusers; "lastlogin"; "date("YmdHis")"; true
SELECT; "SELECT id FROM $DBPrefix users WHERE nick= $_POST[superuser]"; PHPAUCTIONXL_users; "id"; ""; true
UPDATE; "UPDATE $DBPrefix maintainance SET superuser= $_POST[superuser] , maintainancetext= addslashes($_POST[maintainancetext]) , active= $_POST[active]"; PHPAUCTIONXL_maintainance; "superuser, maintainancetext, active"; ""superuser", $_POST["superuser"], maintainancetext, addslashes($_POST[maintainancetext]), $_POST["active"]"; false
SELECT; "SELECT * FROM $DBPrefix maintainance"; PHPAUCTIONXL_maintainance; "id, active, superuser, maintainancetext"; ""; false
OTHER; "DELETE FROM $DBPrefix banners WHERE user= $v"; NA; ""; ""; true
OTHER; "DELETE FROM $DBPrefix bannersusers WHERE id= $v"; NA; ""; ""; true
SELECT; "SELECT * FROM $DBPrefix bannersusers ORDER BY name"; PHPAUCTIONXL_bannersusers; "id, name, company, email"; ""; false
SELECT; "SELECT id FROM $DBPrefix banners WHERE user= $row[id]"; PHPAUCTIONXL_banners; "id"; ""; true
OTHER; "DELETE FROM $DBPrefix membertypes WHERE id IN ("; NA; ""; ""; true
UPDATE; "UPDATE $DBPrefix membertypes SET feedbacks = $new_membertypes[$id][feedbacks] , membertype = , icon = $new_membertypes[$id][icon] WHERE id = $id"; PHPAUCTIONXL_membertypes; "feedbacks, membertype, icon"; ""feedbacks", $new_membertypes[$id]["feedbacks"], $new_membertypes[$id]["icon"]"; false
INSERT; "INSERT INTO $DBPrefix membertypes VALUES (,"; PHPAUCTIONXL_membertypes; "id, feedbacks, membertype, discount, icon"; ""; false
UPDATE; "UPDATE $DBPrefix settings SET descriptiontag= addslashes($_POST[descriptiontag]) , keywordstag= addslashes($_POST[keywordstag])"; PHPAUCTIONXL_settings; "descriptiontag, keywordstag"; ""descriptiontag", addslashes($_POST["descriptiontag"]), "keywordstag", addslashes($_POST["keywordstag"])"; false
UPDATE; "UPDATE $DBPrefix settings SET defaultlanguage= $_POST[deflang]"; PHPAUCTIONXL_settings; "defaultlanguage"; "$_POST["deflang"]"; false
SELECT; "SELECT defaultlanguage FROM $DBPrefix settings"; PHPAUCTIONXL_settings; "defaultlanguage"; ""; false
SELECT; "select id from $DBPrefix adminusers where username= $_POST[username]"; PHPAUCTIONXL_adminusers; "id"; ""; true
INSERT; "INSERT INTO $DBPrefix adminusers VALUES (NULL, addslashes($_POST[username]) , $PASS , $TODAY , 0, intval($_POST[status]) )"; PHPAUCTIONXL_adminusers; "id, username, password, created, lastlogin, status"; "addslashes($_POST[username]), $PASS, $TODAY, intval($_POST[status])"; false
INSERT; "INSERT INTO $DBPrefix bannersusers VALUES ( NULL, addslashes($_POST[name]) , addslashes($_POST[company]) , $_POST[email] )"; PHPAUCTIONXL_bannersusers; "id, name, company, email"; "addslashes($_POST[name]), addslashes($_POST[company]), $_POST["email"]"; false
INSERT; "INSERT into $DBPrefix faqs values(NULL, addslashes($_POST[question][$SETTINGS[defaultlanguage]]) , addslashes($_POST[answer][$SETTINGS[defaultlanguage]]) , $_POST[category] )"; NA; ""; "addslashes($_POST["question"][$SETTINGS["defaultlanguage"]]), $_POST["category"]"; false
INSERT; "INSERT INTO $DBPrefix faqs_translated VALUES( $id , $k , addslashes($_POST[question][$k]) , addslashes($_POST[answer][$k]) )"; PHPAUCTIONXL_faqs_translated; "id, lang, question, answer"; "$id, $k, addslashes($_POST["question"][$k]), addslashes($_POST["answer"][$k])"; false
SELECT; "select * from $DBPrefix faqscategories"; PHPAUCTIONXL_faqscategories; "id, category"; ""; false
SELECT; "select count(id) as news from $DBPrefix news"; PHPAUCTIONXL_news; "id"; ""; true
SELECT; "select * from $DBPrefix news order by new_date limit $offset , $limit"; PHPAUCTIONXL_news_translated; "id, lang, title, content"; ""; false
SELECT; "select email from $DBPrefix users where nletter=1 AND suspended=8"; PHPAUCTIONXL_users; "email"; ""; false
OTHER; "delete from $DBPrefix payments"; NA; ""; ""; true
INSERT; "insert into $DBPrefix payments values( $counter , $rebuilt_array[$i] )"; PHPAUCTIONXL_payments; "id, description"; "$counter, $rebuilt_array[$i]"; false
SELECT; "select * from $DBPrefix payments order by description"; PHPAUCTIONXL_payments; "id, description"; ""; false
UPDATE; "update $DBPrefix settings set picturesgallery= $_POST[picturesgallery] , maxpictures= $_POST[maxpictures] , maxpicturesize= $_POST[maxpicturesize]"; PHPAUCTIONXL_settings; "picturesgallery, maxpictures, maxpicturesize"; ""picturesgallery", $_POST["picturesgallery"], "maxpictures", $_POST["maxpictures"], "maxpicturesize""; true
SELECT; "SELECT * FROM $DBPrefix settings"; PHPAUCTIONXL_settings; "sitename, siteurl, cookiesprefix, loginbox, newsbox, newstoshow, moneyformat, moneydecimals, moneysymbol, currency, showacceptancetext, acceptancetext, adminmail, banners, newsletter, logo, timecorrection, cron, archiveafter, datesformat, feetype, sellersetupfee, sellersetuptype, sellerfinalfee, sellerfinaltype, sellersetupvalue, sellerfinalvalue, buyerfinalfee, buyerfinaltype, buyerfinalvalue, paypaladdress, errortext, errormail, signupfee, signupvalue, picturesgallery, maxpictures, maxpicturesize, picturesgalleryfee, picturesgalleryvalue, buy_now, alignment, featureditemsnumber, featuredcolumns, thimbnailswidth, thumb_show, catfeatureditemsnumber, featureditems, catthumbnailswidth, lastitemsnumber, higherbidsnumber, endingsoonnumber, boards, boardslink, wordsfilter, aboutus, aboutustext, terms, termstext, invoicing, invoicelimit, taxpercentage, invoicetheadmin, userscreditcard, defaultcountry, reservefee, reservetype, reservevalue, privatefee, privatefeevalue, privatefeetype, relisting, defaultlanguage, aboutme, pagewidth, pagewidthtype, charge_ivf, charge_ivf_auto, taxname, usignupconfirmation, sbsignupconfirmation, freecatstext, accounttype, catsorting, usersauth, background, brepeat, descriptiontag, keywordstag, maxuploadsize, contactseller, theme, catstoshow, sitemap, uniqueseller, bn_only, adultonly, winner_address, wanted, boardsmsgs"; ""; false
UPDATE; "UPDATE $DBPrefix settings SET maxuploadsize= $_POST[maxpicturesize] * 1024"; PHPAUCTIONXL_settings; "maxuploadsize"; "$_POST[maxpicturesize], 1024"; true
SELECT; "SELECT year FROM $DBPrefix currentplatforms WHERE (year<> date(Y) OR (year= date(Y) AND month<> date(m) )) GROUP BY year ORDER BY year desc"; PHPAUCTIONXL_currentplatforms; "year"; ""; false
SELECT; "SELECT * FROM $DBPrefix currentplatforms WHERE year= $year[year] AND month<> date(m) GROUP BY month ORDER BY month desc"; PHPAUCTIONXL_currentplatforms; "month, year, platform, counter"; "$year[year]"; false
SELECT; "SELECT platform, counter FROM $DBPrefix currentplatforms WHERE year= $k AND month= $t"; PHPAUCTIONXL_currentplatforms; "platform, counter"; "$k, $t"; false
SELECT; "SELECT max(counter) as MAX, sum(counter) as TOTAL FROM $DBPrefix currentplatforms WHERE year= $k AND month= $t"; PHPAUCTIONXL_currentplatforms; "counter, max"; "$k, $t"; true
SELECT; "SELECT $field_name FROM $DBPrefix $table ORDER BY $field_name ;"; NA; "fieldname"; ""; false
SELECT; "SELECT join(, , $field_name) FROM $DBPrefix $table ORDER BY $field_name[$sort_field] ;"; NA; ", fieldname"; ""; false
SELECT; "SELECT * FROM $DBPrefix users WHERE id= $_REQUEST[id]"; PHPAUCTIONXL_users; "id, nick, password, name, address, city, prov, country, zip, phone, email, reg_date, rate_sum, rate_num, birthdate, suspended, nletter, balance, auc_watch, item_watch, creditcard, exp_month, exp_year, card_owner, card_zip, accounttype, endemailmode, startemailmode, trusted, lastlogin, payment_details"; ""; false
SELECT; "SELECT language FROM $DBPrefix userslanguage WHERE user= $_REQUEST[id]"; PHPAUCTIONXL_userslanguage; "language"; ""; false
UPDATE; "update $DBPrefix settings set sitename= addslashes($_POST[sitename]) , adminmail= addslashes($_POST[adminmail]) , siteurl= addslashes($_POST[siteurl])"; PHPAUCTIONXL_settings; "sitename, adminmail, siteurl"; "sitename, addslashes($_POST[sitename]), adminmail, addslashes($_POST[adminmail]), siteurl"; false
SELECT; "SELECT siteurl, adminmail, sitename FROM $DBPrefix settings"; PHPAUCTIONXL_settings; "siteurl, adminmail, sitename"; ""; false
UPDATE; "update $DBPrefix statssettings set activate= $_POST[activate] , accesses= $_POST[accesses] , browsers= $_POST[browsers] , domains= $_POST[domains]"; PHPAUCTIONXL_statssettings; "activate, accesses, browsers, domains"; "$_POST["activate"], $_POST["accesses"], $_POST["browsers"], $_POST["domains"]"; true
SELECT; "SELECT * FROM $DBPrefix statssettings"; PHPAUCTIONXL_statssettings; "activate, accesses, browsers, domains"; ""; true
UPDATE; "update $DBPrefix settings SET terms= $_POST[terms] , termstext= nl2br(addslashes($_POST[termstext]))"; PHPAUCTIONXL_settings; "terms, termstext"; "$_POST["terms"], termstext, nl2br(addslashes($_POST[termstext]))"; false
SELECT; "SELECT terms, termstext FROM $DBPrefix settings"; PHPAUCTIONXL_settings; "terms, termstext"; ""; false
UPDATE; "UPDATE $DBPrefix settings SET theme= $_POST[theme]"; PHPAUCTIONXL_settings; "theme"; "$_POST["theme"]"; false
UPDATE; "UPDATE $DBPrefix settings SET thumb_show= $_POST[thumb_show] , thimbnailswidth= $_POST[thimbnailswidth] , catthumbnailswidth= $_POST[catthumbnailswidth]"; PHPAUCTIONXL_settings; "thumb_show, thimbnailswidth, catthumbnailswidth"; ""thumb_show", $_POST["thumb_show"], "thimbnailswidth", $_POST["thimbnailswidth"], "catthumbnailswidth""; true
UPDATE; "update $DBPrefix settings set timecorrection= intval($_POST[correction])"; PHPAUCTIONXL_settings; "timecorrection"; "intval($_POST["correction"])"; true
SELECT; "SELECT * FROM $DBPrefix settings"; PHPAUCTIONXL_settings; "sitename, siteurl, cookiesprefix, loginbox, newsbox, newstoshow, moneyformat, moneydecimals, moneysymbol, currency, showacceptancetext, acceptancetext, adminmail, banners, newsletter, logo, timecorrection, cron, archiveafter, datesformat, feetype, sellersetupfee, sellersetuptype, sellerfinalfee, sellerfinaltype, sellersetupvalue, sellerfinalvalue, buyerfinalfee, buyerfinaltype, buyerfinalvalue, paypaladdress, errortext, errormail, signupfee, signupvalue, picturesgallery, maxpictures, maxpicturesize, picturesgalleryfee, picturesgalleryvalue, buy_now, alignment, featureditemsnumber, featuredcolumns, thimbnailswidth, thumb_show, catfeatureditemsnumber, featureditems, catthumbnailswidth, lastitemsnumber, higherbidsnumber, endingsoonnumber, boards, boardslink, wordsfilter, aboutus, aboutustext, terms, termstext, invoicing, invoicelimit, taxpercentage, invoicetheadmin, userscreditcard, defaultcountry, reservefee, reservetype, reservevalue, privatefee, privatefeevalue, privatefeetype, relisting, defaultlanguage, aboutme, pagewidth, pagewidthtype, charge_ivf, charge_ivf_auto, taxname, usignupconfirmation, sbsignupconfirmation, freecatstext, accounttype, catsorting, usersauth, background, brepeat, descriptiontag, keywordstag, maxuploadsize, contactseller, theme, catstoshow, sitemap, uniqueseller, bn_only, adultonly, winner_address, wanted, boardsmsgs"; ""; false
SELECT; "SELECT * FROM $DBPrefix counters"; PHPAUCTIONXL_counters; "users, auctions, closedauctions, inactiveusers, bids, transactions, totalamount, resetdate, fees, suspendedauction"; ""; false
SELECT; "SELECT count(id) as COUNTER from $DBPrefix users WHERE suspended=0"; PHPAUCTIONXL_users; "id"; ""; true
UPDATE; "UPDATE $DBPrefix counters set users= $USERS"; PHPAUCTIONXL_counters; "users"; "$USERS"; true
SELECT; "SELECT count(id) as COUNTER from $DBPrefix users WHERE suspended<>0"; PHPAUCTIONXL_users; "id"; ""; true
UPDATE; "UPDATE $DBPrefix counters set inactiveusers= $USERS"; PHPAUCTIONXL_counters; "inactiveusers"; "$USERS"; true
SELECT; "SELECT count(id) as COUNTER from $DBPrefix auctions WHERE closed=0 and suspended=0 AND private=n"; PHPAUCTIONXL_auctions; "id"; ""; true
UPDATE; "UPDATE $DBPrefix counters set auctions= $AUCTIONS"; PHPAUCTIONXL_counters; "auctions"; "$AUCTIONS"; true
SELECT; "SELECT count(id) as COUNTER from $DBPrefix auctions WHERE closed<>0 AND private=n"; PHPAUCTIONXL_auctions; "id"; ""; true
UPDATE; "UPDATE $DBPrefix counters set closedauctions= $AUCTIONS"; PHPAUCTIONXL_counters; "closedauctions"; "$AUCTIONS"; true
SELECT; "SELECT count(id) as COUNTER from $DBPrefix auctions WHERE closed=0 and suspended<>0 AND private=n"; PHPAUCTIONXL_auctions; "id"; ""; true
UPDATE; "UPDATE $DBPrefix counters set suspendedauctions= $AUCTIONS"; PHPAUCTIONXL_counters; "suspendedauction"; "$AUCTIONS"; true
SELECT; "SELECT a.id, a.auction, b.id FROM $DBPrefix bids a, $DBPrefix auctions b WHERE a.auction=b.id AND b.closed=0 AND b.suspended=0 AND private=n"; PHPAUCTIONXL_auctions; "aid, aauction, bid"; ""; true
UPDATE; "UPDATE $DBPrefix counters set bids= $BIDS"; PHPAUCTIONXL_counters; "bids"; "$BIDS"; true
UPDATE; "UPDATE $DBPrefix categories set counter=0, sub_counter=0"; PHPAUCTIONXL_categories; "counter, sub_counter"; ""; true
SELECT; "SELECT a.cat_id, a.cat_name, a.parent_id, a.counter, a.sub_counter, b.id, b.category FROM $DBPrefix categories a, $DBPrefix auctions b WHERE a.cat_id=b.category AND b.closed=0 AND b.suspended=0 AND private=n"; PHPAUCTIONXL_categories; "acatid, acatname, aparentid, acounter, asubcounter, bid, bcategory"; ""; false
SELECT; "SELECT * FROM $DBPrefix categories WHERE cat_id= $cat_id"; PHPAUCTIONXL_categories; "cat_id, parent_id, cat_name, deleted, sub_counter, counter, cat_colour, cat_image, feesfree"; "$cat_id"; false
UPDATE; "UPDATE $DBPrefix categories SET counter= $R_counter , sub_counter= $R_sub_counter WHERE cat_id= $cat_id"; PHPAUCTIONXL_categories; "counter, sub_counter"; "$R_counter, $R_sub_counter"; true
INSERT; "INSERT INTO $DBPrefix banners VALUES ( NULL, addslashes($_FILES[bannerfile][name]) , $FILETYPE , 0, 0, $_POST[url] , $_POST[sponsortext] , $_POST[alt] , intval($_POST[purchased]) , $WIDTH , $HEIGHT , $id )"; PHPAUCTIONXL_banners; "id, name, type, views, clicks, url, sponsortext, alt, purchased, width, height, user"; "addslashes($_FILES["bannerfile"]["name"]), $FILETYPE, $_POST["url"], $_POST["sponsortext"], $_POST["alt"], intval($_POST["purchased"]), $WIDTH, $HEIGHT, $id"; false
INSERT; "INSERT INTO $DBPrefix bannerscategories VALUES ( $ID , $v )"; PHPAUCTIONXL_bannerscategories; "banner, category"; "$ID, $v"; true
INSERT; "INSERT INTO $DBPrefix bannerskeywords VALUES ( $ID , chop($v) )"; PHPAUCTIONXL_bannerskeywords; "banner, keyword"; "$ID, chop($v)"; false
SELECT; "SELECT * FROM $DBPrefix bannersusers WHERE id= $id"; PHPAUCTIONXL_bannersusers; "id, name, company, email"; "$id"; false
SELECT; "SELECT * FROM $DBPrefix banners WHERE user= $USER[id]"; PHPAUCTIONXL_banners; "id, name, type, views, clicks, url, sponsortext, alt, purchased, width, height, user"; ""; false
SELECT; "SELECT * FROM $DBPrefix categories_plain"; PHPAUCTIONXL_categories_plain; "id, cat_id, cat_name"; ""; false
SELECT; "SELECT nick, rate_sum, rate_num FROM $DBPrefix users WHERE id= $secid"; PHPAUCTIONXL_users; "nick, ratesum, ratenum"; "$secid"; false
SELECT; "SELECT nick, rate_sum, rate_num FROM $DBPrefix users WHERE id= $secid"; PHPAUCTIONXL_users; "nick, ratesum, ratenum"; "$secid"; false
SELECT; "SELECT * FROM $DBPrefix feedbacks WHERE rated_user_id= $secid ORDER by feedbackdate DESC"; PHPAUCTIONXL_feedbacks; "id, rated_user_id, rater_user_nick, feedback, rate, feedbackdate, auction_id"; "$secid"; false
SELECT; "SELECT * FROM $DBPrefix feedbacks WHERE rated_user_id= $secid ORDER by feedbackdate DESC"; PHPAUCTIONXL_feedbacks; "id, rated_user_id, rater_user_nick, feedback, rate, feedbackdate, auction_id"; "$secid"; false
UPDATE; "UPDATE $DBPrefix settings SET usersauth= addslashes($_POST[usersauth])"; PHPAUCTIONXL_settings; "usersauth"; ""usersauth", addslashes($_POST["usersauth"])"; true
SELECT; "select count(id) as users from $DBPrefix users WHERE name like % $_POST[keyword] % OR nick like % $_POST[keyword] % OR email like % $_POST[keyword] %"; PHPAUCTIONXL_users; "id"; ""; true
SELECT; "select * from $DBPrefix users WHERE name like % $_POST[keyword] % || nick like % $_POST[keyword] % || email like % $_POST[keyword] % order by nick"; PHPAUCTIONXL_users; "id, nick, password, name, address, city, prov, country, zip, phone, email, reg_date, rate_sum, rate_num, birthdate, suspended, nletter, balance, auc_watch, item_watch, creditcard, exp_month, exp_year, card_owner, card_zip, accounttype, endemailmode, startemailmode, trusted, lastlogin, payment_details"; ""; false
SELECT; "SELECT * FROM $DBPrefix https"; PHPAUCTIONXL_https; "https, httpsurl"; ""; false
UPDATE; "UPDATE $DBPrefix usersettings SET requested_fields= serialize($_POST[requested_fields]) , mandatory_fields= serialize($_POST[mandatory_fields])"; PHPAUCTIONXL_usersettings; "requested_fields, mandatory_fields"; ""requested_fields", serialize($_POST["requested_fields"]), "mandatory_fields", serialize($_POST["mandatory_fields"])"; false
UPDATE; "update $DBPrefix settings set userscreditcard = $_POST[userscreditcard]"; PHPAUCTIONXL_settings; "userscreditcard"; ""userscreditcard", $_POST["userscreditcard"]"; true
UPDATE; "UPDATE $DBPrefix usersettings set discount= doubleval(input_money($_POST[bonus]))"; PHPAUCTIONXL_usersettings; "discount"; "doubleval(input_money($_POST["bonus"]))"; true
SELECT; "SELECT * FROM $DBPrefix usersettings"; PHPAUCTIONXL_usersettings; "discount, banemail, requested_fields, mandatory_fields"; ""; false
SELECT; "SELECT distinct c.cat_id, t.cat_name FROM $DBPrefix categories c, $DBPrefix cats_translated t WHERE c.parent_id=0 AND c.deleted=0 AND c.cat_id=t.cat_id AND t.lang= $k ORDER BY cat_name"; PHPAUCTIONXL_cats_translated; "distinct, ccatid, tcatname"; "$k"; false
INSERT; "INSERT INTO $DBPrefix categories_plain VALUES (NULL, $key , addslashes($sval) )"; PHPAUCTIONXL_categories_plain; "id, cat_id, cat_name"; "$key, addslashes($sval)"; false
SELECT; "select cat_id, cat_name, parent_id from $DBPrefix categories where deleted=0 order by cat_name"; PHPAUCTIONXL_categories; "catid, catname, parentid"; ""; false
OTHER; "DELETE FROM $DBPrefix categories_plain"; NA; ""; ""; true
SELECT; "SELECT * FROM $DBPrefix currentaccesses ORDER BY day"; PHPAUCTIONXL_currentaccesses; "day, month, year, pageviews, uniquevisitors, usersessions"; ""; false
SELECT; "SELECT * FROM $DBPrefix currentbrowsers WHERE month= date(m) AND year= date(Y) ORDER BY counter DESC"; PHPAUCTIONXL_currentbrowsers; "month, year, browser, counter"; ""; false
SELECT; "SELECT name, nick, DECODE(creditcard, $MD5_PREFIX ) as CCN, card_zip, exp_month, exp_year, card_owner FROM $DBPrefix users WHERE id= $user"; PHPAUCTIONXL_users; "name, nick, creditcard, md5prefix, , ccn, cardzip, expmonth, expyear, cardowner"; "$user"; false
SELECT; "SELECT * FROM $DBPrefix currentdomains WHERE month= date(m) AND year= date(Y) ORDER BY domain"; PHPAUCTIONXL_currentdomains; "month, year, domain, counter"; ""; false
SELECT; "SELECT * FROM $DBPrefix bannerscategories WHERE banner= $banner"; PHPAUCTIONXL_bannerscategories; "banner, category"; "$banner"; true
SELECT; "SELECT cat_name FROM $DBPrefix categories WHERE cat_id= $row[category]"; PHPAUCTIONXL_categories; "catname"; "$row["category"]"; false
SELECT; "SELECT * FROM $DBPrefix bannerskeywords WHERE banner= $banner"; PHPAUCTIONXL_bannerskeywords; "banner, keyword"; "$banner"; false
SELECT; "SELECT * FROM $DBPrefix currentplatforms WHERE month= date(m) AND year= date(Y) ORDER BY counter DESC"; PHPAUCTIONXL_currentplatforms; "month, year, platform, counter"; ""; false
SELECT; "select count(id) as auctions from $DBPrefix auctions WHERE user= $_GET[id]"; PHPAUCTIONXL_auctions; "id"; ""; true
SELECT; "select a.id, u.nick, a.title, a.starts, a.description, c.cat_name, d.description as duration, a.suspended from $DBPrefix auctions a, $DBPrefix users u, $DBPrefix categories c, $DBPrefix durations d where u.id=a.user and u.id= $_GET[id] and c.cat_id = a.category and d.days = a.duration limit $offset , $limit"; PHPAUCTIONXL_categories; "aid, unick, atitle, astarts, adescription, ccatname, ddescription, duration, asuspended"; "$limit, $offset"; false
UPDATE; "UPDATE $DBPrefix usersips SET action=accept WHERE id= $k"; PHPAUCTIONXL_usersips; "action"; ""; true
UPDATE; "UPDATE $DBPrefix usersips SET action=deny WHERE id= $k"; PHPAUCTIONXL_usersips; "action"; ""; true
SELECT; "SELECT nick, email, lastlogin FROM $DBPrefix users WHERE id= $id"; PHPAUCTIONXL_users; "nick, email, lastlogin"; "$id"; false
SELECT; "SELECT * FROM $DBPrefix usersips WHERE user= $id AND type=first"; PHPAUCTIONXL_usersips; "id, user, ip, type, action"; "$id"; false
SELECT; "SELECT * FROM $DBPrefix usersips WHERE user= $id AND type<>first"; PHPAUCTIONXL_usersips; "id, user, ip, type, action"; "$id"; false
SELECT; "SELECT * FROM $DBPrefix auctions WHERE id= intval($_GET[id])"; PHPAUCTIONXL_auctions; "id, user, title, starts, description, pict_url, category, minimum_bid, reserve_price, buy_now, auction_type, duration, increment, location, location_zip, shipping, payment, international, ends, current_bid, closed, photo_uploaded, quantity, suspended, private, relist, relisted, num_bids, sold, shipping_terms, bn_only, adultonly"; ""; false
SELECT; "SELECT * FROM $DBPrefix winners WHERE auction= intval($_GET[id])"; PHPAUCTIONXL_winners; "id, auction, seller, winner, bid, closingdate, fee"; ""; true
SELECT; "SELECT * FROM $DBPrefix bids WHERE auction= intval($_GET[id])"; PHPAUCTIONXL_bids; "id, auction, bidder, bid, bidwhen, quantity"; ""; false
SELECT; "SELECT name, nick FROM $DBPrefix users WHERE id= $AUCTION[user]"; PHPAUCTIONXL_users; "name, nick"; ""; false
SELECT; "SELECT quantity FROM $DBPrefix bids WHERE bidder= $v[winner] AND auction= intval($_GET[id])"; PHPAUCTIONXL_bids; "quantity"; "$v["winner"]"; true
SELECT; "SELECT name, nick FROM $DBPrefix users WHERE id= $v[winner]"; PHPAUCTIONXL_users; "name, nick"; "$v["winner"]"; false
SELECT; "SELECT quantity FROM $DBPrefix bids WHERE bidder= $v[bidder] AND auction= intval($_GET[id])"; PHPAUCTIONXL_bids; "quantity"; "$v["bidder"]"; true
SELECT; "SELECT name, nick FROM $DBPrefix users WHERE id= $v[bidder]"; PHPAUCTIONXL_users; "name, nick"; "$v["bidder"]"; false
UPDATE; "UPDATE $DBPrefix settings SET winner_address= $_POST[winner_address]"; PHPAUCTIONXL_settings; "winner_address"; ""winner_address", $_POST["winner_address"]"; true
UPDATE; "update $DBPrefix settings set wordsfilter= str_replace( , , $_POST[wordsfilter])"; PHPAUCTIONXL_settings; "wordsfilter"; "wordsfilter, $_POST[wordsfilter]"; true
OTHER; "DELETE FROM $DBPrefix filterwords"; NA; ""; ""; true
INSERT; "INSERT INTO $DBPrefix filterwords VALUES( chop($v) )"; PHPAUCTIONXL_filterwords; "word"; "chop($v)"; false
SELECT; "SELECT wordsfilter FROM $DBPrefix settings"; PHPAUCTIONXL_settings; "wordsfilter"; ""; true
SELECT; "SELECT * FROM $DBPrefix filterwords"; PHPAUCTIONXL_filterwords; "word"; ""; false
SELECT; "select * FROM $DBPrefix categories WHERE parent_id= intval($catsubtree[$i])"; PHPAUCTIONXL_categories; "cat_id, parent_id, cat_name, deleted, sub_counter, counter, cat_colour, cat_image, feesfree"; "intval($catsubtree[$i])"; false
SELECT; "select id from $DBPrefix users where nick = addslashes($_GET[seller])"; PHPAUCTIONXL_users; "id"; "addslashes($_GET["seller"])"; true
SELECT; "select count(*) as total FROM $DBPrefix auctions au WHERE (au.suspended=0) AND ( $wher au.private=n $ora ) AND au.starts<= $NOW ORDER BY $by"; PHPAUCTIONXL_auctions; ""; "$wher, $ora, $by"; false
SELECT; "select au.* FROM $DBPrefix auctions au WHERE (au.suspended=0) AND ( $wher au.private=n $ora ) AND au.starts<= $NOW ORDER BY $by LIMIT intval($left_limit) , intval($lines)"; PHPAUCTIONXL_auctions; "au"; "$wher, $ora, $by, intval($left_limit), intval($lines)"; false
SELECT; "select * from $DBPrefix payments"; PHPAUCTIONXL_payments; "id, description"; ""; false
SELECT; "select * FROM $DBPrefix categories_plain"; PHPAUCTIONXL_categories_plain; "id, cat_id, cat_name"; ""; false
SELECT; "SELECT cat_name FROM $DBPrefix cats_translated WHERE cat_id= $row[cat_id] AND lang= $language"; PHPAUCTIONXL_cats_translated; "catname"; "$row["cat_id"], $language"; false
SELECT; "SELECT auc_watch from $DBPrefix users where nick= $_SESSION[PHPAUCTION_LOGGED_IN_USERNAME]"; PHPAUCTIONXL_users; "aucwatch"; ""; false
UPDATE; "UPDATE $DBPrefix users set auc_watch= $auction_watch_new , reg_date=reg_date where nick= $_SESSION[PHPAUCTION_LOGGED_IN_USERNAME]"; NA; ""; "$auction_watch_new"; false
SELECT; "SELECT auc_watch from $DBPrefix users where nick= $_SESSION[PHPAUCTION_LOGGED_IN_USERNAME]"; PHPAUCTIONXL_users; "aucwatch"; ""; false
SELECT; "SELECT auc_watch from $DBPrefix users where nick= $_SESSION[PHPAUCTION_LOGGED_IN_USERNAME]"; PHPAUCTIONXL_users; "aucwatch"; ""; false
UPDATE; "UPDATE $DBPrefix users set auc_watch= $auction_watch_new , reg_date=reg_date where nick= $_SESSION[PHPAUCTION_LOGGED_IN_USERNAME]"; NA; ""; "$auction_watch_new"; false
SELECT; "SELECT auc_watch from $DBPrefix users where nick= $_SESSION[PHPAUCTION_LOGGED_IN_USERNAME]"; PHPAUCTIONXL_users; "aucwatch"; ""; false
UPDATE; "UPDATE $DBPrefix users set auc_watch=, reg_date=reg_date where nick= $_SESSION[PHPAUCTION_LOGGED_IN_USERNAME]"; NA; ""; ""; false
SELECT; "SELECT auc_watch from $DBPrefix users where nick= $_SESSION[PHPAUCTION_LOGGED_IN_USERNAME]"; PHPAUCTIONXL_users; "aucwatch"; ""; false
SELECT; "SELECT * FROM $DBPrefix auctions WHERE id= intval($id)"; PHPAUCTIONXL_auctions; "id, user, title, starts, description, pict_url, category, minimum_bid, reserve_price, buy_now, auction_type, duration, increment, location, location_zip, shipping, payment, international, ends, current_bid, closed, photo_uploaded, quantity, suspended, private, relist, relisted, num_bids, sold, shipping_terms, bn_only, adultonly"; "intval($id)"; false
SELECT; "select bid, id from $DBPrefix bids where auction= intval($id) ORDER BY id DESC"; PHPAUCTIONXL_bids; "bid, id"; "intval($id)"; true
SELECT; "SELECT * FROM $DBPrefix users WHERE id= $Data[user]"; PHPAUCTIONXL_users; "id, nick, password, name, address, city, prov, country, zip, phone, email, reg_date, rate_sum, rate_num, birthdate, suspended, nletter, balance, auc_watch, item_watch, creditcard, exp_month, exp_year, card_owner, card_zip, accounttype, endemailmode, startemailmode, trusted, lastlogin, payment_details"; ""; false
SELECT; "SELECT bid, bidder FROM $DBPrefix bids WHERE auction= intval($id) ORDER BY bid DESC"; PHPAUCTIONXL_bids; "bid, bidder"; "intval($id)"; true
SELECT; "SELECT increment FROM $DBPrefix increments WHERE ((low<= doubleval($high_bid) AND high>= doubleval($high_bid) ) OR (low< doubleval($high_bid) AND high< doubleval($high_bid) )) ORDER BY increment DESC"; PHPAUCTIONXL_increments; "increment"; "doubleval($high_bid)"; true
SELECT; "SELECT bid, quantity FROM $DBPrefix bids WHERE bidder= intval($bidder_id) ORDER BY bid DESC"; PHPAUCTIONXL_bids; "bid, quantity"; "intval($bidder_id)"; true
SELECT; "SELECT * FROM $DBPrefix users WHERE nick= addslashes($_POST[nick])"; PHPAUCTIONXL_users; "id, nick, password, name, address, city, prov, country, zip, phone, email, reg_date, rate_sum, rate_num, birthdate, suspended, nletter, balance, auc_watch, item_watch, creditcard, exp_month, exp_year, card_owner, card_zip, accounttype, endemailmode, startemailmode, trusted, lastlogin, payment_details"; ""; false
SELECT; "SELECT bid FROM $DBPrefix proxybid p, $DBPrefix users u WHERE userid= $WINNING_BIDDER AND itemid= intval($id) AND p.userid=u.id AND u.suspended=0 ORDER BY bid DESC"; PHPAUCTIONXL_proxybid; "bid"; "intval($id)"; true
UPDATE; "UPDATE $DBPrefix proxybid SET bid= doubleval($bid) WHERE userid= intval($WINNING_BIDDER) AND itemid= intval($id) AND bid= $WINNER_PROXYBID"; PHPAUCTIONXL_proxybid; "bid"; "doubleval($bid)"; true
SELECT; "SELECT * FROM $DBPrefix proxybid p, $DBPrefix users u WHERE itemid= intval($id) AND userid= intval($bidder_id) AND p.userid=u.id AND u.suspended=0 ORDER BY bid DESC"; PHPAUCTIONXL_proxybid; "itemid, userid, bid"; "intval($id), intval($bidder_id)"; true
UPDATE; "update $DBPrefix auctions set current_bid= $next_bid , num_bids=num_bids+1, starts= $auctiondate where id= intval($id)"; PHPAUCTIONXL_auctions; "current_bid, num_bids, starts"; "$next_bid, $auctiondate"; false
INSERT; "INSERT INTO $DBPrefix bids VALUES( NULL, intval($id) , intval($bidder_id) , doubleval($next_bid) , $NOW , intval($_POST[qty]) )"; NA; ""; "intval($id), intval($bidder_id), doubleval($next_bid), $NOW, intval($_POST[qty])"; false
UPDATE; "update $DBPrefix auctions set current_bid= $next_bid , num_bids=num_bids+1, starts= $auctiondate where id= intval($id)"; PHPAUCTIONXL_auctions; "current_bid, num_bids, starts"; "$next_bid, $auctiondate"; false
INSERT; "INSERT INTO $DBPrefix bids VALUES( NULL, intval($id) , intval($bidder_id) , doubleval($next_bid) , $NOW , intval($_POST[qty]) )"; NA; ""; "intval($id), intval($bidder_id), doubleval($next_bid), $NOW, intval($_POST[qty])"; false
SELECT; "SELECT suspended FROM $DBPrefix auctions WHERE id= intval($id)"; PHPAUCTIONXL_auctions; "suspended"; "intval($id)"; true
SELECT; "SELECT * from $DBPrefix bids WHERE bidder= intval($bidder_id) and auction= intval($id)"; PHPAUCTIONXL_bids; "id, auction, bidder, bid, bidwhen, quantity"; "intval($bidder_id), intval($id)"; false
SELECT; "SELECT * FROM $DBPrefix users WHERE nick= addslashes($_POST[nick])"; PHPAUCTIONXL_users; "id, nick, password, name, address, city, prov, country, zip, phone, email, reg_date, rate_sum, rate_num, birthdate, suspended, nletter, balance, auc_watch, item_watch, creditcard, exp_month, exp_year, card_owner, card_zip, accounttype, endemailmode, startemailmode, trusted, lastlogin, payment_details"; ""; false
SELECT; "SELECT * FROM $DBPrefix proxybid p, $DBPrefix users u WHERE itemid= intval($id) AND p.userid=u.id and u.suspended=0 ORDER by bid DESC"; PHPAUCTIONXL_proxybid; "itemid, userid, bid"; "intval($id)"; true
INSERT; "INSERT INTO $DBPrefix proxybid VALUES ( intval($id) , intval($bidder_id) , doubleval($bid) )"; PHPAUCTIONXL_proxybid; "itemid, userid, bid"; "intval($id), intval($bidder_id), doubleval($bid)"; true
UPDATE; "update $DBPrefix auctions set current_bid= $next_bid , starts= $auctiondate where id= intval($id)"; PHPAUCTIONXL_auctions; "current_bid, starts"; "$next_bid, $auctiondate"; false
UPDATE; "update $DBPrefix auctions set current_bid= $next_bid , num_bids=num_bids+1, starts= $auctiondate where id= intval($id)"; PHPAUCTIONXL_auctions; "current_bid, num_bids, starts"; "$next_bid, $auctiondate"; false
INSERT; "INSERT INTO $DBPrefix bids VALUES( NULL, intval($id) , intval($bidder_id) , doubleval($next_bid) , $NOW , intval($_POST[qty]) )"; NA; ""; "intval($id), intval($bidder_id), doubleval($next_bid), $NOW, intval($_POST[qty])"; false
INSERT; "INSERT INTO $DBPrefix proxybid VALUES ( intval($id) , intval($bidder_id) , doubleval($bid) )"; PHPAUCTIONXL_proxybid; "itemid, userid, bid"; "intval($id), intval($bidder_id), doubleval($bid)"; true
INSERT; "INSERT INTO $DBPrefix bids VALUES(NULL, intval($id) , intval($proxy_bidder_id) , doubleval($proxy_max_bid) , $NOW , intval($_POST[qty]) )"; NA; ""; "intval($id), intval($proxy_bidder_id), doubleval($proxy_max_bid), $NOW, intval($_POST[qty])"; false
INSERT; "INSERT INTO $DBPrefix bids VALUES(NULL, intval($id) , intval($bidder_id) , doubleval($next_bid) , $NOW , intval($_POST[qty]) )"; NA; ""; "intval($id), intval($bidder_id), doubleval($next_bid), $NOW, intval($_POST[qty])"; false
UPDATE; "update $DBPrefix counters set bids=(bids+1+ $fakebids )"; PHPAUCTIONXL_counters; "bids"; "$fakebids"; true
UPDATE; "update $DBPrefix auctions set current_bid= $next_bid , num_bids=num_bids+1+ $fakebids , starts= $auctiondate where id= intval($id)"; PHPAUCTIONXL_auctions; "current_bid, num_bids, starts"; "$next_bid, ", num_bids=num_bids+1+", $fakebids, $auctiondate"; false
INSERT; "INSERT INTO $DBPrefix bids VALUES(NULL, intval($id) , intval($bidder_id) , doubleval($bid) , $NOW , intval($_POST[qty]) )"; NA; ""; "intval($id), intval($bidder_id), doubleval($bid), $NOW, intval($_POST[qty])"; false
INSERT; "INSERT INTO $DBPrefix bids VALUES(NULL, intval($id) , intval($proxy_bidder_id) , doubleval($next_bid) , $NOW , intval($_POST[qty]) )"; NA; ""; "intval($id), intval($proxy_bidder_id), doubleval($next_bid), $NOW, intval($_POST[qty])"; false
UPDATE; "update $DBPrefix counters set bids=(bids+2)"; PHPAUCTIONXL_counters; "bids"; ""; true
UPDATE; "update $DBPrefix auctions set current_bid= doubleval($next_bid) , num_bids=num_bids+1, starts= $auctiondate where id= intval($id)"; PHPAUCTIONXL_auctions; "current_bid, num_bids, starts"; "doubleval($next_bid), $auctiondate"; false
INSERT; "INSERT INTO $DBPrefix bids VALUES(NULL, intval($id) , intval($bidder_id) , doubleval($bid) , $NOW , intval($_POST[qty]) )"; NA; ""; "intval($id), intval($bidder_id), doubleval($bid), $NOW, intval($_POST[qty])"; false
INSERT; "INSERT INTO $DBPrefix bids VALUES(NULL, intval($id) , intval($bidder_id2) , doubleval($next_bid) , $NOW , intval($_POST[qty]) )"; NA; ""; "intval($id), intval($bidder_id2), doubleval($next_bid), $NOW, intval($_POST[qty])"; false
UPDATE; "update $DBPrefix counters set bids=(bids+2)"; PHPAUCTIONXL_counters; "bids"; ""; true
UPDATE; "update $DBPrefix auctions set current_bid= doubleval($next_bid) , num_bids=num_bids+1, starts= $auctiondate where id= intval($id)"; PHPAUCTIONXL_auctions; "current_bid, num_bids, starts"; "doubleval($next_bid), $auctiondate"; false
SELECT; "SELECT * FROM $DBPrefix auctionextension"; PHPAUCTIONXL_auctionextension; "status, timebefore, extend"; ""; true
UPDATE; "UPDATE $DBPrefix auctions set ends= $auctionends WHERE id= intval($id)"; PHPAUCTIONXL_auctions; "ends"; "$auctionends"; false
SELECT; "select bidder, bid from $DBPrefix bids where auction= intval($id) order by bid desc"; PHPAUCTIONXL_bids; "bidder, bid"; "intval($id)"; true
SELECT; "SELECT * FROM $DBPrefix users where id= intval($OldWinner_id)"; PHPAUCTIONXL_users; "id, nick, password, name, address, city, prov, country, zip, phone, email, reg_date, rate_sum, rate_num, birthdate, suspended, nletter, balance, auc_watch, item_watch, creditcard, exp_month, exp_year, card_owner, card_zip, accounttype, endemailmode, startemailmode, trusted, lastlogin, payment_details"; "intval($OldWinner_id)"; false
SELECT; "SELECT * FROM $DBPrefix users"; PHPAUCTIONXL_users; "id, nick, password, name, address, city, prov, country, zip, phone, email, reg_date, rate_sum, rate_num, birthdate, suspended, nletter, balance, auc_watch, item_watch, creditcard, exp_month, exp_year, card_owner, card_zip, accounttype, endemailmode, startemailmode, trusted, lastlogin, payment_details"; ""; false
SELECT; "SELECT * FROM $DBPrefix auctions where id= intval($id)"; PHPAUCTIONXL_auctions; "id, user, title, starts, description, pict_url, category, minimum_bid, reserve_price, buy_now, auction_type, duration, increment, location, location_zip, shipping, payment, international, ends, current_bid, closed, photo_uploaded, quantity, suspended, private, relist, relisted, num_bids, sold, shipping_terms, bn_only, adultonly"; "intval($id)"; false
SELECT; "SELECT * FROM $DBPrefix community WHERE active=1 ORDER BY name"; PHPAUCTIONXL_community; "id, name, messages, lastmessage, msgstoshow, active"; ""; false
UPDATE; "update $DBPrefix settings set boards= $_POST[boards] , boardslink= $_POST[boardslink]"; PHPAUCTIONXL_settings; "boards, boardslink"; "$_POST["boards"], "boardslink", $_POST["boardslink"]"; true
SELECT; "SELECT boards, boardslink FROM $DBPrefix settings"; PHPAUCTIONXL_settings; "boards, boardslink"; ""; true
SELECT; "SELECT cat_id FROM $DBPrefix categories WHERE parent_id= intval($catsubtree[$i])"; PHPAUCTIONXL_categories; "catid"; "intval($catsubtree[$i])"; true
SELECT; "SELECT * FROM $DBPrefix categories WHERE parent_id=0 ORDER BY cat_name"; PHPAUCTIONXL_categories; "cat_id, parent_id, cat_name, deleted, sub_counter, counter, cat_colour, cat_image, feesfree"; ""; false
SELECT; "SELECT cat_name FROM $DBPrefix cats_translated WHERE cat_id= $row[cat_id] AND lang= $language"; PHPAUCTIONXL_cats_translated; "catname"; "$row["cat_id"], $language"; false
SELECT; "SELECT * FROM $DBPrefix categories WHERE cat_id= intval($id)"; PHPAUCTIONXL_categories; "cat_id, parent_id, cat_name, deleted, sub_counter, counter, cat_colour, cat_image, feesfree"; "intval($id)"; false
SELECT; "SELECT cat_name FROM $DBPrefix cats_translated WHERE cat_id= $category[cat_id] AND lang= $language"; PHPAUCTIONXL_cats_translated; "catname"; "$category["cat_id"], $language"; false
SELECT; "SELECT * FROM $DBPrefix categories WHERE cat_id= intval($par_id)"; PHPAUCTIONXL_categories; "cat_id, parent_id, cat_name, deleted, sub_counter, counter, cat_colour, cat_image, feesfree"; "intval($par_id)"; false
SELECT; "SELECT cat_name FROM $DBPrefix cats_translated WHERE cat_id= $rw[cat_id] AND lang= $language"; PHPAUCTIONXL_cats_translated; "catname"; "$rw["cat_id"], $language"; false
SELECT; "SELECT * FROM $DBPrefix categories WHERE parent_id= intval($id) ORDER BY cat_name"; PHPAUCTIONXL_categories; "cat_id, parent_id, cat_name, deleted, sub_counter, counter, cat_colour, cat_image, feesfree"; "intval($id)"; false
SELECT; "SELECT cat_name FROM $DBPrefix cats_translated WHERE cat_id= $row[cat_id] AND lang= $language"; PHPAUCTIONXL_cats_translated; "catname"; "$row["cat_id"], $language"; false
SELECT; "SELECT count(*) FROM $DBPrefix auctions WHERE category IN $catalist AND starts<= $NOW AND closed=0 AND private=n AND suspended =0"; PHPAUCTIONXL_auctions; ""; "$catalist"; false
SELECT; "SELECT * FROM $DBPrefix auctions WHERE category IN $catalist AND starts<= $NOW AND closed=0 AND private=n AND suspended =0"; PHPAUCTIONXL_auctions; "id, user, title, starts, description, pict_url, category, minimum_bid, reserve_price, buy_now, auction_type, duration, increment, location, location_zip, shipping, payment, international, ends, current_bid, closed, photo_uploaded, quantity, suspended, private, relist, relisted, num_bids, sold, shipping_terms, bn_only, adultonly"; "$catalist"; false
SELECT; "select * from $DBPrefix auctions where id= intval($_REQUEST[id])"; PHPAUCTIONXL_auctions; "id, user, title, starts, description, pict_url, category, minimum_bid, reserve_price, buy_now, auction_type, duration, increment, location, location_zip, shipping, payment, international, ends, current_bid, closed, photo_uploaded, quantity, suspended, private, relist, relisted, num_bids, sold, shipping_terms, bn_only, adultonly"; ""; false
SELECT; "select max(bid) AS maxbid FROM $DBPrefix proxybid WHERE itemid= intval($_REQUEST[id])"; PHPAUCTIONXL_proxybid; "bid"; ""; true
SELECT; "select id, nick FROM $DBPrefix users WHERE id= intval($user)"; PHPAUCTIONXL_users; "id, nick"; "intval($user)"; false
SELECT; "select rated_user_id FROM $DBPrefix feedbacks WHERE rated_user_id= intval($user_id)"; PHPAUCTIONXL_feedbacks; "rateduserid"; "intval($user_id)"; true
SELECT; "select rate_sum FROM $DBPrefix users WHERE nick= addslashes($user_nick)"; PHPAUCTIONXL_users; "ratesum"; "addslashes($user_nick)"; true
SELECT; "select * FROM $DBPrefix users WHERE nick= addslashes($_POST[nick])"; PHPAUCTIONXL_users; "id, nick, password, name, address, city, prov, country, zip, phone, email, reg_date, rate_sum, rate_num, birthdate, suspended, nletter, balance, auc_watch, item_watch, creditcard, exp_month, exp_year, card_owner, card_zip, accounttype, endemailmode, startemailmode, trusted, lastlogin, payment_details"; ""; false
UPDATE; "UPDATE $DBPrefix auctions set starts=starts, ends= $NOW , num_bids=num_bids+1, current_bid= doubleval($buy_now_price) where id= intval($_REQUEST[id])"; PHPAUCTIONXL_auctions; "starts, ends, num_bids, current_bid"; "$NOW, doubleval($buy_now_price)"; false
INSERT; "INSERT INTO $DBPrefix bids VALUES (NULL, intval($_REQUEST[id]) , intval($bidder_id) , doubleval($buy_now_price) , $NOW , 0)"; NA; ""; "intval($_REQUEST["id"]), intval($bidder_id), doubleval($buy_now_price), $NOW"; false
UPDATE; "update $DBPrefix counters set bids = (bids+1)"; PHPAUCTIONXL_counters; "bids"; ""; true
SELECT; "SELECT a.auction, a.seller, a.winner, a.bid, a.fee, b.id, b.current_bid FROM $DBPrefix winners a, $DBPrefix auctions b WHERE a.auction=b.id AND (b.closed=1 OR b.closed=-1) AND b.suspended=0 AND a.winner= $_SESSION[PHPAUCTION_LOGGED_IN] ORDER BY a.closingdate DESC"; PHPAUCTIONXL_auctions; "aauction, aseller, awinner, abid, afee, bid, bcurrentbid"; ""; true
SELECT; "SELECT title, ends FROM $DBPrefix auctions WHERE id= $row[auction]"; PHPAUCTIONXL_auctions; "title, ends"; "$row["auction"]"; false
SELECT; "SELECT nick, email, payment_details FROM $DBPrefix users WHERE id= $row[seller]"; PHPAUCTIONXL_users; "nick, email, paymentdetails"; "$row["seller"]"; false
SELECT; "SELECT quantity FROM $DBPrefix bids WHERE bidder= $_SESSION[PHPAUCTION_LOGGED_IN] AND auction= $row[auction]"; PHPAUCTIONXL_bids; "quantity"; "$row["auction"]"; true
SELECT; "SELECT * FROM $DBPrefix feedbacks WHERE auction_id = $row[auction] AND rated_user_id = $row[seller] AND (rater_user_nick = $_SESSION[PHPAUCTION_LOGGED_IN_USERNAME] OR rater_user_nick=autofeedback)"; PHPAUCTIONXL_feedbacks; "id, rated_user_id, rater_user_nick, feedback, rate, feedbackdate, auction_id"; "$row["auction"], $row["seller"]"; false
SELECT; "SELECT a.auction, a.seller, a.winner, a.bid, a.fee, b.id, b.current_bid, b.title FROM $DBPrefix winners a, $DBPrefix auctions b WHERE a.auction=b.id AND (b.closed=1 OR b.closed=-1) AND b.suspended=0 AND (a.fee in (0, 3) OR $SETTINGS[invoicing] =y) AND a.winner= $_SESSION[PHPAUCTION_LOGGED_IN]"; PHPAUCTIONXL_auctions; "aauction, aseller, awinner, abid, afee, bid, bcurrentbid, btitle"; ""; false
SELECT; "SELECT * FROM $DBPrefix feedbacks WHERE auction_id = $row[id] AND rated_user_id = $row[seller] AND (rater_user_nick = $_SESSION[PHPAUCTION_LOGGED_IN_USERNAME] OR rater_user_nick=autofeedback)"; PHPAUCTIONXL_feedbacks; "id, rated_user_id, rater_user_nick, feedback, rate, feedbackdate, auction_id"; "$row["seller"]"; false
SELECT; "SELECT nick, email FROM $DBPrefix users WHERE id= $row[seller]"; PHPAUCTIONXL_users; "nick, email"; "$row["seller"]"; false
SELECT; "SELECT quantity FROM $DBPrefix bids WHERE bidder= $_SESSION[PHPAUCTION_LOGGED_IN] AND auction= $row[auction] ORDER BY id DESC"; PHPAUCTIONXL_bids; "quantity"; "$row["auction"]"; true
SELECT; "SELECT a.auction, a.seller, a.winner, a.bid, a.fee, b.id, b.current_bid, b.title FROM $DBPrefix winners a, $DBPrefix auctions b WHERE a.auction=b.id AND (b.closed=1 OR b.closed=-1) AND b.suspended=0 AND (a.fee in (0, 2) OR $SETTINGS[invoicing] =y) AND a.seller= $_SESSION[PHPAUCTION_LOGGED_IN]"; PHPAUCTIONXL_auctions; "aauction, aseller, awinner, abid, afee, bid, bcurrentbid, btitle"; ""; false
SELECT; "SELECT * FROM $DBPrefix feedbacks WHERE auction_id = $row[id] AND rated_user_id = $row[winner] AND (rater_user_nick = $_SESSION[PHPAUCTION_LOGGED_IN_USERNAME] OR rater_user_nick=autofeedback)"; PHPAUCTIONXL_feedbacks; "id, rated_user_id, rater_user_nick, feedback, rate, feedbackdate, auction_id"; "$row["winner"]"; false
SELECT; "SELECT nick, email FROM $DBPrefix users WHERE id= $row[winner]"; PHPAUCTIONXL_users; "nick, email"; "$row["winner"]"; false
SELECT; "SELECT quantity FROM $DBPrefix bids WHERE bidder= $row[winner] AND auction= $row[auction] ORDER BY id DESC"; PHPAUCTIONXL_bids; "quantity"; "$row["winner"], $row["auction"]"; true
SELECT; "SELECT * FROM $DBPrefix categories ORDER BY cat_id"; PHPAUCTIONXL_categories; "cat_id, parent_id, cat_name, deleted, sub_counter, counter, cat_colour, cat_image, feesfree"; ""; false
SELECT; "SELECT cat_name FROM $DBPrefix cats_translated WHERE cat_id= intval($cat_id) AND lang= $language"; PHPAUCTIONXL_cats_translated; "catname"; "intval($cat_id), $language"; false
UPDATE; "UPDATE $DBPrefix banners set clicks=clicks+1 WHERE id= intval($_GET[banner])"; PHPAUCTIONXL_banners; "clicks"; ""; true
SELECT; "SELECT count(id) As auctions FROM $DBPrefix auctions WHERE user= addslashes($user_id) AND closed=1"; PHPAUCTIONXL_auctions; "id"; "addslashes($user_id)"; true
SELECT; "SELECT * FROM $DBPrefix auctions WHERE user= addslashes($_GET[user_id]) AND closed=1"; PHPAUCTIONXL_auctions; "id, user, title, starts, description, pict_url, category, minimum_bid, reserve_price, buy_now, auction_type, duration, increment, location, location_zip, shipping, payment, international, ends, current_bid, closed, photo_uploaded, quantity, suspended, private, relist, relisted, num_bids, sold, shipping_terms, bn_only, adultonly"; "addslashes($_GET["user_id"])"; false
SELECT; "SELECT bid FROM $DBPrefix bids WHERE auction= $row[id]"; PHPAUCTIONXL_bids; "bid"; "$row[id]"; true
SELECT; "SELECT * FROM $DBPrefix users WHERE id= htmlspecialchars($user_id)"; PHPAUCTIONXL_users; "id, nick, password, name, address, city, prov, country, zip, phone, email, reg_date, rate_sum, rate_num, birthdate, suspended, nletter, balance, auc_watch, item_watch, creditcard, exp_month, exp_year, card_owner, card_zip, accounttype, endemailmode, startemailmode, trusted, lastlogin, payment_details"; "htmlspecialchars($user_id)"; false
SELECT; "SELECT suspended FROM $DBPrefix users WHERE id= intval($_GET[id])"; PHPAUCTIONXL_users; "suspended"; ""; true
UPDATE; "UPDATE $DBPrefix users SET suspended=0, reg_date=reg_date where id= intval($_POST[id]) and suspended = 8"; NA; ""; ""; false
UPDATE; "UPDATE $DBPrefix counters SET users=(users+1), inactiveusers=(inactiveusers-1)"; PHPAUCTIONXL_counters; "users, inactiveusers"; ""; true
OTHER; "DELETE FROM $DBPrefix users where id= intval($_POST[id])"; NA; ""; ""; true
UPDATE; "UPDATE $DBPrefix counters SET inactiveusers=(inactiveusers-1)"; PHPAUCTIONXL_counters; "inactiveusers"; ""; true
SELECT; "SELECT cat_id, parent_id, sub_counter, counter FROM $DBPrefix categories ORDER BY cat_id"; PHPAUCTIONXL_categories; "catid, parentid, subcounter, counter"; ""; true
SELECT; "SELECT * FROM $DBPrefix auctions WHERE ends <= $NOW AND ((closed=0) OR (closed=1 AND reserve_price > 0 AND num_bids > 0 AND current_bid < reserve_price AND sold=s))"; PHPAUCTIONXL_auctions; "id, user, title, starts, description, pict_url, category, minimum_bid, reserve_price, buy_now, auction_type, duration, increment, location, location_zip, shipping, payment, international, ends, current_bid, closed, photo_uploaded, quantity, suspended, private, relist, relisted, num_bids, sold, shipping_terms, bn_only, adultonly"; ""; false
SELECT; "SELECT nick, email, item_watch FROM $DBPrefix users"; PHPAUCTIONXL_users; "nick, email, itemwatch"; ""; false
UPDATE; "UPDATE $DBPrefix counters SET auctions=(auctions-1), closedauctions=(closedauctions+1)"; PHPAUCTIONXL_counters; "auctions, closedauctions"; ""; true
SELECT; "SELECT * FROM $DBPrefix users WHERE id= $Auction[user]"; PHPAUCTIONXL_users; "id, nick, password, name, address, city, prov, country, zip, phone, email, reg_date, rate_sum, rate_num, birthdate, suspended, nletter, balance, auc_watch, item_watch, creditcard, exp_month, exp_year, card_owner, card_zip, accounttype, endemailmode, startemailmode, trusted, lastlogin, payment_details"; "$Auction["user"]"; false
SELECT; "SELECT * FROM $DBPrefix bids WHERE auction= $row[id] ORDER BY bid DESC"; PHPAUCTIONXL_bids; "id, auction, bidder, bid, bidwhen, quantity"; ""; false
SELECT; "SELECT * FROM $DBPrefix users WHERE id= $WinnerBid[bidder]"; PHPAUCTIONXL_users; "id, nick, password, name, address, city, prov, country, zip, phone, email, reg_date, rate_sum, rate_num, birthdate, suspended, nletter, balance, auc_watch, item_watch, creditcard, exp_month, exp_year, card_owner, card_zip, accounttype, endemailmode, startemailmode, trusted, lastlogin, payment_details"; ""; false
INSERT; "INSERT INTO $DBPrefix winners VALUES (NULL, $Auction[id] , $Seller[id] , $Winner[id] , $Auction[current_bid] , $NOW , 0)"; PHPAUCTIONXL_winners; "id, auction, seller, winner, bid, closingdate, fee"; "$Auction["id"], $Seller["id"], $Winner["id"], $Auction["current_bid"], $NOW"; true
UPDATE; "UPDATE $DBPrefix counters SET bids=(bids- $decrem )"; PHPAUCTIONXL_counters; "bids"; "$decrem"; true
SELECT; "SELECT max(id) as mid FROM $DBPrefix bids WHERE auction = $Auction[id] GROUP BY bidder"; PHPAUCTIONXL_bids; "id"; "$Auction"; true
SELECT; "SELECT * FROM $DBPrefix bids WHERE id in $incl ORDER BY bid DESC"; PHPAUCTIONXL_bids; "id, auction, bidder, bid, bidwhen, quantity"; "$incl"; false
UPDATE; "UPDATE $DBPrefix counters SET bids=(bids- $numDbids )"; PHPAUCTIONXL_counters; "bids"; "$numDbids"; true
SELECT; "SELECT nick, email, name, address, city, zip, prov, country FROM $DBPrefix users WHERE id= $row[bidder]"; PHPAUCTIONXL_users; "nick, email, name, address, city, zip, prov, country"; "$row["bidder"]"; false
INSERT; "INSERT INTO $DBPrefix winners VALUES (NULL, $Auction[id] , $Seller[id] , $row[bidder] , $row[bid] , . $NOW ., 0)"; PHPAUCTIONXL_winners; "id, auction, seller, winner, bid, closingdate, fee"; "$Auction["id"], $Seller["id"], $row["bidder"], $row["bid"], $NOW"; true
UPDATE; "UPDATE $DBPrefix counters SET transactions=(transactions+1)"; PHPAUCTIONXL_counters; "transactions"; ""; true
SELECT; "SELECT id FROM $DBPrefix bids WHERE auction= $Auction[id]"; PHPAUCTIONXL_bids; "id"; ""; true
OTHER; "DELETE $DBPrefix bids where auction= $Auction[id]"; NA; ""; ""; true
OTHER; "DELETE $DBPrefix proxybid where itemid= $Auction[id]"; NA; ""; ""; true
UPDATE; "UPDATE $DBPrefix auctions SET starts= $_STARTS , ends= $_ENDS , current_bid=0, num_bids=0, relisted=relisted+1 where id= $Auction[id]"; PHPAUCTIONXL_auctions; "starts, ends, current_bid, num_bids, relisted"; "$_STARTS, $_ENDS"; false
UPDATE; "UPDATE $DBPrefix auctions SET closed=1, starts= $Auction[starts] , ends= $Auction[ends] , sold=CASE sold WHEN s THEN y ELSE sold END WHERE id= $Auction[id]"; PHPAUCTIONXL_auctions; "closed, starts, ends, sold"; "starts, $Auction[starts], $Auction[ends]"; false
UPDATE; "UPDATE $DBPrefix auctions SET closed=1, starts= $Auction[starts] , ends= $Auction[ends] , sold=CASE sold WHEN s THEN y ELSE sold END WHERE id= $Auction[id]"; PHPAUCTIONXL_auctions; "closed, starts, ends, sold"; "starts, $Auction[starts], $Auction[ends]"; false
INSERT; "INSERT INTO $DBPrefix pendingnotif VALUES ( NULL, $Auction[id] , $Seller[id] , , serialize($Auction) , serialize($Seller) , date(Ymd) )"; PHPAUCTIONXL_pendingnotif; "id, auction_id, seller_id, winners, auction, seller, thisdate"; "$Auction["id"], $Seller["id"], serialize($Auction), serialize($Seller), date("Ymd")"; false
UPDATE; "UPDATE $DBPrefix categories SET counter= $category[counter] , sub_counter= $category[sub_counter] WHERE cat_id= $cat_id"; PHPAUCTIONXL_categories; "counter, sub_counter"; "$category["counter"], "sub_counter", $category["sub_counter"]"; true
SELECT; "SELECT * FROM $DBPrefix auctions WHERE ends<= $expiredTime"; PHPAUCTIONXL_auctions; "id, user, title, starts, description, pict_url, category, minimum_bid, reserve_price, buy_now, auction_type, duration, increment, location, location_zip, shipping, payment, international, ends, current_bid, closed, photo_uploaded, quantity, suspended, private, relist, relisted, num_bids, sold, shipping_terms, bn_only, adultonly"; "$expiredTime"; false
OTHER; "DELETE FROM $DBPrefix auctions WHERE id= $AuctionInfo[id]"; NA; ""; ""; true
SELECT; "SELECT * FROM $DBPrefix bids WHERE auction= $AuctionInfo[id]"; PHPAUCTIONXL_bids; "id, auction, bidder, bid, bidwhen, quantity"; ""; false
OTHER; "delete from $DBPrefix bids where auction= $row[auction]"; NA; ""; ""; true
OTHER; "delete from $DBPrefix proxybid WHERE itemid= $AuctionInfo[id]"; NA; ""; ""; true
OTHER; "delete from $DBPrefix auccounter WHERE auction_id= $AuctionInfo[id]"; NA; ""; ""; true
SELECT; "SELECT * FROM $DBPrefix auctions WHERE ends<= $NOW AND closed=-1"; PHPAUCTIONXL_auctions; "id, user, title, starts, description, pict_url, category, minimum_bid, reserve_price, buy_now, auction_type, duration, increment, location, location_zip, shipping, payment, international, ends, current_bid, closed, photo_uploaded, quantity, suspended, private, relist, relisted, num_bids, sold, shipping_terms, bn_only, adultonly"; ""; false
SELECT; "SELECT * FROM $DBPrefix users WHERE id= $auction_result[user]"; PHPAUCTIONXL_users; "id, nick, password, name, address, city, prov, country, zip, phone, email, reg_date, rate_sum, rate_num, birthdate, suspended, nletter, balance, auc_watch, item_watch, creditcard, exp_month, exp_year, card_owner, card_zip, accounttype, endemailmode, startemailmode, trusted, lastlogin, payment_details"; "$auction_result["user"]"; false
SELECT; "SELECT * FROM $DBPrefix bids WHERE auction= $auction_result[id] ORDER BY bid DESC"; PHPAUCTIONXL_bids; "id, auction, bidder, bid, bidwhen, quantity"; "$auction_result["id"]"; false
SELECT; "SELECT * FROM $DBPrefix users WHERE id= $WinnerBid[bidder]"; PHPAUCTIONXL_users; "id, nick, password, name, address, city, prov, country, zip, phone, email, reg_date, rate_sum, rate_num, birthdate, suspended, nletter, balance, auc_watch, item_watch, creditcard, exp_month, exp_year, card_owner, card_zip, accounttype, endemailmode, startemailmode, trusted, lastlogin, payment_details"; ""; false
SELECT; "SELECT pict_url from $DBPrefix auctions where photo_uploaded=1"; PHPAUCTIONXL_auctions; "picturl"; ""; false
SELECT; "SELECT id from $DBPrefix auctions"; PHPAUCTIONXL_auctions; "id"; ""; true
SELECT; "SELECT name from $DBPrefix banners"; PHPAUCTIONXL_banners; "name"; ""; false
UPDATE; "UPDATE $DBPrefix wanted SET closed=1 WHERE ends <= $NOW"; NA; ""; ""; false
OTHER; "DELETE FROM $DBPrefix wanted WHERE ends<= $expiredTime"; NA; ""; ""; true
SELECT; "SELECT a.user FROM $DBPrefix auctions a, $DBPrefix users u WHERE a.closed=1 AND a.ends<= $today AND a.ends>= $yesterday AND a.user=u.id AND u.emailmode=cum GROUP BY user"; PHPAUCTIONXL_auctions; "auser"; "$today, $yesterday"; true
SELECT; "SELECT * FROM $DBPrefix users WHERE id= $seller[user]"; PHPAUCTIONXL_users; "id, nick, password, name, address, city, prov, country, zip, phone, email, reg_date, rate_sum, rate_num, birthdate, suspended, nletter, balance, auc_watch, item_watch, creditcard, exp_month, exp_year, card_owner, card_zip, accounttype, endemailmode, startemailmode, trusted, lastlogin, payment_details"; "$seller["user"]"; false
SELECT; "SELECT id, title, ends FROM $DBPrefix auctions WHERE closed=1 AND ends<= $today AND ends>= $yesterday AND user= $seller[user]"; PHPAUCTIONXL_auctions; "id, title, ends"; "$today, $yesterday, $seller["user"]"; false
SELECT; "SELECT id FROM $DBPrefix users WHERE endemailmode=cum"; PHPAUCTIONXL_users; "id"; ""; true
SELECT; "SELECT * FROM $DBPrefix pendingnotif WHERE thisdate< date(Ymd) AND seller_id= $row[id]"; PHPAUCTIONXL_pendingnotif; "id, auction_id, seller_id, winners, auction, seller, thisdate"; ""; false
OTHER; "DELETE FROM $DBPrefix pendingnotif WHERE id= $pending[id]"; NA; ""; ""; true
SELECT; "SELECT id from $DBPrefix bids where auction= intval($_GET[id])"; PHPAUCTIONXL_bids; "id"; "intval($_GET[id])"; true
SELECT; "SELECT * FROM $DBPrefix auctions WHERE id= intval($_GET[id]) AND user= $_SESSION[PHPAUCTION_LOGGED_IN]"; PHPAUCTIONXL_auctions; "id, user, title, starts, description, pict_url, category, minimum_bid, reserve_price, buy_now, auction_type, duration, increment, location, location_zip, shipping, payment, international, ends, current_bid, closed, photo_uploaded, quantity, suspended, private, relist, relisted, num_bids, sold, shipping_terms, bn_only, adultonly"; ""; false
SELECT; "SELECT * FROM $DBPrefix categories WHERE cat_id= intval($_SESSION[sellcat])"; PHPAUCTIONXL_categories; "cat_id, parent_id, cat_name, deleted, sub_counter, counter, cat_colour, cat_image, feesfree"; ""; false
SELECT; "SELECT * FROM $DBPrefix categories WHERE cat_id= $row[parent_id]"; PHPAUCTIONXL_categories; "cat_id, parent_id, cat_name, deleted, sub_counter, counter, cat_colour, cat_image, feesfree"; "$row["parent_id"]"; false
SELECT; "SELECT * FROM $DBPrefix featured WHERE auction= intval($_GET[id])"; PHPAUCTIONXL_freecategories; "category"; ""; true
OTHER; "WHERE nick= $_SESSION[PHPAUCTION_LOGGED_IN_USERNAME]"; NA; ""; ""; true
SELECT; "select * from $DBPrefix users where nick= $_SESSION[PHPAUCTION_LOGGED_IN_USERNAME]"; PHPAUCTIONXL_users; "id, nick, password, name, address, city, prov, country, zip, phone, email, reg_date, rate_sum, rate_num, birthdate, suspended, nletter, balance, auc_watch, item_watch, creditcard, exp_month, exp_year, card_owner, card_zip, accounttype, endemailmode, startemailmode, trusted, lastlogin, payment_details"; ""; false
SELECT; "select * from $DBPrefix users where nick= $_SESSION[PHPAUCTION_LOGGED_IN_USERNAME]"; PHPAUCTIONXL_users; "id, nick, password, name, address, city, prov, country, zip, phone, email, reg_date, rate_sum, rate_num, birthdate, suspended, nletter, balance, auc_watch, item_watch, creditcard, exp_month, exp_year, card_owner, card_zip, accounttype, endemailmode, startemailmode, trusted, lastlogin, payment_details"; ""; false
SELECT; "select * FROM $DBPrefix users WHERE id= intval($_REQUEST[user_id])"; PHPAUCTIONXL_users; "id, nick, password, name, address, city, prov, country, zip, phone, email, reg_date, rate_sum, rate_num, birthdate, suspended, nletter, balance, auc_watch, item_watch, creditcard, exp_month, exp_year, card_owner, card_zip, accounttype, endemailmode, startemailmode, trusted, lastlogin, payment_details"; ""; false
INSERT; "INSERT INTO $DBPrefix messages( sentto , from , when , message , subject ) VALUES ( $user_id , $userid , $time , $nowmessage , $subject )"; PHPAUCTIONXL_messages; "sentto, , from, when, message, subject"; "$user_id, $time, $nowmessage, $subject"; false
SELECT; "SELECT * from $DBPrefix faqscat_translated WHERE lang= $language order by category"; PHPAUCTIONXL_faqscat_translated; "id, lang, category"; "$language"; false
SELECT; "SELECT winner, seller FROM $DBPrefix winners WHERE auction = intval($_REQUEST[auction_id])"; PHPAUCTIONXL_winners; "winner, seller"; ""; true
SELECT; "SELECT id, nick FROM $DBPrefix users WHERE nick= AddSlashes($_POST[TPL_nick_hidden])"; PHPAUCTIONXL_users; "id, nick"; ""; false
SELECT; "SELECT id, nick, password FROM $DBPrefix users WHERE nick= AddSlashes($_POST[TPL_rater_nick])"; PHPAUCTIONXL_users; "id, nick, password"; ""; false
SELECT; "SELECT rate_sum, rate_num FROM $DBPrefix users WHERE id= intval($secid)"; PHPAUCTIONXL_users; "ratesum, ratenum"; "intval($secid)"; true
SELECT; "SELECT * FROM $DBPrefix feedbacks WHERE rated_user_id= intval($_GET[id]) AND rater_user_nick= AddSlashes($secTPL_rater_nick) AND auction_id = intval($_REQUEST[auction_id])"; PHPAUCTIONXL_feedbacks; "id, rated_user_id, rater_user_nick, feedback, rate, feedbackdate, auction_id"; "AddSlashes($secTPL_rater_nick), "auction_id""; false
SELECT; "SELECT * FROM $DBPrefix feedbacks WHERE rated_user_id= intval($_GET[id]) AND rater_user_nick= AddSlashes($secTPL_rater_nick) AND rate= intval($_POST[TPL_rate])"; PHPAUCTIONXL_feedbacks; "id, rated_user_id, rater_user_nick, feedback, rate, feedbackdate, auction_id"; "AddSlashes($secTPL_rater_nick)"; false
UPDATE; "UPDATE $DBPrefix users SET rate_sum= intval($arr[rate_sum]) , rate_num= intval($arr[rate_num]) , reg_date=reg_date WHERE id= intval($secid)"; NA; ""; "intval($arr["rate_sum"])"; false
INSERT; "INSERT INTO $DBPrefix feedbacks (rated_user_id, rater_user_nick, feedback, rate, feedbackdate, auction_id) VALUES ( intval($secid) , addslashes($secTPL_rater_nick) , addslashes($secTPL_feedback) , intval($_POST[TPL_rate]) , $NOW , intval($_REQUEST[auction_id]) )"; PHPAUCTIONXL_feedbacks; "rated_user_id, rater_user_nick, feedback, rate, feedbackdate, auction_id"; "intval($secid), addslashes($secTPL_rater_nick), addslashes($secTPL_feedback), intval($_POST["TPL_rate"]), $NOW, intval($_REQUEST["auction_id"])"; false
SELECT; "SELECT nick, rate_sum, rate_num FROM $DBPrefix users WHERE id= intval($secid)"; PHPAUCTIONXL_users; "nick, ratesum, ratenum"; "intval($secid)"; false
SELECT; "SELECT rate_sum FROM $DBPrefix users WHERE id= intval($secid)"; PHPAUCTIONXL_users; "ratesum"; "intval($secid)"; true
SELECT; "SELECT f.*, a.title FROM $DBPrefix feedbacks f LEFT OUTER JOIN $DBPrefix auctions a ON a.id=f.auction_id WHERE rated_user_id= intval($secid) ORDER by feedbackdate DESC LIMIT intval($left_limit) , intval($lines)"; PHPAUCTIONXL_feedbacks; "f, atitle"; "intval($secid), intval($left_limit), intval($lines)"; false
SELECT; "SELECT id, rate_num, rate_sum FROM $DBPrefix users WHERE nick= $feed_disp[$i][username]"; PHPAUCTIONXL_users; "id, ratenum, ratesum"; "$feed_disp[$i]["username"]"; true
SELECT; "SELECT * FROM $DBPrefix feedforum WHERE feed_id= intval($arrfeed[id]) ORDER BY seqnum ASC"; PHPAUCTIONXL_feedforum; "id, feed_id, user_id, seqnum, commentdate, COMMENT"; "intval($arrfeed["id"])"; false
SELECT; "SELECT email, id FROM $DBPrefix users WHERE nick= AddSlashes($_POST[TPL_username]) OR email= addslashes($_POST[TPL_username])"; PHPAUCTIONXL_users; "email, id"; ""; false
SELECT; "SELECT language FROM $DBPrefix userslanguage WHERE user= intval($ID)"; PHPAUCTIONXL_userslanguage; "language"; "intval($ID)"; false
UPDATE; "update $DBPrefix users set password= md5($MD5_PREFIX . $NEWPASSWD) , reg_date=reg_date WHERE nick= AddSlashes($_POST[TPL_username]) OR email= $_POST[TPL_username]"; NA; ""; "$NEWPASSWD"; false
SELECT; "select title, category from $DBPrefix auctions where id= intval($_GET[id])"; PHPAUCTIONXL_auctions; "title, category"; ""; false
SELECT; "SELECT userid FROM $DBPrefix rememberme WHERE hashkey= addslashes($_COOKIE[PHPAUCTION_RM_ID])"; PHPAUCTIONXL_rememberme; "userid"; ""; true
SELECT; "SELECT id, email, nick, name FROM $DBPrefix users WHERE id= intval(mysql_result($res, 0, userid))"; PHPAUCTIONXL_users; "id, email, nick, name"; ""; false
SELECT; "select helptext from $DBPrefix help where topic= intval($topic)"; NA; "helptext"; "intval($topic)"; false
SELECT; "select topic from $DBPrefix help order by topic"; NA; "topic"; ""; false
SELECT; "SELECT startemailmode FROM $DBPrefix users WHERE id= $_SESSION[PHPAUCTION_LOGGED_IN]"; PHPAUCTIONXL_users; "startemailmode"; ""; false
SELECT; "SELECT language FROM $DBPrefix userslanguage WHERE user= $_SESSION[PHPAUCTION_LOGGED_IN]"; PHPAUCTIONXL_userslanguage; "language"; ""; false
SELECT; "SELECT * FROM $DBPrefix altpayments"; PHPAUCTIONXL_altpayments; "id, title, description"; ""; false
SELECT; "SELECT banemail FROM $DBPrefix usersettings"; PHPAUCTIONXL_usersettings; "banemail"; ""; false
SELECT; "SELECT * FROM $DBPrefix bannerssettings"; PHPAUCTIONXL_bannerssettings; "id, sizetype, width, height"; ""; true
SELECT; "SELECT * FROM $DBPrefix bannerscategories WHERE category= intval($GLOBALS[id])"; PHPAUCTIONXL_bannerscategories; "banner, category"; ""; true
SELECT; "SELECT * FROM $DBPrefix bannerskeywords WHERE INSTR( $GLOBALS[title] , keyword) OR INSTR( $GLOBALS[description] , keyword)"; PHPAUCTIONXL_bannerskeywords; "banner, keyword"; ""; false
SELECT; "SELECT * FROM $DBPrefix bannerscategories WHERE category= $GLOBALS[category]"; PHPAUCTIONXL_bannerscategories; "banner, category"; ""; true
SELECT; "SELECT * FROM $DBPrefix banners"; PHPAUCTIONXL_banners; "id, name, type, views, clicks, url, sponsortext, alt, purchased, width, height, user"; ""; false
SELECT; "SELECT banner FROM $DBPrefix bannerscategories WHERE banner= $row[id]"; PHPAUCTIONXL_bannerscategories; "banner"; ""; true
SELECT; "SELECT banner FROM $DBPrefix bannerskeywords WHERE banner= $row[id]"; PHPAUCTIONXL_bannerskeywords; "banner"; ""; true
SELECT; "SELECT * FROM $DBPrefix banners WHERE id= $BANNERTOSHOW"; PHPAUCTIONXL_banners; "id, name, type, views, clicks, url, sponsortext, alt, purchased, width, height, user"; ""; false
UPDATE; "UPDATE $DBPrefix banners set views=views+1 WHERE id= $THISBANNER[id]"; PHPAUCTIONXL_banners; "views"; ""; true
SELECT; "SELECT bid FROM $DBPrefix bids WHERE auction= $row[id]"; PHPAUCTIONXL_bids; "bid"; ""; true
SELECT; "SELECT * FROM $DBPrefix rates WHERE symbol= $FROM"; PHPAUCTIONXL_rates; "id, ime, valuta, rate, sifra, symbol"; ""; false
SELECT; "SELECT * FROM $DBPrefix rates WHERE symbol= $INTO"; PHPAUCTIONXL_rates; "id, ime, valuta, rate, sifra, symbol"; ""; false
SELECT; "select *, NOW()-(last_update) as dif from $DBPrefix lastupdate;"; PHPAUCTIONXL_lastupdate; ", lastupdate"; ""; false
SELECT; "SELECT * FROM $DBPrefix rates WHERE sifra= $ime[0]"; PHPAUCTIONXL_rates; "id, ime, valuta, rate, sifra, symbol"; "$ime[0]"; false
INSERT; "INSERT INTO $DBPrefix rates VALUES( NULL, $ime[0] , , $usd , $ime[0] )"; NA; ""; "$ime[0], $usd"; false
UPDATE; "UPDATE $DBPrefix rates SET rate= $usd WHERE sifra= $ime[0]"; NA; ""; "$usd"; false
UPDATE; "UPDATE $DBPrefix lastupdate SET last_update=NOW();"; PHPAUCTIONXL_lastupdate; ""; ""; true
SELECT; "select nick from $DBPrefix users where nick= $nick"; PHPAUCTIONXL_users; "nick"; "$nick"; false
SELECT; "SELECT language FROM $DBPrefix userslanguage WHERE user= $Winner[id]"; PHPAUCTIONXL_userslanguage; "language"; ""; false
SELECT; "SELECT language FROM $DBPrefix userslanguage WHERE user= $row[id]"; PHPAUCTIONXL_userslanguage; "language"; ""; false
SELECT; "SELECT endemailmode FROM $DBPrefix users WHERE id= $Seller[id]"; PHPAUCTIONXL_users; "endemailmode"; ""; false
SELECT; "SELECT language FROM $DBPrefix userslanguage WHERE user= $Seller[id]"; PHPAUCTIONXL_userslanguage; "language"; ""; false
SELECT; "SELECT endemailmode FROM $DBPrefix users WHERE id= $Seller[id]"; PHPAUCTIONXL_users; "endemailmode"; ""; false
SELECT; "SELECT language FROM $DBPrefix userslanguage WHERE user= $Seller[id]"; PHPAUCTIONXL_userslanguage; "language"; ""; false
SELECT; "SELECT endemailmode FROM $DBPrefix users WHERE id= $Seller[id]"; PHPAUCTIONXL_users; "endemailmode"; ""; false
SELECT; "SELECT language FROM $DBPrefix userslanguage WHERE user= $Seller[id]"; PHPAUCTIONXL_userslanguage; "language"; ""; false
SELECT; "SELECT endemailmode FROM $DBPrefix users WHERE id= $Seller[id]"; PHPAUCTIONXL_users; "endemailmode"; ""; false
SELECT; "SELECT language FROM $DBPrefix userslanguage WHERE user= $Seller[id]"; PHPAUCTIONXL_userslanguage; "language"; ""; false
SELECT; "SELECT language FROM $DBPrefix userslanguage WHERE user= $Winner[id]"; PHPAUCTIONXL_userslanguage; "language"; ""; false
SELECT; "SELECT language FROM $DBPrefix userslanguage WHERE user= $Winner[id]"; PHPAUCTIONXL_userslanguage; "language"; ""; false
SELECT; "SELECT language FROM $DBPrefix userslanguage WHERE user= $Winner[id]"; PHPAUCTIONXL_userslanguage; "language"; ""; false
SELECT; "SELECT * FROM $DBPrefix https"; PHPAUCTIONXL_https; "https, httpsurl"; ""; false
SELECT; "SELECT language FROM $DBPrefix userslanguage WHERE user= $user[buyer_id]"; PHPAUCTIONXL_userslanguage; "language"; "$user[buyer_id]"; false
SELECT; "SELECT id FROM $DBPrefix usersips WHERE ip= $_SERVER[REMOTE_ADDR] AND action=deny"; PHPAUCTIONXL_usersips; "id"; ""; true
SELECT; "SELECT * FROM $DBPrefix users WHERE nick= $sendto"; PHPAUCTIONXL_users; "id, nick, password, name, address, city, prov, country, zip, phone, email, reg_date, rate_sum, rate_num, birthdate, suspended, nletter, balance, auc_watch, item_watch, creditcard, exp_month, exp_year, card_owner, card_zip, accounttype, endemailmode, startemailmode, trusted, lastlogin, payment_details"; "$sendto"; false
SELECT; "SELECT * FROM $DBPrefix messages WHERE sentto= $sendtoid"; PHPAUCTIONXL_messages; "id, sentto, from, when, message, read, subject, replied, noticed"; "$sendtoid"; false
INSERT; "INSERT INTO $DBPrefix messages( sentto , from , when , message , subject ) VALUES ( $sendtoid , $userid , $time , $nowmessage , $subject )"; PHPAUCTIONXL_messages; "sentto, , from, when, message, subject"; "$sendtoid, $userid, $time, $nowmessage, $subject"; false
UPDATE; "UPDATE $DBPrefix messages SET replied=1 WHERE id= $reply"; PHPAUCTIONXL_messages; "replied"; ""; true
OTHER; "DELETE FROM $DBPrefix userslanguage WHERE user= $_SESSION[PHPAUCTION_LOGGED_IN]"; NA; ""; ""; true
INSERT; "INSERT INTO $DBPrefix userslanguage VALUES( $_SESSION[PHPAUCTION_LOGGED_IN] , $language )"; PHPAUCTIONXL_userslanguage; "user, language"; "$_SESSION["PHPAUCTION_LOGGED_IN"], $language"; true
SELECT; "SELECT language FROM $DBPrefix userslanguage WHERE user= $OldWinner_id"; PHPAUCTIONXL_userslanguage; "language"; "$OldWinner_id"; false
OTHER; "SHOW TABLES FROM $DbDatabase"; NA; ""; ""; true
SELECT; "select * from $DBPrefix settings"; PHPAUCTIONXL_settings; "sitename, siteurl, cookiesprefix, loginbox, newsbox, newstoshow, moneyformat, moneydecimals, moneysymbol, currency, showacceptancetext, acceptancetext, adminmail, banners, newsletter, logo, timecorrection, cron, archiveafter, datesformat, feetype, sellersetupfee, sellersetuptype, sellerfinalfee, sellerfinaltype, sellersetupvalue, sellerfinalvalue, buyerfinalfee, buyerfinaltype, buyerfinalvalue, paypaladdress, errortext, errormail, signupfee, signupvalue, picturesgallery, maxpictures, maxpicturesize, picturesgalleryfee, picturesgalleryvalue, buy_now, alignment, featureditemsnumber, featuredcolumns, thimbnailswidth, thumb_show, catfeatureditemsnumber, featureditems, catthumbnailswidth, lastitemsnumber, higherbidsnumber, endingsoonnumber, boards, boardslink, wordsfilter, aboutus, aboutustext, terms, termstext, invoicing, invoicelimit, taxpercentage, invoicetheadmin, userscreditcard, defaultcountry, reservefee, reservetype, reservevalue, privatefee, privatefeevalue, privatefeetype, relisting, defaultlanguage, aboutme, pagewidth, pagewidthtype, charge_ivf, charge_ivf_auto, taxname, usignupconfirmation, sbsignupconfirmation, freecatstext, accounttype, catsorting, usersauth, background, brepeat, descriptiontag, keywordstag, maxuploadsize, contactseller, theme, catstoshow, sitemap, uniqueseller, bn_only, adultonly, winner_address, wanted, boardsmsgs"; ""; false
SELECT; "SELECT * FROM $DBPrefix fontsandcolors"; PHPAUCTIONXL_fontsandcolors; "err_font, err_font_size, err_font_color, err_font_bold, err_font_italic, std_font, std_font_size, std_font_color, std_font_bold, std_font_italic, sml_font, sml_font_size, sml_font_color, sml_font_bold, sml_font_italic, tlt_font, tlt_font_size, tlt_font_color, tlt_font_bold, tlt_font_italic, nav_font, nav_font_size, nav_font_color, nav_font_bold, nav_font_italic, footer_font, footer_font_size, footer_font_color, footer_font_bold, footer_font_italic, bordercolor, headercolor, tableheadercolor, linkscolor, vlinkscolor, highlighteditems"; ""; false
SELECT; "SELECT * FROM $DBPrefix statssettings"; PHPAUCTIONXL_statssettings; "activate, accesses, browsers, domains"; ""; true
SELECT; "SELECT month from $DBPrefix currentaccesses LIMIT 1"; PHPAUCTIONXL_currentaccesses; "month"; ""; false
SELECT; "SELECT month, year, SUM(pageviews) as PG, SUM(uniquevisitors) as UN, SUM(usersessions) as SE FROM $DBPrefix currentaccesses GROUP BY month"; PHPAUCTIONXL_currentaccesses; "month, year, pageviews, pg, uniquevisitors, un, usersessions"; ""; false
INSERT; "INSERT INTO $DBPrefix accesseshistoric VALUES( $TMP[month] , $TMP[year] , $TMP[PG] , $TMP[UN] , $TMP[SE] )"; PHPAUCTIONXL_accesseshistoric; "month, year, pageviews, uniquevisitiors, usersessions"; "$TMP["month"], $TMP["year"]"; false
OTHER; "DELETE FROM $DBPrefix currentaccesses"; NA; ""; ""; true
SELECT; "SELECT day, month FROM $DBPrefix currentaccesses WHERE day= $THISDAY AND month= $THISMONTH"; PHPAUCTIONXL_currentaccesses; "day, month"; ""; false
INSERT; "INSERT INTO $DBPrefix currentaccesses VALUES( $THISDAY , $THISMONTH , $THISYEAR , 0, 0, 0)"; PHPAUCTIONXL_currentaccesses; "day, month, year, pageviews, uniquevisitors, usersessions"; "$THISDAY, $THISMONTH, $THISYEAR"; true
UPDATE; "UPDATE $DBPrefix currentaccesses SET pageviews=pageviews+1"; PHPAUCTIONXL_currentaccesses; "pageviews"; ""; true
SELECT; "SELECT month FROM $DBPrefix currentbrowsers WHERE month= $THISMONTH AND year= $THISYEAR AND browser= $BROWSER"; PHPAUCTIONXL_currentbrowsers; "month"; ""; false
INSERT; "INSERT INTO $DBPrefix currentbrowsers VALUES( $THISMONTH , $THISYEAR , $BROWSER , 0)"; PHPAUCTIONXL_currentbrowsers; "month, year, browser, counter"; "$THISMONTH, $THISYEAR, $BROWSER"; false
UPDATE; "UPDATE $DBPrefix currentbrowsers SET counter=counter+1 WHERE browser= $BROWSER AND month= $THISMONTH AND year= $THISYEAR"; PHPAUCTIONXL_currentbrowsers; "counter"; ""; true
SELECT; "SELECT month FROM $DBPrefix currentplatforms WHERE month= $THISMONTH AND year= $THISYEAR AND platform= $PLATFORM"; PHPAUCTIONXL_currentplatforms; "month"; ""; false
INSERT; "INSERT INTO $DBPrefix currentplatforms VALUES( $THISMONTH , $THISYEAR , $PLATFORM , 0)"; PHPAUCTIONXL_currentplatforms; "month, year, platform, counter"; "$THISMONTH, $THISYEAR, $PLATFORM"; false
UPDATE; "UPDATE $DBPrefix currentplatforms SET counter=counter+1 WHERE platform= $PLATFORM AND month= $THISMONTH AND year= $THISYEAR"; PHPAUCTIONXL_currentplatforms; "counter"; ""; true
SELECT; "SELECT month FROM $DBPrefix currentdomains WHERE month= $THISMONTH AND year= $THISYEAR AND domain= $RESOLVEDDOMAIN"; PHPAUCTIONXL_currentdomains; "month"; ""; false
INSERT; "INSERT INTO $DBPrefix currentdomains VALUES( $THISMONTH , $THISYEAR , $RESOLVEDDOMAIN , 0)"; PHPAUCTIONXL_currentdomains; "month, year, domain, counter"; "$THISMONTH, $THISYEAR, $RESOLVEDDOMAIN"; false
UPDATE; "UPDATE $DBPrefix currentdomains SET counter=counter+1 WHERE domain= $RESOLVEDDOMAIN AND month= $THISMONTH AND year= $THISYEAR"; PHPAUCTIONXL_currentdomains; "counter"; ""; true
SELECT; "SELECT * FROM $DBPrefix categories"; PHPAUCTIONXL_categories; "cat_id, parent_id, cat_name, deleted, sub_counter, counter, cat_colour, cat_image, feesfree"; ""; false
SELECT; "SELECT cat_name FROM $DBPrefix cats_translated WHERE lang= $k AND cat_id= $row[cat_id]"; PHPAUCTIONXL_cats_translated; "catname"; "$k, $row["cat_id"]"; false
INSERT; "INSERT INTO $DBPrefix cats_translated VALUES ( $row[cat_id] , $k , addslashes($row[cat_name]) )"; PHPAUCTIONXL_cats_translated; "cat_id, lang, cat_name"; "$row["cat_id"], $k, addslashes($row["cat_name"])"; false
SELECT; "SELECT * FROM $DBPrefix counters"; PHPAUCTIONXL_counters; "users, auctions, closedauctions, inactiveusers, bids, transactions, totalamount, resetdate, fees, suspendedauction"; ""; false
SELECT; "SELECT count(id) as COUNTER from $DBPrefix users WHERE suspended=0"; PHPAUCTIONXL_users; "id"; ""; true
UPDATE; "UPDATE $DBPrefix counters set users= $USERS"; PHPAUCTIONXL_counters; "users"; "$USERS"; true
SELECT; "SELECT count(id) as COUNTER from $DBPrefix users WHERE suspended<>0"; PHPAUCTIONXL_users; "id"; ""; true
UPDATE; "UPDATE $DBPrefix counters set inactiveusers= $USERS"; PHPAUCTIONXL_counters; "inactiveusers"; "$USERS"; true
SELECT; "SELECT count(id) as COUNTER from $DBPrefix auctions WHERE closed=0 and suspended=0 AND private=n AND starts<= $NOW"; PHPAUCTIONXL_auctions; "id"; ""; true
UPDATE; "UPDATE $DBPrefix counters set auctions= $AUCTIONS"; PHPAUCTIONXL_counters; "auctions"; "$AUCTIONS"; true
SELECT; "SELECT count(id) as COUNTER from $DBPrefix auctions WHERE closed<>0 AND private=n"; PHPAUCTIONXL_auctions; "id"; ""; true
UPDATE; "UPDATE $DBPrefix counters set closedauctions= $AUCTIONS"; PHPAUCTIONXL_counters; "closedauctions"; "$AUCTIONS"; true
SELECT; "SELECT count(id) as COUNTER from $DBPrefix auctions WHERE closed=0 and suspended<>0 AND private=n"; PHPAUCTIONXL_auctions; "id"; ""; true
UPDATE; "UPDATE $DBPrefix counters set suspendedauction= $AUCTIONS"; PHPAUCTIONXL_counters; "suspendedauction"; "$AUCTIONS"; true
SELECT; "SELECT a.id, a.auction, b.id FROM $DBPrefix bids a, $DBPrefix auctions b WHERE a.auction=b.id AND b.closed=0 AND b.suspended=0 AND private=n"; PHPAUCTIONXL_auctions; "aid, aauction, bid"; ""; true
UPDATE; "UPDATE $DBPrefix counters set bids= $BIDS"; PHPAUCTIONXL_counters; "bids"; "$BIDS"; true
UPDATE; "UPDATE $DBPrefix categories set counter=0, sub_counter=0"; PHPAUCTIONXL_categories; "counter, sub_counter"; ""; true
SELECT; "SELECT cat_id, parent_id, sub_counter, counter FROM $DBPrefix categories ORDER BY cat_id"; PHPAUCTIONXL_categories; "catid, parentid, subcounter, counter"; ""; true
SELECT; "SELECT category FROM $DBPrefix auctions WHERE closed=0 AND suspended=0 AND starts<= $NOW AND private=n"; PHPAUCTIONXL_auctions; "category"; ""; true
UPDATE; "UPDATE $DBPrefix categories SET counter= $category[counter] , sub_counter= $category[sub_counter] WHERE cat_id= $cat_id"; PHPAUCTIONXL_categories; "counter, sub_counter"; "$category["counter"], "sub_counter", $category["sub_counter"]"; true
UPDATE; "UPDATE $DBPrefix categories set counter=0, sub_counter=0"; PHPAUCTIONXL_categories; "counter, sub_counter"; ""; true
SELECT; "SELECT cat_id, parent_id, sub_counter, counter FROM $DBPrefix categories ORDER BY cat_id"; PHPAUCTIONXL_categories; "catid, parentid, subcounter, counter"; ""; true
UPDATE; "UPDATE $DBPrefix categories set counter=0, sub_counter=0"; PHPAUCTIONXL_categories; "counter, sub_counter"; ""; true
SELECT; "SELECT cat_id, parent_id, sub_counter, counter FROM $DBPrefix categories ORDER BY cat_id"; PHPAUCTIONXL_categories; "catid, parentid, subcounter, counter"; ""; true
SELECT; "SELECT category FROM $DBPrefix auctions WHERE closed=0 AND suspended=0 AND starts<= $NOW AND private=n"; PHPAUCTIONXL_auctions; "category"; ""; true
UPDATE; "UPDATE $DBPrefix categories SET counter= $category[counter] , sub_counter= $category[sub_counter] WHERE cat_id= $cat_id"; PHPAUCTIONXL_categories; "counter, sub_counter"; "$category["counter"], "sub_counter", $category["sub_counter"]"; true
SELECT; "SELECT * FROM $DBPrefix faqs"; PHPAUCTIONXL_faqs; "id, question, answer, category"; ""; false
SELECT; "SELECT * FROM $DBPrefix faqs_translated WHERE lang= $k AND id= $row[id]"; PHPAUCTIONXL_faqs_translated; "id, lang, question, answer"; "$k"; false
INSERT; "INSERT INTO $DBPrefix faqs_translated VALUES ( $row[id] , $k , addslashes($row[question]) , addslashes($row[answer]) )"; PHPAUCTIONXL_faqs_translated; "id, lang, question, answer"; "$k, addslashes($row["question"]), addslashes($row["answer"])"; false
SELECT; "SELECT *, NOW()-(last_update) as dif from $DBPrefix lastupdate"; PHPAUCTIONXL_lastupdate; ", lastupdate"; ""; false
SELECT; "SELECT * FROM $DBPrefix rates WHERE sifra= $ime[0]"; PHPAUCTIONXL_rates; "id, ime, valuta, rate, sifra, symbol"; "$ime[0]"; false
UPDATE; "UPDATE $DBPrefix rates SET rate= $usd WHERE sifra= $ime[0]"; NA; ""; "$usd"; false
UPDATE; "UPDATE $DBPrefix lastupdate SET last_update=NOW();"; PHPAUCTIONXL_lastupdate; ""; ""; true
SELECT; "SELECT * FROM $DBPrefix altpayments"; PHPAUCTIONXL_altpayments; "id, title, description"; ""; false
SELECT; "SELECT * FROM $DBPrefix filterwords"; PHPAUCTIONXL_filterwords; "word"; ""; false
SELECT; "select distinct * from $DBPrefix categories c, $DBPrefix cats_translated t WHERE c.parent_id=0 AND t.cat_id=c.cat_id AND t.lang= $language $catsorting"; PHPAUCTIONXL_cats_translated; "cat_id, lang, cat_name"; "$language, $catsorting"; false
SELECT; "SELECT cat_name FROM $DBPrefix cats_translated WHERE cat_id= $cat_id AND lang= $language"; PHPAUCTIONXL_cats_translated; "catname"; "$cat_id, $language"; false
SELECT; "SELECT id, title, starts from $DBPrefix auctions WHERE closed=0 AND suspended=0 AND"; PHPAUCTIONXL_auctions; "id, title, starts"; ""; false
SELECT; "select ends, id, title from $DBPrefix auctions WHERE closed=0 AND suspended=0 AND"; PHPAUCTIONXL_auctions; "ends, id, title"; ""; false
SELECT; "select auction, max(bid) AS max_bid FROM $DBPrefix bids b, $DBPrefix auctions a WHERE a.suspended=0 AND a.closed=0 AND a.id=b.auction GROUP BY b.bid, b.auction ORDER BY max_bid desc"; PHPAUCTIONXL_auctions; "auction, bid"; ""; true
SELECT; "SELECT title, closed, id from $DBPrefix auctions WHERE id= $auction AND"; PHPAUCTIONXL_auctions; "title, closed, id"; "$auction"; false
SELECT; "SELECT * FROM $DBPrefix faqscategories"; PHPAUCTIONXL_faqscategories; "id, category"; ""; false
SELECT; "SELECT category FROM $DBPrefix faqscat_translated WHERE id= $faqscat[id] AND lang= $language"; PHPAUCTIONXL_faqscat_translated; "category"; "$faqscat["id"], $language"; false
SELECT; "SELECT title, id, new_date from $DBPrefix news where suspended=0 order by new_date DESC limit $SETTINGS[newstoshow]"; PHPAUCTIONXL_news; "title, id, newdate"; ""; false
SELECT; "SELECT title FROM $DBPrefix news_translated WHERE id= $new[id] AND lang= $language"; PHPAUCTIONXL_news_translated; "title"; "$language"; false
OTHER; ""; NA; ""; ""; true
SELECT; "SELECT * FROM $DBPrefix auctions WHERE id= $_SESSION[CURRENT_ITEM] and suspended=0"; PHPAUCTIONXL_auctions; "id, user, title, starts, description, pict_url, category, minimum_bid, reserve_price, buy_now, auction_type, duration, increment, location, location_zip, shipping, payment, international, ends, current_bid, closed, photo_uploaded, quantity, suspended, private, relist, relisted, num_bids, sold, shipping_terms, bn_only, adultonly"; ""; false
SELECT; "SELECT item_watch from $DBPrefix users where nick= addslashes($_SESSION[PHPAUCTION_LOGGED_IN_USERNAME])"; PHPAUCTIONXL_users; "itemwatch"; ""; false
SELECT; "select * from $DBPrefix bids where auction= intval($id) ORDER BY id DESC"; PHPAUCTIONXL_bids; "id, auction, bidder, bid, bidwhen, quantity"; "intval($id)"; false
SELECT; "SELECT a.*, u.country, u.zip FROM $DBPrefix auctions a LEFT JOIN $DBPrefix users u ON (u.id = a.user) WHERE a.id= intval($id)"; PHPAUCTIONXL_auctions; "a, ucountry, uzip"; "intval($id)"; false
SELECT; "SELECT counter as counter from $DBPrefix auccounter where auction_id= intval($id)"; PHPAUCTIONXL_auccounter; "counter"; "intval($id)"; true
INSERT; "INSERT INTO $DBPrefix auccounter VALUES ( intval($id) , 1)"; PHPAUCTIONXL_auccounter; "auction_id, counter"; "intval($id)"; true
UPDATE; "UPDATE $DBPrefix auccounter set counter= intval($TPL_nr + 1) where auction_id= intval($id)"; PHPAUCTIONXL_auccounter; "counter"; ""; true
SELECT; "SELECT cat_id, parent_id, cat_name FROM $DBPrefix categories WHERE cat_id= intval($category)"; PHPAUCTIONXL_categories; "catid, parentid, catname"; "intval($category)"; false
SELECT; "SELECT cat_id, parent_id, cat_name FROM $DBPrefix categories WHERE cat_id= $j"; PHPAUCTIONXL_categories; "catid, parentid, catname"; "$j"; false
SELECT; "SELECT cat_name FROM $DBPrefix cats_translated WHERE cat_id= $result[cat_id] AND lang= $language"; PHPAUCTIONXL_cats_translated; "catname"; "$result["cat_id"], $language"; false
SELECT; "select max(bid) AS maxbid FROM $DBPrefix proxybid WHERE itemid= intval($id)"; PHPAUCTIONXL_proxybid; "bid"; "intval($id)"; true
SELECT; "SELECT id, nick, trusted, reg_date FROM $DBPrefix users WHERE id= intval($user)"; PHPAUCTIONXL_users; "id, nick, trusted, regdate"; "intval($user)"; false
SELECT; "select max(bid) AS maxbid, bidder FROM $DBPrefix bids WHERE auction= intval($id) GROUP BY auction, bidder ORDER BY id DESC"; PHPAUCTIONXL_bids; "bid, maxbid, bidder"; "intval($id)"; true
SELECT; "select id, nick, trusted from $DBPrefix users where id= intval($high_bidder_id)"; PHPAUCTIONXL_users; "id, nick, trusted"; "intval($high_bidder_id)"; false
SELECT; "SELECT increment FROM $DBPrefix increments WHERE ((low<= $HIGH_BID AND high>= $HIGH_BID ) OR (low< $HIGH_BID AND high< $HIGH_BID )) ORDER BY increment DESC"; PHPAUCTIONXL_increments; "increment"; ""; true
SELECT; "SELECT rated_user_id FROM $DBPrefix feedbacks WHERE rated_user_id= intval($user_id)"; PHPAUCTIONXL_feedbacks; "rateduserid"; "intval($user_id)"; true
SELECT; "SELECT rated_user_id FROM $DBPrefix feedbacks WHERE rated_user_id= $user_id"; PHPAUCTIONXL_feedbacks; "rateduserid"; "$user_id"; true
SELECT; "SELECT distinct count(*) total FROM $DBPrefix feedbacks WHERE rated_user_id= $user_id AND rate<>0"; PHPAUCTIONXL_feedbacks; "distinct, , total"; "$user_id"; false
SELECT; "SELECT distinct count(*) negative FROM $DBPrefix feedbacks WHERE rated_user_id= $user_id and rate=-1"; PHPAUCTIONXL_feedbacks; "distinct, , negative"; "$user_id"; false
SELECT; "SELECT distinct count(*) positive FROM $DBPrefix feedbacks WHERE rated_user_id= $user_id and rate=1"; PHPAUCTIONXL_feedbacks; "distinct, , positive"; "$user_id"; false
SELECT; "select rated_user_id from $DBPrefix feedbacks where rated_user_id= intval($high_bidder_id)"; PHPAUCTIONXL_feedbacks; "rateduserid"; "intval($high_bidder_id)"; true
SELECT; "select rate_sum, nick, id from $DBPrefix users where nick= addslashes($high_bidder_nick)"; PHPAUCTIONXL_users; "ratesum, nick, id"; "addslashes($high_bidder_nick)"; false
SELECT; "select id, nick from $DBPrefix users where id= $bidrec[bidder]"; PHPAUCTIONXL_users; "id, nick"; "$bidrec["bidder"]"; false
SELECT; "SELECT item_watch from $DBPrefix users where nick= addslashes($_SESSION[PHPAUCTION_LOGGED_IN_USERNAME])"; PHPAUCTIONXL_users; "itemwatch"; ""; false
UPDATE; "UPDATE $DBPrefix users set item_watch= addslashes($item_watch_new) , reg_date=reg_date where nick= addslashes($_SESSION[PHPAUCTION_LOGGED_IN_USERNAME])"; NA; ""; "addslashes($item_watch_new)"; false
SELECT; "SELECT item_watch from $DBPrefix users where nick= addslashes($_SESSION[PHPAUCTION_LOGGED_IN_USERNAME])"; PHPAUCTIONXL_users; "itemwatch"; ""; false
UPDATE; "UPDATE $DBPrefix users set item_watch= $item_watch_new , reg_date=reg_date where nick= addslashes($_SESSION[PHPAUCTION_LOGGED_IN_USERNAME])"; NA; ""; "$item_watch_new"; false
SELECT; "SELECT item_watch from $DBPrefix users where nick= addslashes($_SESSION[PHPAUCTION_LOGGED_IN_USERNAME])"; PHPAUCTIONXL_users; "itemwatch"; ""; false
SELECT; "SELECT * from $DBPrefix auctions where id IN ( $itemids )"; PHPAUCTIONXL_auctions; "id, user, title, starts, description, pict_url, category, minimum_bid, reserve_price, buy_now, auction_type, duration, increment, location, location_zip, shipping, payment, international, ends, current_bid, closed, photo_uploaded, quantity, suspended, private, relist, relisted, num_bids, sold, shipping_terms, bn_only, adultonly"; "$itemids"; false
SELECT; "select id, name, email, accounttype from $DBPrefix users where nick= addslashes($_POST[username]) and password= md5($MD5_PREFIX . $_POST[password]) and suspended=0"; PHPAUCTIONXL_users; "id, name, email, accounttype"; ""; false
UPDATE; "UPDATE $DBPrefix users SET lastlogin= date(Y-m-d H:i:s, $TIME) , reg_date=reg_date WHERE id= $_SESSION[PHPAUCTION_LOGGED_IN]"; NA; ""; "$TIME"; false
INSERT; "INSERT INTO $DBPrefix rememberme VALUES( intval(mysql_result($res, 0, id)) , addslashes($remember_key) )"; PHPAUCTIONXL_rememberme; "userid, hashkey"; "addslashes($remember_key)"; false
SELECT; "SELECT id FROM $DBPrefix usersips where USER= $_SESSION[PHPAUCTION_LOGGED_IN] AND ip= $_SERVER[REMOTE_ADDR]"; PHPAUCTIONXL_usersips; "id"; ""; true
INSERT; "INSERT INTO $DBPrefix usersips VALUES( NULL, $_SESSION[PHPAUCTION_LOGGED_IN] , $_SERVER[REMOTE_ADDR] , after, accept)"; PHPAUCTIONXL_usersips; "id, user, ip, type, action"; "$_SESSION["PHPAUCTION_LOGGED_IN"], $_SERVER["REMOTE_ADDR"]"; false
OTHER; "DELETE FROM $DBPrefix rememberme WHERE hashkey= $_COOKIE[PHPAUCTION_RM_ID]"; NA; ""; ""; true
OTHER; "DELETE FROM $DBPrefix messages WHERE id= $messageid"; NA; ""; ""; true
OTHER; "DELETE FROM $DBPrefix messages WHERE id IN ( $message_id )"; NA; ""; ""; true
SELECT; "SELECT * FROM $DBPrefix users WHERE id= $u"; PHPAUCTIONXL_users; "id, nick, password, name, address, city, prov, country, zip, phone, email, reg_date, rate_sum, rate_num, birthdate, suspended, nletter, balance, auc_watch, item_watch, creditcard, exp_month, exp_year, card_owner, card_zip, accounttype, endemailmode, startemailmode, trusted, lastlogin, payment_details"; "$u"; false
SELECT; "SELECT * FROM $DBPrefix messages WHERE sentto = $userid ORDER BY id DESC"; PHPAUCTIONXL_messages; "id, sentto, from, when, message, read, subject, replied, noticed"; "$userid"; false
SELECT; "SELECT * FROM $DBPrefix maintainance"; PHPAUCTIONXL_maintainance; "id, active, superuser, maintainancetext"; ""; false
SELECT; "SELECT bidfind FROM $DBPrefix bidfind"; PHPAUCTIONXL_bidfind; "bidfind"; ""; true
SELECT; "SELECT * FROM $DBPrefix auctions WHERE private=n AND closed=0 AND suspended=0 AND starts<= $NOW ORDER BY starts DESC LIMIT 2500"; PHPAUCTIONXL_auctions; "id, user, title, starts, description, pict_url, category, minimum_bid, reserve_price, buy_now, auction_type, duration, increment, location, location_zip, shipping, payment, international, ends, current_bid, closed, photo_uploaded, quantity, suspended, private, relist, relisted, num_bids, sold, shipping_terms, bn_only, adultonly"; ""; false
SELECT; "SELECT nick FROM $DBPrefix users WHERE id= $f[user]"; PHPAUCTIONXL_users; "nick"; ""; false
SELECT; "SELECT cat_id, parent_id, cat_name FROM $DBPrefix categories WHERE cat_id= $f[category]"; PHPAUCTIONXL_categories; "catid, parentid, catname"; "$f["category"]"; false
SELECT; "SELECT cat_id, parent_id, cat_name FROM $DBPrefix categories WHERE cat_id= $j"; PHPAUCTIONXL_categories; "catid, parentid, catname"; "$j"; false
SELECT; "SELECT count(id) AS count from $DBPrefix comm_messages WHERE boardid= intval($_REQUEST[board_id])"; PHPAUCTIONXL_comm_messages; "id"; ""; true
INSERT; "INSERT INTO $DBPrefix comm_messages VALUES (NULL, intval($_POST[board_id]) , $NOW , intval($_SESSION[PHPAUCTION_LOGGED_IN]) , addslashes($_SESSION[PHPAUCTION_LOGGED_IN_USERNAME]) , addslashes($MSG_) )"; PHPAUCTIONXL_comm_messages; "id, boardid, msgdate, user, username, message"; "intval($_POST[board_id]), $NOW, intval($_SESSION[PHPAUCTION_LOGGED_IN]), addslashes($_SESSION[PHPAUCTION_LOGGED_IN_USERNAME]), addslashes($MSG_)"; false
UPDATE; "UPDATE $DBPrefix community SET messages=messages+1, lastmessage= $NOW WHERE id= intval($_POST[board_id])"; PHPAUCTIONXL_community; "messages, lastmessage"; "$NOW"; false
SELECT; "SELECT name, active, msgstoshow FROM $DBPrefix community WHERE id= intval($_REQUEST[board_id])"; PHPAUCTIONXL_community; "name, active, msgstoshow"; ""; false
SELECT; "SELECT * FROM $DBPrefix comm_messages WHERE boardid= intval($_REQUEST[board_id]) ORDER BY msgdate DESC $SQL_LIMIT"; PHPAUCTIONXL_comm_messages; "id, boardid, msgdate, user, username, message"; ""; false
SELECT; "SELECT count(id) as COUNT FROM $DBPrefix comm_messages"; PHPAUCTIONXL_comm_messages; "id"; ""; true
INSERT; "insert into $DBPrefix community VALUES (NULL, addslashes($_POST[name]) , 0, 0, intval($_POST[msgstoshow]) , intval($_POST[active]) )"; PHPAUCTIONXL_community; "id, name, messages, lastmessage, msgstoshow, active"; "addslashes($_POST[name]), intval($_POST[msgstoshow]), intval($_POST[active])"; false
SELECT; "SELECT * from $DBPrefix online where SESSION= $s"; PHPAUCTIONXL_online; "ID, SESSION, time"; "$s"; false
OTHER; "CREATE TABLE $DBPrefix online ( ID bigint(21) NOT NULL auto_increment, SESSION varchar(255) NOT NULL default , time bigint(21) NOT NULL default 0, PRIMARY KEY (ID) )"; NA; ""; ""; true
INSERT; "INSERT into $DBPrefix online (SESSION, time) values( $s , $uxtime )"; PHPAUCTIONXL_online; "session, time"; "$s, $uxtime"; true
UPDATE; "update $DBPrefix online set time= $uxtime where ID= $row[ID]"; PHPAUCTIONXL_online; "time"; "$uxtime"; true
OTHER; "DELETE from $DBPrefix online where time< $deltime"; NA; ""; ""; true
SELECT; "SELECT * from $DBPrefix online"; PHPAUCTIONXL_online; "ID, SESSION, time"; ""; false
SELECT; "SELECT id FROM $DBPrefix users WHERE nick= AddSlashes($_GET[user_id])"; PHPAUCTIONXL_users; "id"; ""; true
SELECT; "SELECT * FROM $DBPrefix users WHERE id= intval($_GET[user_id])"; PHPAUCTIONXL_users; "id, nick, password, name, address, city, prov, country, zip, phone, email, reg_date, rate_sum, rate_num, birthdate, suspended, nletter, balance, auc_watch, item_watch, creditcard, exp_month, exp_year, card_owner, card_zip, accounttype, endemailmode, startemailmode, trusted, lastlogin, payment_details"; ""; false
SELECT; "SELECT max(rate) as ratename, count(rate) as ratesum FROM $DBPrefix feedbacks WHERE rated_user_id= intval($TPL_user_id) GROUP BY rate"; PHPAUCTIONXL_feedbacks; "rate, ratename"; "intval($TPL_user_id)"; true
SELECT; "SELECT * FROM $DBPrefix winners WHERE auction= intval($_GET[auction_id]) AND winner= $_SESSION[PHPAUCTION_LOGGED_IN] AND seller= intval($_GET[user_id])"; PHPAUCTIONXL_winners; "id, auction, seller, winner, bid, closingdate, fee"; "intval($_GET["auction_id"])"; true
SELECT; "SELECT * FROM $DBPrefix usersettings"; PHPAUCTIONXL_usersettings; "discount, banemail, requested_fields, mandatory_fields"; ""; false
SELECT; "SELECT nick FROM $DBPrefix users WHERE nick= AddSlashes($_POST[TPL_nick])"; PHPAUCTIONXL_users; "nick"; ""; false
SELECT; "SELECT email FROM $DBPrefix users WHERE email= AddSlashes($_POST[TPL_email])"; PHPAUCTIONXL_users; "email"; ""; false
INSERT; "INSERT INTO $DBPrefix users (id, nick, password, name, address, city, prov, country, zip, phone, nletter, email, reg_date, rate_sum, rate_num, birthdate, suspended, creditcard, exp_month, exp_year, card_owner, card_zip, accounttype) VALUES (NULL, Addslashes($TPL_nick_hidden) , md5($MD5_PREFIX . Addslashes($TPL_password_hidden)) , Addslashes($TPL_name_hidden) , AddSlashes($_POST[TPL_address]) , AddSlashes($_POST[TPL_city]) , AddSlashes($_POST[TPL_prov]) , AddSlashes($_POST[TPL_country]) , AddSlashes($_POST[TPL_zip]) , AddSlashes($_POST[TPL_phone]) , AddSlashes($_POST[TPL_nletter]) , AddSlashes($_POST[TPL_email]) , $TODAY , 0, 0, $DATE , $SUSPENDED , ENCODE( $CC , $MD5_PREFIX ), $_POST[TPL_exp_month] , $_POST[TPL_exp_year] , $_POST[TPL_card_owner] , $_POST[TPL_card_zip] , $selected_accounttype )"; NA; "id, nick, password, name, address, city, prov, country, zip, phone, nletter, email, reg_date, rate_sum, rate_num, birthdate, suspended, creditcard, exp_month, exp_year, card_owner, card_zip, accounttype"; "Addslashes($TPL_nick_hidden), Addslashes($TPL_password_hidden), AddSlashes($_POST["TPL_address"]), AddSlashes($_POST["TPL_city"]), AddSlashes($_POST["TPL_prov"]), AddSlashes($_POST["TPL_nletter"]), AddSlashes($_POST["TPL_email"]), $TODAY, $DATE, $SUSPENDED, $CC, $MD5_PREFIX, $_POST["TPL_exp_month"], $_POST["TPL_exp_year"], $_POST["TPL_card_owner"], $_POST["TPL_card_zip"], $selected_accounttype"; false
INSERT; "INSERT INTO $DBPrefix usersips VALUES( NULL, intval($TPL_id_hidden) , $_SERVER[REMOTE_ADDR] , first, accept)"; PHPAUCTIONXL_usersips; "id, user, ip, type, action"; "intval($TPL_id_hidden), $_SERVER["REMOTE_ADDR"]"; false
UPDATE; "UPDATE $DBPrefix counters SET inactiveusers=inactiveusers+1"; PHPAUCTIONXL_counters; "inactiveusers"; ""; true
INSERT; "INSERT INTO $DBPrefix userslanguage VALUES( $TPL_id_hidden , $language )"; PHPAUCTIONXL_userslanguage; "user, language"; "$TPL_id_hidden, $language"; false
UPDATE; "UPDATE $DBPrefix users SET suspended=10, reg_date=reg_date WHERE id= $TPL_id_hidden"; NA; ""; ""; false
SELECT; "SELECT * FROM $DBPrefix auctions WHERE id= intval($_GET[id]) AND user= $_SESSION[PHPAUCTION_LOGGED_IN]"; PHPAUCTIONXL_auctions; "id, user, title, starts, description, pict_url, category, minimum_bid, reserve_price, buy_now, auction_type, duration, increment, location, location_zip, shipping, payment, international, ends, current_bid, closed, photo_uploaded, quantity, suspended, private, relist, relisted, num_bids, sold, shipping_terms, bn_only, adultonly"; ""; false
SELECT; "SELECT * FROM $DBPrefix auctions WHERE id= intval($_GET[id]) AND user= $_SESSION[PHPAUCTION_LOGGED_IN]"; PHPAUCTIONXL_auctions; "id, user, title, starts, description, pict_url, category, minimum_bid, reserve_price, buy_now, auction_type, duration, increment, location, location_zip, shipping, payment, international, ends, current_bid, closed, photo_uploaded, quantity, suspended, private, relist, relisted, num_bids, sold, shipping_terms, bn_only, adultonly"; ""; false
SELECT; "SELECT * FROM $DBPrefix categories WHERE cat_id= intval($_SESSION[sellcat])"; PHPAUCTIONXL_categories; "cat_id, parent_id, cat_name, deleted, sub_counter, counter, cat_colour, cat_image, feesfree"; ""; false
SELECT; "SELECT * FROM $DBPrefix categories WHERE cat_id= $row[parent_id]"; PHPAUCTIONXL_categories; "cat_id, parent_id, cat_name, deleted, sub_counter, counter, cat_colour, cat_image, feesfree"; "$row["parent_id"]"; false
SELECT; "SELECT id FROM $DBPrefix auctions WHERE id= intval($_POST[auction]) AND closed=0 AND user= $_SESSION[PHPAUCTION_LOGGED_IN]"; PHPAUCTIONXL_auctions; "id"; ""; true
SELECT; "SELECT email, nick FROM $DBPrefix users WHERE id= intval($_POST[poster])"; PHPAUCTIONXL_users; "email, nick"; ""; false
SELECT; "SELECT language FROM $DBPrefix userslanguage WHERE user= intval($_POST[poster])"; PHPAUCTIONXL_userslanguage; "language"; ""; false
UPDATE; "UPDATE $DBPrefix wanted SET answers=answers+1 WHERE id= intval($_POST[adid])"; NA; ""; ""; false
SELECT; "SELECT * FROM $DBPrefix categories WHERE $qp ORDER BY cat_name ASC"; PHPAUCTIONXL_categories; "cat_id, parent_id, cat_name, deleted, sub_counter, counter, cat_colour, cat_image, feesfree"; "$qp"; false
SELECT; "SELECT cat_name FROM $DBPrefix cats_translated WHERE cat_id= $row[cat_id] AND lang= $language"; PHPAUCTIONXL_cats_translated; "catname"; "$row["cat_id"], $language"; false
SELECT; "SELECT count(*) FROM $DBPrefix auctions WHERE ( $qp1 ) AND ( closed=0) AND ( suspended=0) AND private=n AND starts<= $NOW ORDER BY ends"; PHPAUCTIONXL_auctions; ""; "$qp1"; false
SELECT; "SELECT * FROM $DBPrefix auctions WHERE ( $qp1 ) AND ( closed=0) AND ( suspended =0) AND private=n AND starts<= $NOW ORDER BY ends"; PHPAUCTIONXL_auctions; "id, user, title, starts, description, pict_url, category, minimum_bid, reserve_price, buy_now, auction_type, duration, increment, location, location_zip, shipping, payment, international, ends, current_bid, closed, photo_uploaded, quantity, suspended, private, relist, relisted, num_bids, sold, shipping_terms, bn_only, adultonly"; "$qp1"; false
SELECT; "SELECT count(cat_id) as childs FROM $DBPrefix categories WHERE parent_id= addslashes($_POST[$VARNAME])"; PHPAUCTIONXL_categories; "catid"; ""; true
SELECT; "SELECT * FROM $DBPrefix selltemplates WHERE user= intval($_SESSION[PHPAUCTION_LOGGED_IN])"; PHPAUCTIONXL_platforms; "month, year, browser, counter"; ""; false
SELECT; "SELECT cat_id, cat_name FROM $DBPrefix categories WHERE parent_id=0 ORDER BY cat_name"; PHPAUCTIONXL_categories; "catid, catname"; ""; false
SELECT; "SELECT cat_id FROM $DBPrefix categories WHERE parent_id= $row[cat_id]"; PHPAUCTIONXL_categories; "catid"; "$row["cat_id"]"; true
SELECT; "SELECT cat_name FROM $DBPrefix cats_translated WHERE cat_id= $row[cat_id] AND lang= $language"; PHPAUCTIONXL_cats_translated; "catname"; "$row["cat_id"], $language"; false
SELECT; "SELECT cat_id, cat_name FROM $DBPrefix categories WHERE parent_id= $$NAME ORDER BY cat_name"; PHPAUCTIONXL_categories; "catid, catname"; ""; false
SELECT; "SELECT cat_id FROM $DBPrefix categories WHERE parent_id= $row[cat_id]"; PHPAUCTIONXL_categories; "catid"; "$row["cat_id"]"; true
SELECT; "SELECT cat_name FROM $DBPrefix cats_translated WHERE cat_id= $row[cat_id] AND lang= $language"; PHPAUCTIONXL_cats_translated; "catname"; "$row["cat_id"], $language"; false
SELECT; "SELECT * FROM $DBPrefix categories WHERE parent_id= $catsubtree[$i]"; PHPAUCTIONXL_categories; "cat_id, parent_id, cat_name, deleted, sub_counter, counter, cat_colour, cat_image, feesfree"; "$catsubtree[$i]"; false
SELECT; "SELECT * FROM $DBPrefix categories WHERE cat_id= intval($_SESSION[sellcat])"; PHPAUCTIONXL_categories; "cat_id, parent_id, cat_name, deleted, sub_counter, counter, cat_colour, cat_image, feesfree"; ""; false
SELECT; "SELECT cat_name FROM $DBPrefix cats_translated WHERE cat_id= $_SESSION[sellcat] AND lang= $language"; PHPAUCTIONXL_cats_translated; "catname"; "$language"; false
SELECT; "SELECT * FROM $DBPrefix categories WHERE cat_id= $row[parent_id]"; PHPAUCTIONXL_categories; "cat_id, parent_id, cat_name, deleted, sub_counter, counter, cat_colour, cat_image, feesfree"; "$row["parent_id"]"; false
SELECT; "SELECT cat_name FROM $DBPrefix cats_translated WHERE cat_id= $P AND lang= $language"; PHPAUCTIONXL_cats_translated; "catname"; "$language"; false
SELECT; "select * from $DBPrefix durations order by days"; PHPAUCTIONXL_durations; "days, description"; ""; false
SELECT; "select * from $DBPrefix payments"; PHPAUCTIONXL_payments; "id, description"; ""; false
SELECT; "SELECT * FROM $DBPrefix users WHERE nick= AddSlashes($nick)"; PHPAUCTIONXL_users; "id, nick, password, name, address, city, prov, country, zip, phone, email, reg_date, rate_sum, rate_num, birthdate, suspended, nletter, balance, auc_watch, item_watch, creditcard, exp_month, exp_year, card_owner, card_zip, accounttype, endemailmode, startemailmode, trusted, lastlogin, payment_details"; "AddSlashes($nick)"; false
SELECT; "select description from $DBPrefix durations where days = $sessionVars[SELL_duration]"; PHPAUCTIONXL_durations; "description"; ""; false
SELECT; "select * from $DBPrefix payments"; PHPAUCTIONXL_payments; "id, description"; ""; false
SELECT; "SELECT * FROM $DBPrefix categories WHERE cat_id= intval($sessionVars[SELL_sellcat])"; PHPAUCTIONXL_categories; "cat_id, parent_id, cat_name, deleted, sub_counter, counter, cat_colour, cat_image, feesfree"; "intval($sessionVars["SELL_sellcat"])"; false
SELECT; "SELECT * FROM $DBPrefix categories WHERE cat_id= $row[parent_id]"; PHPAUCTIONXL_categories; "cat_id, parent_id, cat_name, deleted, sub_counter, counter, cat_colour, cat_image, feesfree"; "$row["parent_id"]"; false
SELECT; "select * from $DBPrefix payments"; PHPAUCTIONXL_payments; "id, description"; ""; false
UPDATE; "UPDATE $DBPrefix auctions set title = addslashes($sessionVars[SELL_title]) , starts = $a_starts , description = addslashes($sessionVars[SELL_description]) , pict_url = addslashes($sessionVars[SELL_pict_url]) , category = $sessionVars[SELL_sellcat] , minimum_bid = $sessionVars[SELL_minimum_bid] , reserve_price = $sessionVars[SELL_with_reserve] == yes ? $sessionVars[SELL_reserve_price] : 0 , buy_now = $sessionVars[SELL_with_buy_now] == yes ? $sessionVars[SELL_buy_now_price] : 0 , bn_only = $sessionVars[SELL_buy_now_only] , auction_type = $sessionVars[SELL_atype] , adultonly = $sessionVars[SELL_adultonly] , duration = $sessionVars[SELL_duration] , increment = doubleval($sessionVars[SELL_customincrement]) , shipping = $sessionVars[SELL_shipping] , payment = $payment_text , international = $sessionVars[SELL_international] ? 1 : 0 , ends = $a_ends , closed = 0, photo_uploaded = $sessionVars[SELL_file_uploaded] ? 1 : 0 , quantity = $sessionVars[SELL_iquantity] , relist= intval($sessionVars[SELL_relist]) , private=n, suspended= $SUSPENDED ,"; PHPAUCTIONXL_auctions; "title, starts, description, pict_url, category, minimum_bid, reserve_price, id, buy_now, bn_only, auction_type, adultonly, duration, increment, shipping, payment, international, ends, closed, photo_uploaded, quantity, relist, private, suspended"; "addslashes($sessionVars["SELL_title"]), $a_starts, addslashes($sessionVars["SELL_description"]), $sessionVars["SELL_sellcat"], $sessionVars["SELL_minimum_bid"], $sessionVars["SELL_with_reserve"], $sessionVars["SELL_reserve_price"], $sessionVars["SELL_with_buy_now"], $sessionVars["SELL_buy_now_price"], $sessionVars["SELL_buy_now_only"], $sessionVars["SELL_atype"], $sessionVars["SELL_adultonly"], $sessionVars["SELL_duration"], doubleval($sessionVars["SELL_customincrement"]), $sessionVars["SELL_shipping"], $payment_text, $sessionVars["SELL_international"], $a_ends, $sessionVars["SELL_file_uploaded"], $sessionVars["SELL_iquantity"], intval($sessionVars["SELL_relist"]), $SUSPENDED"; false
UPDATE; "UPDATE $DBPrefix auctions set title = addslashes($sessionVars[SELL_title]) , starts = $a_starts , description = addslashes($sessionVars[SELL_description]) , pict_url = addslashes($sessionVars[SELL_pict_url]) , category = $sessionVars[SELL_sellcat] , minimum_bid = $sessionVars[SELL_minimum_bid] , reserve_price = $sessionVars[SELL_with_reserve] == yes ? $sessionVars[SELL_reserve_price] : 0 , buy_now = $sessionVars[SELL_with_buy_now] == yes ? $sessionVars[SELL_buy_now_price] : 0 , bn_only = $sessionVars[SELL_buy_now_only] , auction_type = $sessionVars[SELL_atype] , adultonly = $sessionVars[SELL_adultonly] , duration = $sessionVars[SELL_duration] , increment = doubleval($sessionVars[SELL_customincrement]) , shipping = $sessionVars[SELL_shipping] , payment = $payment_text , international = $sessionVars[SELL_international] ? 1 : 0 , ends = $a_ends , photo_uploaded = $sessionVars[SELL_file_uploaded] ? 1 : 0 , quantity = $sessionVars[SELL_iquantity] , relist= intval($sessionVars[SELL_relist]) , relisted=0, closed=0, private=n, suspended= $SUSPENDED ,"; PHPAUCTIONXL_auctions; "title, starts, description, pict_url, category, minimum_bid, reserve_price, id, buy_now, bn_only, auction_type, adultonly, duration, increment, shipping, payment, international, ends, photo_uploaded, quantity, relist, relisted, closed, private, suspended"; "addslashes($sessionVars["SELL_title"]), $a_starts, addslashes($sessionVars["SELL_description"]), $sessionVars["SELL_sellcat"], $sessionVars["SELL_minimum_bid"], $sessionVars["SELL_with_reserve"], $sessionVars["SELL_reserve_price"], $sessionVars["SELL_with_buy_now"], $sessionVars["SELL_buy_now_price"], $sessionVars["SELL_buy_now_only"], $sessionVars["SELL_atype"], $sessionVars["SELL_adultonly"], $sessionVars["SELL_duration"], doubleval($sessionVars["SELL_customincrement"]), $sessionVars["SELL_shipping"], $payment_text, $sessionVars["SELL_international"], $a_ends, $sessionVars["SELL_file_uploaded"], $sessionVars["SELL_iquantity"], intval($sessionVars["SELL_relist"]), $SUSPENDED"; false
OTHER; "DELETE FROM $DBPrefix bids WHERE auction= $auction_id"; NA; ""; ""; true
OTHER; "DELETE FROM $DBPrefix proxybid WHERE itemid= $auction_id"; NA; ""; ""; true
OTHER; "DELETE FROM $DBPrefix winners WHERE auction= $auction_id"; NA; ""; ""; true
INSERT; "INSERT INTO $DBPrefix auctions VALUES (NULL, $userrec[id] , addslashes($sessionVars[SELL_title]) , $a_starts , addslashes($sessionVars[SELL_description]) , addslashes($sessionVars[SELL_pict_url]) , $sessionVars[SELL_sellcat] , $sessionVars[SELL_minimum_bid] , $sessionVars[SELL_with_reserve] == yes ? $sessionVars[SELL_reserve_price] : 0 , $sessionVars[SELL_with_buy_now] == yes ? $sessionVars[SELL_buy_now_price] : 0 , $sessionVars[SELL_atype] , $sessionVars[SELL_duration] , doubleval($sessionVars[SELL_customincrement]) , $sessionVars[SELL_shipping] , $payment_text , $sessionVars[SELL_international] ? 1 : 0 , $a_ends , 0, 0, $sessionVars[SELL_file_uploaded] ? 1 : 0 , $sessionVars[SELL_iquantity] , $SUSPENDED , n, intval($sessionVars[SELL_relist]) , 0, 0, n, addslashes(strip_tags($sessionVars[SELL_shipping_terms])) , $sessionVars[SELL_buy_now_only] , $sessionVars[SELL_adultonly] )"; PHPAUCTIONXL_auctions; "id, user, title, starts, description, pict_url, category, minimum_bid, reserve_price, buy_now, auction_type, duration, increment, location, location_zip, shipping, payment, international, ends, current_bid, closed, photo_uploaded, quantity, suspended, private, relist, relisted, num_bids, sold, shipping_terms, bn_only, adultonly"; "$userrec["id"], addslashes($sessionVars["SELL_title"]), $a_starts, addslashes($sessionVars["SELL_description"]), $sessionVars["SELL_sellcat"], $sessionVars["SELL_minimum_bid"], $sessionVars["SELL_with_reserve"], $sessionVars["SELL_reserve_price"], $sessionVars["SELL_with_buy_now"], $sessionVars["SELL_buy_now_price"], $sessionVars["SELL_atype"], $sessionVars["SELL_duration"], doubleval($sessionVars["SELL_customincrement"]), $sessionVars["SELL_shipping"], $payment_text, $sessionVars["SELL_international"], $a_ends, $sessionVars["SELL_file_uploaded"], $sessionVars["SELL_iquantity"], $SUSPENDED, intval($sessionVars["SELL_relist"]), addslashes(strip_tags($sessionVars["SELL_shipping_terms"])), $sessionVars["SELL_buy_now_only"], $sessionVars["SELL_adultonly"]"; false
OTHER; ""; NA; ""; ""; true
INSERT; "INSERT INTO $DBPrefix closedrelisted VALUES( $sessionVars[SELL_auction_id_old] , $NOWB , $auction_id )"; PHPAUCTIONXL_closedrelisted; "auction, relistdate, newauction"; "$sessionVars["SELL_auction_id_old"], $NOWB, $auction_id"; true
UPDATE; "update $DBPrefix counters set auctions = auctions+1"; PHPAUCTIONXL_counters; "auctions"; ""; true
SELECT; "SELECT * FROM $DBPrefix categories WHERE cat_id= intval($sessionVars[SELL_sellcat])"; PHPAUCTIONXL_categories; "cat_id, parent_id, cat_name, deleted, sub_counter, counter, cat_colour, cat_image, feesfree"; "intval($sessionVars["SELL_sellcat"])"; false
UPDATE; "UPDATE $DBPrefix categories SET counter= $row[counter] , sub_counter= $row[sub_counter] WHERE cat_id= $row[cat_id]"; PHPAUCTIONXL_categories; "counter, sub_counter"; "$row["counter"], "sub_counter", $row["sub_counter"]"; true
SELECT; "SELECT * FROM $DBPrefix categories WHERE cat_id= $row[parent_id]"; PHPAUCTIONXL_categories; "cat_id, parent_id, cat_name, deleted, sub_counter, counter, cat_colour, cat_image, feesfree"; "$row["parent_id"]"; false
UPDATE; "UPDATE $DBPrefix categories SET sub_counter= $row[sub_counter] WHERE cat_id= $row[cat_id]"; PHPAUCTIONXL_categories; "sub_counter"; ""sub_counter", $row["sub_counter"]"; true
SELECT; "SELECT auc_watch, email, nick, name FROM $DBPrefix users"; PHPAUCTIONXL_users; "aucwatch, email, nick, name"; ""; false
UPDATE; "UPDATE $DBPrefix users SET endemailmode= addslashes($_POST[endemailmod]) , startemailmode= addslashes($_POST[startemailmod]) , reg_date=reg_date WHERE id= intval($_SESSION[PHPAUCTION_LOGGED_IN])"; NA; ""; "addslashes($_POST["endemailmod"])"; false
SELECT; "SELECT startemailmode, endemailmode FROM $DBPrefix users WHERE id= intval($_SESSION[PHPAUCTION_LOGGED_IN])"; PHPAUCTIONXL_users; "startemailmode, endemailmode"; ""; false
SELECT; "SELECT a.auction, a.seller, a.winner, a.bid, a.fee, b.id, b.current_bid FROM $DBPrefix winners a, $DBPrefix auctions b WHERE a.auction=b.id AND (b.closed=1 OR b.closed=-1) AND b.suspended=0 AND b.user= $_SESSION[PHPAUCTION_LOGGED_IN] GROUP BY b.id ORDER BY a.closingdate DESC"; PHPAUCTIONXL_auctions; "aauction, aseller, awinner, abid, afee, bid, bcurrentbid"; ""; true
SELECT; "SELECT title, ends FROM $DBPrefix auctions WHERE id= $row[auction]"; PHPAUCTIONXL_auctions; "title, ends"; "$row["auction"]"; false
SELECT; "SELECT * FROM $DBPrefix winners WHERE auction= $row[auction]"; PHPAUCTIONXL_winners; "id, auction, seller, winner, bid, closingdate, fee"; "$row["auction"]"; true
SELECT; "SELECT nick, email FROM $DBPrefix users WHERE id= $winner[winner]"; PHPAUCTIONXL_users; "nick, email"; "$winner["winner"]"; false
SELECT; "SELECT quantity FROM $DBPrefix bids WHERE bidder= $winner[winner] AND auction= $row[auction]"; PHPAUCTIONXL_bids; "quantity"; "$winner["winner"], $row["auction"]"; true
SELECT; "SELECT * FROM $DBPrefix feedbacks WHERE auction_id = $row[auction] AND rated_user_id = $winner[winner] AND (rater_user_nick = $_SESSION[PHPAUCTION_LOGGED_IN_USERNAME] OR rater_user_nick=autofeedback)"; PHPAUCTIONXL_feedbacks; "id, rated_user_id, rater_user_nick, feedback, rate, feedbackdate, auction_id"; "$row["auction"], $winner["winner"]"; false
OTHER; "DELETE FROM $DBPrefix selltemplates WHERE user= intval($user)"; NA; ""; ""; true
SELECT; "SELECT count(cat_id) as childs FROM $DBPrefix categories WHERE parent_id= intval($category)"; PHPAUCTIONXL_categories; "catid"; "intval($category)"; true
OTHER; "REPLACE $DBPrefix selltemplates SET user= intval($user) , title= AddSlashes($title) , description= AddSlashes($description) , category= AddSlashes($category) , minimum_bid= AddSlashes($minimum_bid) , buy_now= AddSlashes($buy_now) , reserve_price= AddSlashes($reserve_price) , duration= AddSlashes($duration) , location= AddSlashes($country) , location_zip= AddSlashes($location_zip) , auction_type= AddSlashes($auction_type) , shipping= AddSlashes($shipping) , payment= AddSlashes($payment_text) , international= AddSlashes($international) , quantity= AddSlashes($quantity) , increment= AddSlashes($increment) , relist= AddSlashes($relist) , highlighted= AddSlashes($highlighted) , bold= AddSlashes($bold) , featured= AddSlashes($featured) , catfeatured= AddSlashes($catfeatured) , shipping_terms= AddSlashes(strip_tags($shipping_terms)) , bn_only= AddSlashes(strip_tags($buy_now_only))"; NA; ""; ""; true
SELECT; "SELECT a.* FROM $DBPrefix selltemplates a WHERE a.user= intval($user)"; PHPAUCTIONXL_platforms; "a"; "intval($user)"; false
SELECT; "select days, description from $DBPrefix durations"; PHPAUCTIONXL_durations; "days, description"; ""; false
SELECT; "SELECT * FROM $DBPrefix categories_plain"; PHPAUCTIONXL_categories_plain; "id, cat_id, cat_name"; ""; false
SELECT; "SELECT cat_name FROM $DBPrefix cats_translated WHERE cat_id= $categ_result[cat_id] AND lang= $language"; PHPAUCTIONXL_cats_translated; "catname"; "$categ_result["cat_id"], $language"; false
SELECT; "select * from $DBPrefix payments"; PHPAUCTIONXL_payments; "id, description"; ""; false
SELECT; "select user, title from $DBPrefix auctions where id= intval($auction_id)"; PHPAUCTIONXL_auctions; "user, title"; "intval($auction_id)"; false
SELECT; "select nick, email from $DBPrefix users where id= intval($seller_id)"; PHPAUCTIONXL_users; "nick, email"; "intval($seller_id)"; false
SELECT; "SELECT language FROM $DBPrefix userslanguage WHERE user= intval($seller_id)"; PHPAUCTIONXL_userslanguage; "language"; "intval($seller_id)"; false
INSERT; "INSERT INTO $DBPrefix messages( sentto , from , when , message , subject ) VALUES ( $seller_id , $userid , $time , $MESSAGE , $SUBJECT )"; PHPAUCTIONXL_messages; "sentto, , from, when, message, subject"; "$seller_id, $userid, $time, $MESSAGE, $SUBJECT"; false
SELECT; "select id, email, name, accounttype, suspended from $DBPrefix users where nick= addslashes($_POST[username]) and password= md5($MD5_PREFIX . $_POST[password]) and (suspended=0 OR suspended =2)"; PHPAUCTIONXL_users; "id, email, name, accounttype, suspended"; ""; false
UPDATE; "UPDATE $DBPrefix users SET lastlogin= date(Y-m-d H:i:s, $TIME) , reg_date=reg_date WHERE id= $_SESSION[PHPAUCTION_LOGGED_IN]"; NA; ""; "$TIME"; false
INSERT; "INSERT INTO $DBPrefix rememberme VALUES( mysql_result($res, 0, id) , addslashes($remember_key) )"; PHPAUCTIONXL_rememberme; "userid, hashkey"; "addslashes($remember_key)"; false
SELECT; "SELECT id FROM $DBPrefix usersips where USER= $_SESSION[PHPAUCTION_LOGGED_IN] AND ip= $_SERVER[REMOTE_ADDR]"; PHPAUCTIONXL_usersips; "id"; ""; true
INSERT; "INSERT INTO $DBPrefix usersips VALUES( NULL, $_SESSION[PHPAUCTION_LOGGED_IN] , $_SERVER[REMOTE_ADDR] , after, accept)"; PHPAUCTIONXL_usersips; "id, user, ip, type, action"; "$_SESSION["PHPAUCTION_LOGGED_IN"], $_SERVER["REMOTE_ADDR"]"; false
UPDATE; "UPDATE $DBPrefix users SET lastlogin= date(Y-m-d H:i:s, $TIME) , reg_date=reg_date WHERE id= $_SESSION[PHPAUCTION_LOGGED_IN]"; NA; ""; "$TIME"; false
INSERT; "INSERT INTO $DBPrefix rememberme VALUES( mysql_result($res, 0, id) , addslashes($remember_key) )"; PHPAUCTIONXL_rememberme; "userid, hashkey"; "addslashes($remember_key)"; false
SELECT; "SELECT id FROM $DBPrefix usersips where USER= $_SESSION[PHPAUCTION_LOGGED_IN] AND ip= $_SERVER[REMOTE_ADDR]"; PHPAUCTIONXL_usersips; "id"; ""; true
INSERT; "INSERT INTO $DBPrefix usersips VALUES( NULL, $_SESSION[PHPAUCTION_LOGGED_IN] , $_SERVER[REMOTE_ADDR] , after, accept)"; PHPAUCTIONXL_usersips; "id, user, ip, type, action"; "$_SESSION["PHPAUCTION_LOGGED_IN"], $_SERVER["REMOTE_ADDR"]"; false
UPDATE; "UPDATE $DBPrefix users SET email= AddSlashes($TPL_email) , birthdate= AddSlashes($TPL_birthdate) , address= AddSlashes($TPL_address) , city= AddSlashes($TPL_city) , prov= AddSlashes($TPL_prov) , country= AddSlashes($TPL_country) , zip= AddSlashes($TPL_zip) , phone= AddSlashes($TPL_phone) , reg_date=reg_date, , nletter= AddSlashes($TPL_nletter)"; NA; ""; "AddSlashes($TPL_email), AddSlashes($TPL_birthdate), AddSlashes($TPL_address), AddSlashes($TPL_city), AddSlashes($TPL_prov), AddSlashes($TPL_nletter)"; false
UPDATE; "UPDATE $DBPrefix users SET accounttype=buyertoseller, reg_date=reg_date WHERE id= $_SESSION[PHPAUCTION_LOGGED_IN]"; NA; ""; ""; false
SELECT; "SELECT count(*) AS active_auctions FROM $DBPrefix auctions WHERE user= $_SESSION[PHPAUCTION_LOGGED_IN] AND closed=0 AND starts<= $NOW AND suspended=0"; PHPAUCTIONXL_auctions; ""; ""; false
SELECT; "SELECT count(*) AS closed_auctions FROM $DBPrefix auctions WHERE user= $_SESSION[PHPAUCTION_LOGGED_IN] AND closed=1 AND suspended<>8 AND (num_bids=0 OR (num_bids>0 AND reserve_price > 0 AND current_bid < reserve_price AND sold=n))"; PHPAUCTIONXL_auctions; ""; ""; false
SELECT; "SELECT COUNT(id) as COUNT FROM $DBPrefix auctions WHERE user= $_SESSION[PHPAUCTION_LOGGED_IN] AND starts> $NOW AND suspended=0"; PHPAUCTIONXL_auctions; "id"; ""; true
SELECT; "SELECT count(id) as COUNT FROM $DBPrefix auctions WHERE user= $_SESSION[PHPAUCTION_LOGGED_IN] AND closed= 0 AND suspended<>0"; PHPAUCTIONXL_auctions; "id"; ""; true
SELECT; "SELECT DISTINCT auction FROM $DBPrefix winners WHERE seller = $_SESSION[PHPAUCTION_LOGGED_IN]"; PHPAUCTIONXL_winners; "distinct, auction"; ""; true
SELECT; "SELECT id, name, nick, email FROM $DBPrefix users WHERE (name like% addslashes($_POST[searchkey]) % OR email like% addslashes($_POST[searchkey]) % OR nick like% addslashes($_POST[searchkey]) %) AND suspended=0 AND id<> $_SESSION[PHPAUCTION_LOGGED_IN]"; PHPAUCTIONXL_users; "id, name, nick, email"; "addslashes($_POST[searchkey])"; false
SELECT; "SELECT * FROM $DBPrefix auctions WHERE closed=0 AND suspended = 0 AND current_bid>0 ORDER BY current_bid DESC LIMIT intval($offset) , intval($limit)"; PHPAUCTIONXL_auctions; "id, user, title, starts, description, pict_url, category, minimum_bid, reserve_price, buy_now, auction_type, duration, increment, location, location_zip, shipping, payment, international, ends, current_bid, closed, photo_uploaded, quantity, suspended, private, relist, relisted, num_bids, sold, shipping_terms, bn_only, adultonly"; "intval($offset), intval($limit)"; false
SELECT; "SELECT bid FROM $DBPrefix bids WHERE auction= $row[id]"; PHPAUCTIONXL_bids; "bid"; "$row[id]"; true
SELECT; "SELECT * FROM $DBPrefix auctions WHERE closed=0 AND suspended = 0 ORDER BY starts DESC LIMIT intval($offset) , . intval($limit)"; PHPAUCTIONXL_auctions; "id, user, title, starts, description, pict_url, category, minimum_bid, reserve_price, buy_now, auction_type, duration, increment, location, location_zip, shipping, payment, international, ends, current_bid, closed, photo_uploaded, quantity, suspended, private, relist, relisted, num_bids, sold, shipping_terms, bn_only, adultonly"; "intval($offset), intval($limit)"; false
SELECT; "SELECT bid FROM $DBPrefix bids WHERE auction= $row[id]"; PHPAUCTIONXL_bids; "bid"; "$row[id]"; true
SELECT; "SELECT * from $DBPrefix news where suspended=0 order by new_date"; PHPAUCTIONXL_news; "id, title, content, new_date, suspended"; ""; false
SELECT; "SELECT * from $DBPrefix faqs where category= intval($_REQUEST[cat])"; PHPAUCTIONXL_faqs; "id, question, answer, category"; ""; false
SELECT; "SELECT * FROM $DBPrefix faqs_translated WHERE id= intval($row[id]) AND lang= addslashes($language)"; PHPAUCTIONXL_faqs_translated; "id, lang, question, answer"; "intval($row["id"]), addslashes($language)"; false
SELECT; "select * from $DBPrefix faqscategories"; PHPAUCTIONXL_faqscategories; "id, category"; ""; false
SELECT; "select category from $DBPrefix faqscategories where id= intval($_REQUEST[cat])"; PHPAUCTIONXL_faqscategories; "category"; ""; false
SELECT; "SELECT * from $DBPrefix news where id= intval($_GET[id]) AND suspended!=1"; PHPAUCTIONXL_news; "id, title, content, new_date, suspended"; ""; false
SELECT; "SELECT title, content FROM $DBPrefix news_translated WHERE id= intval($new[id]) AND lang= addslashes($language)"; PHPAUCTIONXL_news_translated; "title, content"; "intval($new["id"]), addslashes($language)"; false
SELECT; "SELECT * FROM $DBPrefix news WHERE id<> intval($_GET[id]) AND suspended!=1 ORDER BY new_date DESC"; PHPAUCTIONXL_news; "id, title, content, new_date, suspended"; ""; false
SELECT; "SELECT title FROM $DBPrefix news_translated WHERE id= intval($row[id]) AND lang= addslashes($language)"; PHPAUCTIONXL_news_translated; "title"; "intval($row["id"]), addslashes($language)"; false
SELECT; "select count(auction) as COUNT FROM $DBPrefix closedrelisted where auction= intval($id)"; PHPAUCTIONXL_closedrelisted; "auction"; "intval($id)"; true
SELECT; "select * from $DBPrefix closedrelisted where auction= intval($id)"; PHPAUCTIONXL_closedrelisted; "auction, relistdate, newauction"; "intval($id)"; false
SELECT; "SELECT * FROM $DBPrefix auctions WHERE id= intval($item[auction])"; PHPAUCTIONXL_auctions; "id, user, title, starts, description, pict_url, category, minimum_bid, reserve_price, buy_now, auction_type, duration, increment, location, location_zip, shipping, payment, international, ends, current_bid, closed, photo_uploaded, quantity, suspended, private, relist, relisted, num_bids, sold, shipping_terms, bn_only, adultonly"; "intval($item["auction"])"; false
SELECT; "select count(bid) as count from $DBPrefix bids where auction= intval($AUCTION[id])"; PHPAUCTIONXL_bids; "bid"; ""; true
SELECT; "SELECT photo_uploaded, pict_url FROM $DBPrefix auctions where id= intval($v)"; PHPAUCTIONXL_auctions; "photouploaded, picturl"; "intval($v)"; false
OTHER; "DELETE FROM $DBPrefix auccounter WHERE auction_id= intval($v)"; NA; ""; ""; true
OTHER; "DELETE FROM $DBPrefix auctions WHERE id= intval($v)"; NA; ""; ""; true
UPDATE; "UPDATE $DBPrefix auctions SET ends= $NOW , starts=starts, relist=relisted WHERE id= intval($v)"; PHPAUCTIONXL_auctions; "ends, starts, relist"; "$NOW"; false
SELECT; "SELECT count(id) AS COUNT FROM $DBPrefix auctions WHERE user= $_SESSION[PHPAUCTION_LOGGED_IN] AND closed=0 AND starts<= $NOW AND suspended=0"; PHPAUCTIONXL_auctions; "id"; ""; true
SELECT; "SELECT DISTINCT id, title, current_bid, starts, ends, minimum_bid, duration, relist, relisted, num_bids, suspended FROM $DBPrefix auctions WHERE user= $_SESSION[PHPAUCTION_LOGGED_IN] AND closed=0 AND starts<= $NOW AND suspended=0 ORDER BY $_SESSION[oa_ord] $_SESSION[oa_type] LIMIT intval($OFFSET) , intval($LIMIT)"; PHPAUCTIONXL_auctions; "distinct, id, title, currentbid, starts, ends, minimumbid, duration, relist, relisted, numbids, suspended"; ""; false
SELECT; "SELECT MAX(bid) AS maxbid, bidder FROM $DBPrefix bids WHERE auction= intval($item[id]) GROUP BY auction, bidder ORDER BY id DESC"; PHPAUCTIONXL_bids; "bid, maxbid, bidder"; "intval($item["id"])"; true
SELECT; "select bidder from $DBPrefix bids where bid= doubleval($high_bid) and auction= intval($item[id])"; PHPAUCTIONXL_bids; "bidder"; "doubleval($high_bid), intval($item["id"])"; true
SELECT; "SELECT nick FROM $DBPrefix users WHERE id= intval($high_bidder_id)"; PHPAUCTIONXL_users; "nick"; "intval($high_bidder_id)"; false
SELECT; "SELECT counter FROM $DBPrefix auccounter WHERE auction_id= intval($item[id])"; PHPAUCTIONXL_auccounter; "counter"; "intval($item["id"])"; true
SELECT; "select * from $DBPrefix durations order by days"; PHPAUCTIONXL_durations; "days, description"; ""; false
SELECT; "SELECT photo_uploaded, pict_url FROM $DBPrefix auctions where id= intval($v)"; PHPAUCTIONXL_auctions; "photouploaded, picturl"; "intval($v)"; false
UPDATE; "UPDATE $DBPrefix counters SET closedauctions=(closedauctions-1)"; PHPAUCTIONXL_counters; "closedauctions"; ""; true
OTHER; "DELETE FROM $DBPrefix auctioninvitedlists WHERE auction_id= intval($v)"; NA; ""; ""; true
OTHER; "DELETE FROM $DBPrefix auctionblacklists WHERE auction_id= intval($v)"; NA; ""; ""; true
OTHER; "DELETE FROM $DBPrefix auccounter WHERE auction_id= intval($v)"; NA; ""; ""; true
OTHER; "DELETE FROM $DBPrefix auctions WHERE id= intval($v)"; NA; ""; ""; true
SELECT; "select * FROM $DBPrefix bids WHERE auction= intval($v)"; PHPAUCTIONXL_bids; "id, auction, bidder, bid, bidwhen, quantity"; "intval($v)"; false
OTHER; "DELETE FROM $DBPrefix bids WHERE auction= intval($v)"; NA; ""; ""; true
OTHER; "DELETE FROM $DBPrefix proxybid WHERE itemid= intval($v)"; NA; ""; ""; true
UPDATE; "UPDATE $DBPrefix auctions set sold=s WHERE id= intval($k)"; PHPAUCTIONXL_auctions; "sold"; ""; true
SELECT; "SELECT * FROM $DBPrefix auctions WHERE id= intval($k)"; PHPAUCTIONXL_auctions; "id, user, title, starts, description, pict_url, category, minimum_bid, reserve_price, buy_now, auction_type, duration, increment, location, location_zip, shipping, payment, international, ends, current_bid, closed, photo_uploaded, quantity, suspended, private, relist, relisted, num_bids, sold, shipping_terms, bn_only, adultonly"; "intval($k)"; false
UPDATE; "UPDATE $DBPrefix auctions set starts= $TODAY , ends= $WILLEND , duration= $_POST[duration][$k] , closed=0, num_bids=0, relisted=0, current_bid=0, sold=n WHERE id= $k"; PHPAUCTIONXL_auctions; "starts, ends, duration, closed, num_bids, relisted, current_bid, sold"; "$TODAY, $WILLEND, duration, $_POST[duration][$k]"; false
INSERT; "INSERT INTO $DBPrefix closedrelisted VALUES( $k , $NOWB , $NEWID )"; PHPAUCTIONXL_closedrelisted; "auction, relistdate, newauction"; "$k, $NOWB, $NEWID"; true
OTHER; "DELETE FROM $DBPrefix bids WHERE auction= $k"; NA; ""; ""; true
OTHER; "DELETE FROM $DBPrefix proxybid WHERE itemid= $k"; NA; ""; ""; true
OTHER; "DELETE FROM $DBPrefix winners WHERE auction= $k"; NA; ""; ""; true
UPDATE; "update $DBPrefix counters set auctions=(auctions+1)"; PHPAUCTIONXL_counters; "auctions"; ""; true
SELECT; "SELECT * FROM $DBPrefix categories WHERE cat_id= $ct"; PHPAUCTIONXL_categories; "cat_id, parent_id, cat_name, deleted, sub_counter, counter, cat_colour, cat_image, feesfree"; "$ct"; false
UPDATE; "UPDATE $DBPrefix categories SET counter= $counter , sub_counter= $subcoun WHERE cat_id= $ct"; PHPAUCTIONXL_categories; "counter, sub_counter"; "$counter, $subcoun"; true
SELECT; "SELECT * FROM $DBPrefix categories WHERE cat_id= $parent_id"; PHPAUCTIONXL_categories; "cat_id, parent_id, cat_name, deleted, sub_counter, counter, cat_colour, cat_image, feesfree"; "$parent_id"; false
UPDATE; "UPDATE $DBPrefix categories SET sub_counter= $subcoun WHERE cat_id= $parent_id"; PHPAUCTIONXL_categories; "sub_counter"; "$subcoun"; true
SELECT; "select count(id) as COUNT from $DBPrefix auctions where user= $_SESSION[PHPAUCTION_LOGGED_IN] AND closed=1 AND suspended<>8 AND (num_bids=0 OR (num_bids>0 AND current_bid < reserve_price AND sold=n))"; PHPAUCTIONXL_auctions; "id"; ""; true
SELECT; "SELECT * FROM $DBPrefix auctions WHERE user= $_SESSION[PHPAUCTION_LOGGED_IN] AND closed=1 AND suspended<>8 AND (num_bids=0 OR (num_bids>0 AND reserve_price > 0 AND current_bid < reserve_price AND sold=n)) ORDER BY $_SESSION[ca_ord] $_SESSION[ca_type] LIMIT $OFFSET , $LIMIT"; PHPAUCTIONXL_auctions; "id, user, title, starts, description, pict_url, category, minimum_bid, reserve_price, buy_now, auction_type, duration, increment, location, location_zip, shipping, payment, international, ends, current_bid, closed, photo_uploaded, quantity, suspended, private, relist, relisted, num_bids, sold, shipping_terms, bn_only, adultonly"; ""; false
SELECT; "SELECT COUNT(auction) as COUNTER FROM $DBPrefix closedrelisted WHERE auction= $item[id]"; PHPAUCTIONXL_closedrelisted; "auction"; "$item["id"]"; true
SELECT; "SELECT COUNT(auction) as COUNTER FROM $DBPrefix closedrelisted WHERE auction= $item[id]"; PHPAUCTIONXL_closedrelisted; "auction"; "$item["id"]"; true
SELECT; "select * from $DBPrefix durations order by days"; PHPAUCTIONXL_durations; "days, description"; ""; false
SELECT; "SELECT photo_uploaded, pict_url FROM $DBPrefix auctions where id= $v"; PHPAUCTIONXL_auctions; "photouploaded, picturl"; "$v"; false
OTHER; "DELETE FROM $DBPrefix auctioninvitedlists WHERE auction_id= $v"; NA; ""; ""; true
OTHER; "DELETE FROM $DBPrefix auccounter WHERE auction_id= $v"; NA; ""; ""; true
OTHER; "DELETE FROM $DBPrefix auctions WHERE id= $v"; NA; ""; ""; true
UPDATE; "UPDATE $DBPrefix auctions SET starts= $NOW WHERE id= $v"; PHPAUCTIONXL_auctions; "starts"; "$NOW"; true
SELECT; "select count(id) as COUNT from $DBPrefix auctions where user= $_SESSION[PHPAUCTION_LOGGED_IN] and starts> $NOW AND suspended=0"; PHPAUCTIONXL_auctions; "id"; ""; true
SELECT; "SELECT DISTINCT id, title, current_bid, starts, ends, minimum_bid, duration, relist, relisted FROM $DBPrefix auctions au WHERE user= $_SESSION[PHPAUCTION_LOGGED_IN] AND starts > $NOW AND (suspended=0 OR suspended=-1) ORDER BY $_SESSION[pa_ord] $_SESSION[pa_type] LIMIT $OFFSET , $LIMIT"; PHPAUCTIONXL_auctions; "distinct, id, title, currentbid, starts, ends, minimumbid, duration, relist, relisted"; ""; false
SELECT; "select count(bid) as count from $DBPrefix bids where auction= $item[id]"; PHPAUCTIONXL_bids; "bid"; "$item["id"]"; true
SELECT; "select * from $DBPrefix durations order by days"; PHPAUCTIONXL_durations; "days, description"; ""; false
SELECT; "SELECT photo_uploaded, pict_url FROM $DBPrefix auctions where id= $v"; PHPAUCTIONXL_auctions; "photouploaded, picturl"; "$v"; false
OTHER; "DELETE FROM $DBPrefix auctions WHERE id= $v"; NA; ""; ""; true
UPDATE; "UPDATE $DBPrefix auctions SET ends= $NOW WHERE id= $v"; PHPAUCTIONXL_auctions; "ends"; "$NOW"; true
SELECT; "SELECT photo_uploaded, pict_url FROM $DBPrefix auctions where id= $v"; PHPAUCTIONXL_auctions; "photouploaded, picturl"; "$v"; false
OTHER; "DELETE FROM $DBPrefix auctions WHERE id= $v"; NA; ""; ""; true
SELECT; "SELECT photo_uploaded, pict_url FROM $DBPrefix auctions where id= $v"; PHPAUCTIONXL_auctions; "photouploaded, picturl"; "$v"; false
UPDATE; "UPDATE $DBPrefix counters SET closedauctions=(closedauctions-1)"; PHPAUCTIONXL_counters; "closedauctions"; ""; true
OTHER; "DELETE FROM $DBPrefix auctions WHERE id= $v"; NA; ""; ""; true
SELECT; "select * FROM $DBPrefix bids WHERE auction= $v"; PHPAUCTIONXL_bids; "id, auction, bidder, bid, bidwhen, quantity"; "$v"; false
OTHER; "DELETE FROM $DBPrefix bids WHERE auction= $v"; NA; ""; ""; true
OTHER; "DELETE FROM $DBPrefix proxybid WHERE itemid= $v"; NA; ""; ""; true
UPDATE; "update $DBPrefix auctions set starts= $TODAY , ends= $WILLEND , duration= $duration[$k] , current_bid= $current_bid , closed=0 where id= $k"; PHPAUCTIONXL_auctions; "starts, ends, duration, current_bid, closed"; "$TODAY, $WILLEND, $duration[$k], $current_bid"; false
SELECT; "select * FROM $DBPrefix bids WHERE auction= $v"; PHPAUCTIONXL_bids; "id, auction, bidder, bid, bidwhen, quantity"; "$v"; false
OTHER; "DELETE FROM $DBPrefix bids WHERE auction= $v"; NA; ""; ""; true
OTHER; "DELETE FROM $DBPrefix proxybid WHERE itemid= $v"; NA; ""; ""; true
OTHER; "DELETE FROM $DBPrefix winners WHERE auction= $v"; NA; ""; ""; true
UPDATE; "update $DBPrefix counters set auctions=(auctions+1), closedauctions=(closedauctions-1)"; PHPAUCTIONXL_counters; "auctions, closedauctions"; ""; true
SELECT; "select category from $DBPrefix auctions where id= $v"; PHPAUCTIONXL_auctions; "category"; "$v"; true
SELECT; "SELECT * FROM $DBPrefix categories WHERE cat_id= $ct"; PHPAUCTIONXL_categories; "cat_id, parent_id, cat_name, deleted, sub_counter, counter, cat_colour, cat_image, feesfree"; "$ct"; false
UPDATE; "UPDATE $DBPrefix categories SET counter= $counter , sub_counter= $subcoun WHERE cat_id= $ct"; PHPAUCTIONXL_categories; "counter, sub_counter"; "$counter, $subcoun"; true
SELECT; "SELECT * FROM $DBPrefix categories WHERE cat_id= $parent_id"; PHPAUCTIONXL_categories; "cat_id, parent_id, cat_name, deleted, sub_counter, counter, cat_colour, cat_image, feesfree"; "$parent_id"; false
UPDATE; "UPDATE $DBPrefix categories SET sub_counter= $subcoun WHERE cat_id= $parent_id"; PHPAUCTIONXL_categories; "sub_counter"; "$subcoun"; true
SELECT; "select count(id) as COUNT from $DBPrefix auctions where user= $_SESSION[PHPAUCTION_LOGGED_IN] and suspended<>0"; PHPAUCTIONXL_auctions; "id"; ""; true
SELECT; "SELECT id, title, current_bid, starts, ends, minimum_bid, duration, relist, relisted FROM $DBPrefix auctions WHERE user= $_SESSION[PHPAUCTION_LOGGED_IN] AND suspended<>0 order by $_SESSION[sa_ord] $_SESSION[sa_type] LIMIT $OFFSET , $LIMIT"; PHPAUCTIONXL_auctions; "id, title, currentbid, starts, ends, minimumbid, duration, relist, relisted"; ""; false
SELECT; "select * from $DBPrefix durations order by days"; PHPAUCTIONXL_durations; "days, description"; ""; false
SELECT; "SELECT photo_uploaded, pict_url FROM $DBPrefix auctions where id= $v"; PHPAUCTIONXL_auctions; "photouploaded, picturl"; "$v"; false
UPDATE; "UPDATE $DBPrefix counters SET closedauctions=(closedauctions-1)"; PHPAUCTIONXL_counters; "closedauctions"; ""; true
OTHER; "DELETE FROM $DBPrefix auccounter WHERE auction_id= $v"; NA; ""; ""; true
OTHER; "DELETE FROM $DBPrefix auctions WHERE id= $v"; NA; ""; ""; true
SELECT; "select * FROM $DBPrefix bids WHERE auction= $v"; PHPAUCTIONXL_bids; "id, auction, bidder, bid, bidwhen, quantity"; "$v"; false
OTHER; "DELETE FROM $DBPrefix bids WHERE auction= $v"; NA; ""; ""; true
OTHER; "DELETE FROM $DBPrefix proxybid WHERE itemid= $v"; NA; ""; ""; true
SELECT; "SELECT a.* FROM $DBPrefix auctions a, $DBPrefix winners w WHERE a.user= $_SESSION[PHPAUCTION_LOGGED_IN] AND a.closed=1 AND a.suspended<>8 AND a.id=w.auction GROUP BY w.auction"; PHPAUCTIONXL_auctions; "a"; ""; false
SELECT; "SELECT a.* FROM $DBPrefix auctions a, $DBPrefix winners w WHERE a.user= $_SESSION[PHPAUCTION_LOGGED_IN] AND a.closed=1 AND a.suspended<>8 AND a.id=w.auction GROUP BY w.auction ORDER BY $_SESSION[solda_ord] $_SESSION[solda_type] LIMIT $OFFSET , $LIMIT"; PHPAUCTIONXL_auctions; "a"; ""; false
SELECT; "select * from $DBPrefix durations order by days"; PHPAUCTIONXL_durations; "days, description"; ""; false
SELECT; "select a.current_bid, a.id, a.title, a.ends, b.bid FROM $DBPrefix auctions a, $DBPrefix bids b WHERE a.id=b.auction AND a.closed=0 AND b.bidder= $_SESSION[PHPAUCTION_LOGGED_IN] order by a.ends asc, b.bidwhen desc"; PHPAUCTIONXL_auctions; "acurrentbid, aid, atitle, aends, bbid"; ""; false
SELECT; "SELECT nick, rate_sum, rate_num FROM $DBPrefix users WHERE id= intval($secid)"; PHPAUCTIONXL_users; "nick, ratesum, ratenum"; "intval($secid)"; false
SELECT; "SELECT count(*) FROM $DBPrefix feedbacks WHERE rated_user_id= intval($secid)"; PHPAUCTIONXL_feedbacks; ""; "intval($secid)"; false
SELECT; "SELECT f.*, a.title FROM $DBPrefix feedbacks f LEFT OUTER JOIN $DBPrefix auctions a ON a.id=f.auction_id WHERE rated_user_id= $secid ORDER by feedbackdate DESC LIMIT $left_limit , $lines"; PHPAUCTIONXL_feedbacks; "f, atitle"; "$secid, $left_limit, $lines"; false
SELECT; "SELECT id, rate_num, rate_sum FROM $DBPrefix users WHERE nick= $feed_disp[$i][username]"; PHPAUCTIONXL_users; "id, ratenum, ratesum"; "$feed_disp[$i]["username"]"; true
SELECT; "SELECT * FROM $DBPrefix feedforum WHERE feed_id= $arrfeed[id] ORDER BY seqnum ASC"; PHPAUCTIONXL_feedforum; "id, feed_id, user_id, seqnum, commentdate, COMMENT"; "$arrfeed["id"]"; false
SELECT; "SELECT * FROM $DBPrefix users WHERE id= $_SESSION[PHPAUCTION_LOGGED_IN]"; PHPAUCTIONXL_users; "id, nick, password, name, address, city, prov, country, zip, phone, email, reg_date, rate_sum, rate_num, birthdate, suspended, nletter, balance, auc_watch, item_watch, creditcard, exp_month, exp_year, card_owner, card_zip, accounttype, endemailmode, startemailmode, trusted, lastlogin, payment_details"; ""; false
SELECT; "SELECT * FROM $DBPrefix messages WHERE sentto= $userid AND id= $messageid"; PHPAUCTIONXL_messages; "id, sentto, from, when, message, read, subject, replied, noticed"; "$userid, $messageid"; false
SELECT; "SELECT * FROM $DBPrefix messages WHERE id= $messageid"; PHPAUCTIONXL_messages; "id, sentto, from, when, message, read, subject, replied, noticed"; "$messageid"; false
SELECT; "SELECT * FROM $DBPrefix users WHERE id= $from"; PHPAUCTIONXL_users; "id, nick, password, name, address, city, prov, country, zip, phone, email, reg_date, rate_sum, rate_num, birthdate, suspended, nletter, balance, auc_watch, item_watch, creditcard, exp_month, exp_year, card_owner, card_zip, accounttype, endemailmode, startemailmode, trusted, lastlogin, payment_details"; "$from"; false
UPDATE; "UPDATE $DBPrefix messages SET read=1 WHERE id= $messageid"; PHPAUCTIONXL_messages; "read"; ""; true
