addresses,id,"['int(11)', 'NOT NULL', 'default', ""'0'""]",True
addresses,line1,"['varchar(255)', 'default', 'NULL']",False
addresses,line2,"['varchar(255)', 'default', 'NULL']",False
addresses,city,"['varchar(255)', 'default', 'NULL']",False
addresses,state,"['varchar(35)', 'default', 'NULL']",False
addresses,zip,"['varchar(10)', 'default', 'NULL']",False
addresses,plus_four,"['varchar(4)', 'default', 'NULL']",False
addresses,country,"['varchar(255)', 'default', 'NULL']",False
addresses,foreign_id,"['KEY', '`foreign_id` (`foreign_id`)']",False
amc_misc_data,amc_id,"['varchar(31)', 'NOT NULL', 'DEFAULT', ""''"", 'COMMENT', ""'Unique and maps to list_options list clinical_rules'""]",False
amc_misc_data,pid,"['bigint(20)', 'default', 'NULL']",True
amc_misc_data,map_category,"['varchar(255)', 'NOT NULL', 'default', ""''"", 'COMMENT', ""'Maps to an object category (such as prescriptions etc.)'""]",False
amc_misc_data,map_id,"['bigint(20)', 'NOT NULL', 'default', ""'0'"", 'COMMENT', ""'Maps to an object id (such as prescription id etc.)'""]",True
amc_misc_data,date_created,"['datetime', 'default', 'NULL']",True
amc_misc_data,date_completed,"['datetime', 'default', 'NULL']",True
amc_misc_data,soc_provided,"['datetime', 'default', 'NULL']",True
amendments,amendment_id,"['int(11)', 'NOT NULL', 'AUTO_INCREMENT', 'COMMENT', ""'Amendment ID'""]",True
amendments,amendment_date,"['date', 'NOT NULL', 'COMMENT', ""'Amendement request date'""]",True
amendments,amendment_by,"['varchar(50)', 'NOT NULL', 'COMMENT', ""'Amendment requested from'""]",False
amendments,amendment_status,"['varchar(50)', 'NULL', 'COMMENT', ""'Amendment status accepted/rejected/null'""]",False
amendments,pid,"['bigint(20)', 'NOT NULL', 'COMMENT', ""'Patient ID from patient_data'""]",True
amendments,amendment_desc,"['text', 'COMMENT', ""'Amendment Details'""]",False
amendments,created_by,"['int(11)', 'NOT NULL', 'COMMENT', ""'references users.id for session owner'""]",True
amendments,modified_by,"['int(11)', 'NULL', 'COMMENT', ""'references users.id for session owner'""]",True
amendments,created_time,"['timestamp', 'NULL', 'COMMENT', ""'created time'""]",True
amendments,modified_time,"['timestamp', 'NULL', 'COMMENT', ""'modified time'""]",True
amendments_history,amendment_id,"['int(11)', 'NOT NULL', 'AUTO_INCREMENT', 'COMMENT', ""'Amendment ID'""]",True
amendments_history,amendment_note,"['text', 'COMMENT', ""'Amendment requested from'""]",False
amendments_history,amendment_status,"['VARCHAR(50)', 'NULL', 'COMMENT', ""'Amendment Request Status'""]",False
amendments_history,created_by,"['int(11)', 'NOT NULL', 'COMMENT', ""'references users.id for session owner'""]",True
amendments_history,created_time,"['timestamp', 'NULL', 'COMMENT', ""'created time'""]",True
api_log,id,"['bigint(20)', 'NOT NULL', 'AUTO_INCREMENT']",True
api_log,log_id,"['int(11)', 'NOT NULL']",True
api_log,user_id,"['bigint(20)', 'NOT NULL']",True
api_log,patient_id,"['bigint(20)', 'NOT NULL']",True
api_log,ip_address,"['varchar(255)', 'NOT NULL']",False
api_log,method,"['varchar(20)', 'NOT NULL']",False
api_log,request,"['varchar(255)', 'NOT NULL']",False
api_log,request_url,[],False
api_log,request_body,['longtext'],True
api_log,response,['longtext'],True
api_log,created_time,"['timestamp', 'NULL']",True
api_token,id,"['bigint(20)', 'NOT NULL', 'AUTO_INCREMENT']",True
api_token,user_id,"['varchar(40)', 'DEFAULT', 'NULL']",False
api_token,token,"['varchar(128)', 'DEFAULT', 'NULL']",False
api_token,expiry,"['datetime', 'DEFAULT', 'NULL']",True
api_token,client_id,"['varchar(80)', 'DEFAULT', 'NULL']",False
api_token,scope,['UNIQUE'],False
audit_master,id,"['bigint(20)', 'NOT NULL', 'AUTO_INCREMENT']",True
audit_master,pid,"['bigint(20)', 'NOT NULL']",True
audit_master,user_id,"['bigint(20)', 'NOT NULL', 'COMMENT', ""'The Id of the user who approves or denies'""]",True
audit_master,approval_status,"['tinyint(4)', 'NOT NULL', 'COMMENT', ""'1-Pending,2-Approved,3-Denied,4-Appointment directly updated to calendar table,5-Cancelled appointment'""]",True
audit_master,comments,['text'],False
audit_master,created_time,"['timestamp', 'NOT NULL', 'DEFAULT', 'CURRENT_TIMESTAMP']",True
audit_master,modified_time,"['datetime', 'NOT NULL']",True
audit_master,ip_address,"['varchar(100)', 'NOT NULL']",False
audit_master,type,"['tinyint(4)', 'NOT NULL', 'COMMENT', ""'1-new patient,2-existing patient,3-change is only in the document,4-Patient upload,5-random key,10-Appointment'""]",True
audit_details,id,"['BIGINT(20)', 'NOT NULL', 'AUTO_INCREMENT']",True
audit_details,table_name,"['VARCHAR(100)', 'NOT NULL', 'COMMENT', ""'openemr table name'""]",False
audit_details,field_name,"['VARCHAR(100)', 'NOT NULL', 'COMMENT', ""'openemr table''s field name'""]",False
audit_details,field_value,"['TEXT', 'COMMENT', ""'openemr table''s field value'""]",False
audit_details,audit_master_id,"['BIGINT(20)', 'NOT NULL', 'COMMENT', ""'Id of the audit_master table'""]",True
audit_details,entry_identification,"['VARCHAR(255)', 'NOT NULL', 'DEFAULT', ""'1'"", 'COMMENT', ""'Used when multiple entry occurs from the same table.1 means no multiple entry'""]",False
background_services,name,"['varchar(31)', 'NOT NULL']",False
background_services,title,"['varchar(127)', 'NOT NULL', 'COMMENT', ""'name for reports'""]",False
background_services,active,"['tinyint(1)', 'NOT NULL', 'default', ""'0'""]",True
background_services,running,"['tinyint(1)', 'NOT NULL', 'default', ""'-1'"", 'COMMENT', ""'True indicates managed service is busy. Skip this interval'""]",True
background_services,next_run,"['timestamp', 'NOT NULL', 'default', 'CURRENT_TIMESTAMP']",True
background_services,execute_interval,"['int(11)', 'NOT NULL', 'default', ""'0'"", 'COMMENT', ""'minimum number of minutes between function calls,0=manual mode'""]",True
background_services,function,"['minimumnumberofminutesbetweencalls', 'varchar(127)', 'NOT NULL', 'COMMENT', ""'name of background service function'""]",False
background_services,require_once,"['varchar(255)', 'default', 'NULL', 'COMMENT', ""'include file (if necessary)'""]",False
background_services,sort_order,"['int(11)', 'NOT NULL', 'default', ""'100'"", 'COMMENT', ""'lower numbers will be run first'""]",True
batchcom,id,"['bigint(20)', 'NOT NULL', 'auto_increment']",True
batchcom,patient_id,"['bigint(20)', 'NOT NULL', 'default', ""'0'""]",True
batchcom,sent_by,"['bigint(20)', 'NOT NULL', 'default', ""'0'""]",True
batchcom,msg_type,"['varchar(60)', 'default', 'NULL']",False
batchcom,msg_subject,"['varchar(255)', 'default', 'NULL']",False
batchcom,msg_text,['mediumtext'],False
batchcom,msg_date_sent,"['datetime', 'NULL']",True
billing,id,"['int(11)', 'NOT NULL', 'auto_increment']",True
billing,date,"['time', 'default', 'NULL']",True
billing,code_type,"['varchar(15)', 'default', 'NULL']",False
billing,code,"['varchar(20)', 'default', 'NULL']",False
billing,pid,"['bigint(20)', 'default', 'NULL']",True
billing,provider_id,"['int(11)', 'default', 'NULL']",True
billing,user,"['int(11)', 'default', 'NULL']",True
billing,groupname,"['varchar(255)', 'default', 'NULL']",False
billing,authorized,"['tinyint(1)', 'default', 'NULL']",True
billing,encounter,"['int(11)', 'default', 'NULL']",True
billing,code_text,['longtext'],True
billing,billed,"['tinyint(1)', 'default', 'NULL']",True
billing,activity,"['tinyint(1)', 'default', 'NULL']",True
billing,payer_id,"['int(11)', 'default', 'NULL']",True
billing,bill_process,"['tinyint(2)', 'NOT NULL', 'default', ""'0'""]",True
billing,bill_date,"['datetime', 'default', 'NULL']",True
billing,process_date,"['datetime', 'default', 'NULL']",True
billing,process_file,"['varchar(255)', 'default', 'NULL']",False
billing,modifier,"['varchar(12)', 'default', 'NULL']",False
billing,units,"['int(11)', 'default', 'NULL']",True
billing,fee,"['decimal(12,2)', 'default', 'NULL']",True
billing,justify,"['varchar(255)', 'default', 'NULL']",False
billing,target,"['varchar(30)', 'default', 'NULL']",False
billing,x12_partner_id,"['int(11)', 'default', 'NULL']",True
billing,ndc_info,"['varchar(255)', 'default', 'NULL']",False
billing,notecodes,"['varchar(25)', 'NOT NULL', 'default', ""''""]",False
billing,external_id,"['VARCHAR(20)', 'DEFAULT', 'NULL']",False
billing,pricelevel,"['varchar(31)', 'default', ""''""]",False
billing,revenue_code,"['KEY', '`pid` (`pid`)']",False
categories,id,"['int(11)', 'NOT NULL', 'default', ""'0'""]",True
categories,name,"['varchar(255)', 'default', 'NULL']",False
categories,value,"['varchar(255)', 'default', 'NULL']",False
categories,parent,"['int(11)', 'NOT NULL', 'default', ""'0'""]",True
categories,lft,"['int(11)', 'NOT NULL', 'default', ""'0'""]",True
categories,rght,"['int(11)', 'NOT NULL', 'default', ""'0'""]",True
categories,aco_spec,"['KEY', '`parent` (`parent`)', 'KEY', '`lft` (`lft`,`rght`)']",False
categories_seq,id,"['int(11)', 'NOT NULL', 'default', ""'0'""]",True
categories_to_documents,category_id,"['int(11)', 'NOT NULL', 'default', ""'0'""]",True
categories_to_documents,document_id,"['int(11)', 'NOT NULL', 'default', ""'0'""]",True
claims,patient_id,"['bigint(20)', 'NOT NULL']",True
claims,encounter_id,"['int(11)', 'NOT NULL']",True
claims,version,"['int(10)', 'unsigned', 'NOT NULL', 'COMMENT', ""'Claim version, incremented in code'""]",True
claims,payer_id,"['int(11)', 'NOT NULL', 'default', ""'0'""]",True
claims,status,"['tinyint(2)', 'NOT NULL', 'default', ""'0'""]",True
claims,payer_type,"['tinyint(4)', 'NOT NULL', 'default', ""'0'""]",True
claims,bill_process,"['tinyint(2)', 'NOT NULL', 'default', ""'0'""]",True
claims,bill_time,"['datetime', 'default', 'NULL']",True
claims,process_time,"['datetime', 'default', 'NULL']",True
claims,process_file,"['varchar(255)', 'default', 'NULL']",False
claims,target,"['varchar(30)', 'default', 'NULL']",False
claims,x12_partner_id,"['int(11)', 'NOT NULL', 'default', ""'0'""]",True
claims,submitted_claim,"['text', 'COMMENT', ""'This claims form claim data'""]",False
clinical_plans,id,"['varchar(31)', 'NOT NULL', 'DEFAULT', ""''"", 'COMMENT', ""'Unique and maps to list_options list clinical_plans'""]",False
clinical_plans,pid,"['bigint(20)', 'NOT NULL', 'DEFAULT', ""'0'"", 'COMMENT', ""'0 is default for all patients, while > 0 is id from patient_data table'""]",True
clinical_plans,normal_flag,"['tinyint(1)', 'COMMENT', ""'Normal Activation Flag'""]",True
clinical_plans,cqm_flag,"['tinyint(1)', 'COMMENT', ""'Clinical Quality Measure flag (unable to customize per patient)'""]",True
clinical_plans,cqm_2011_flag,"['tinyint(1)', 'COMMENT', ""'2011 Clinical Quality Measure flag (unable to customize per patient)'""]",True
clinical_plans,cqm_2014_flag,"['tinyint(1)', 'COMMENT', ""'2014 Clinical Quality Measure flag (unable to customize per patient)'""]",True
clinical_plans,cqm_measure_group,"['varchar(10)', 'NOT NULL', 'default', ""''"", 'COMMENT', ""'Clinical Quality Measure Group Identifier'""]",False
clinical_plans_rules,plan_id,"['varchar(31)', 'NOT NULL', 'DEFAULT', ""''"", 'COMMENT', ""'Unique and maps to list_options list clinical_plans'""]",False
clinical_plans_rules,rule_id,"['varchar(31)', 'NOT NULL', 'DEFAULT', ""''"", 'COMMENT', ""'Unique and maps to list_options list clinical_rules'""]",False
clinical_rules,id,"['varchar(31)', 'NOT NULL', 'DEFAULT', ""''"", 'COMMENT', ""'Unique and maps to list_options list clinical_rules'""]",False
clinical_rules,pid,"['bigint(20)', 'NOT NULL', 'DEFAULT', ""'0'"", 'COMMENT', ""'0 is default for all patients, while > 0 is id from patient_data table'""]",True
clinical_rules,active_alert_flag,"['tinyint(1)', 'COMMENT', ""'Active Alert Widget Module flag - note not yet utilized'""]",True
clinical_rules,passive_alert_flag,"['tinyint(1)', 'COMMENT', ""'Passive Alert Widget Module flag'""]",True
clinical_rules,cqm_flag,"['tinyint(1)', 'COMMENT', ""'Clinical Quality Measure flag (unable to customize per patient)'""]",True
clinical_rules,cqm_2011_flag,"['tinyint(1)', 'COMMENT', ""'2011 Clinical Quality Measure flag (unable to customize per patient)'""]",True
clinical_rules,cqm_2014_flag,"['tinyint(1)', 'COMMENT', ""'2014 Clinical Quality Measure flag (unable to customize per patient)'""]",True
clinical_rules,cqm_nqf_code,"['varchar(10)', 'NOT NULL', 'default', ""''"", 'COMMENT', ""'Clinical Quality Measure NQF identifier'""]",False
clinical_rules,cqm_pqri_code,"['varchar(10)', 'NOT NULL', 'default', ""''"", 'COMMENT', ""'Clinical Quality Measure PQRI identifier'""]",False
clinical_rules,amc_flag,"['tinyint(1)', 'COMMENT', ""'Automated Measure Calculation flag (unable to customize per patient)'""]",True
clinical_rules,amc_2011_flag,"['tinyint(1)', 'COMMENT', ""'2011 Automated Measure Calculation flag for (unable to customize per patient)'""]",True
clinical_rules,amc_2014_flag,"['tinyint(1)', 'COMMENT', ""'2014 Automated Measure Calculation flag for (unable to customize per patient)'""]",True
clinical_rules,amc_code,"['varchar(10)', 'NOT NULL', 'default', ""''"", 'COMMENT', ""'Automated Measure Calculation indentifier (MU rule)'""]",False
clinical_rules,amc_code_2014,"['varchar(30)', 'NOT NULL', 'default', ""''"", 'COMMENT', ""'Automated Measure Calculation 2014 indentifier (MU rule)'""]",False
clinical_rules,amc_2014_stage1_flag,"['tinyint(1)', 'COMMENT', ""'2014 Stage 1 - Automated Measure Calculation flag for (unable to customize per patient)'""]",True
clinical_rules,amc_2014_stage2_flag,"['tinyint(1)', 'COMMENT', ""'2014 Stage 2 - Automated Measure Calculation flag for (unable to customize per patient)'""]",True
clinical_rules,patient_reminder_flag,"['tinyint(1)', 'COMMENT', ""'Clinical Reminder Module flag'""]",True
clinical_rules,developer,"['VARCHAR(255)', 'NOT NULL', 'DEFAULT', ""''"", 'COMMENT', ""'Clinical Rule Developer'""]",False
clinical_rules,funding_source,"['VARCHAR(255)', 'NOT NULL', 'DEFAULT', ""''"", 'COMMENT', ""'Clinical Rule Funding Source'""]",False
clinical_rules,release_version,"['VARCHAR(255)', 'NOT NULL', 'DEFAULT', ""''"", 'COMMENT', ""'Clinical Rule Release Version'""]",False
clinical_rules,web_reference,"['VARCHAR(255)', 'NOT NULL', 'DEFAULT', ""''"", 'COMMENT', ""'Clinical Rule Web Reference'""]",False
clinical_rules,access_control,"['VARCHAR(255)', 'NOT NULL', 'DEFAULT', ""'patients:med'"", 'COMMENT', ""'ACO link for access control'""]",False
clinical_rules_log,id,"['bigint(20)', 'NOT NULL', 'auto_increment']",True
clinical_rules_log,date,"['time', 'DEFAULT', 'NULL']",True
clinical_rules_log,pid,"['bigint(20)', 'NOT NULL', 'DEFAULT', ""'0'""]",True
clinical_rules_log,uid,"['bigint(20)', 'NOT NULL', 'DEFAULT', ""'0'""]",True
clinical_rules_log,category,"['VARCHAR(255)', 'NOT NULL', 'DEFAULT', ""''"", 'COMMENT', ""'An example category is clinical_reminder_widget'""]",False
clinical_rules_log,value,['TEXT'],False
clinical_rules_log,new_value,"['KEY', '`pid` (`pid`)', 'KEY', '`uid` (`uid`)', 'KEY', '`category` (`category`)']",False
codes,id,"['int(11)', 'NOT NULL', 'auto_increment']",True
codes,code_text,['text'],False
codes,code_text_short,['text'],False
codes,code,"['varchar(25)', 'NOT NULL', 'default', ""''""]",False
codes,code_type,"['smallint(6)', 'default', 'NULL']",True
codes,modifier,"['varchar(12)', 'NOT NULL', 'default', ""''""]",False
codes,units,"['int(11)', 'default', 'NULL']",True
codes,fee,"['decimal(12,2)', 'default', 'NULL']",True
codes,superbill,"['varchar(31)', 'NOT NULL', 'default', ""''""]",False
codes,related_code,"['varchar(255)', 'NOT NULL', 'default', ""''""]",False
codes,taxrates,"['varchar(255)', 'NOT NULL', 'default', ""''""]",False
codes,cyp_factor,"['float', 'NOT NULL', 'DEFAULT', '0', 'COMMENT', ""'quantity representing a years supply'""]",True
codes,active,"['TINYINT(1)', 'DEFAULT', '1', 'COMMENT', ""'0 = inactive, 1 = active'""]",True
codes,reportable,"['TINYINT(1)', 'DEFAULT', '0', 'COMMENT', ""'0 = non-reportable, 1 = reportable'""]",True
codes,financial_reporting,"['TINYINT(1)', 'DEFAULT', '0', 'COMMENT', ""'0 = negative, 1 = considered important code in financial reporting'""]",True
codes,revenue_code,"['KEY', '`code` (`code`)', 'KEY', '`code_type` (`code_type`)']",False
syndromic_surveillance,id,"['bigint(20)', 'NOT NULL', 'auto_increment']",True
syndromic_surveillance,lists_id,"['bigint(20)', 'NOT NULL']",True
syndromic_surveillance,submission_date,"['datetime', 'NOT NULL']",True
syndromic_surveillance,filename,"['KEY', '(`lists_id`)']",False
dated_reminders,dr_id,"['int(11)', 'NOT NULL', 'AUTO_INCREMENT']",True
dated_reminders,dr_from_ID,"['int(11)', 'NOT NULL']",True
dated_reminders,dr_message_text,"['varchar(160)', 'NOT NULL']",False
dated_reminders,dr_message_sent_date,"['datetime', 'NOT NULL']",True
dated_reminders,dr_message_due_date,"['date', 'NOT NULL']",True
dated_reminders,pid,"['bigint(20)', 'NOT NULL']",True
dated_reminders,message_priority,"['tinyint(1)', 'NOT NULL']",True
dated_reminders,message_processed,"['tinyint(1)', 'NOT NULL', 'DEFAULT', ""'0'""]",True
dated_reminders,processed_date,"['timestamp', 'NULL', 'DEFAULT', 'NULL']",True
dated_reminders,dr_processed_by,"['KEY', '`dr_from_ID` (`dr_from_ID`,`dr_message_due_date`)']",True
dated_reminders_link,dr_link_id,"['int(11)', 'NOT NULL', 'AUTO_INCREMENT']",True
dated_reminders_link,dr_id,"['int(11)', 'NOT NULL']",True
dated_reminders_link,to_id,"['KEY', '`to_id` (`to_id`)', 'KEY', '`dr_id` (`dr_id`)']",False
direct_message_log,id,"['bigint(20)', 'NOT NULL', 'auto_increment']",True
direct_message_log,msg_type,"['char(1)', 'NOT NULL', 'COMMENT', ""'S=sent,R=received'""]",False
direct_message_log,msg_id,"['varchar(127)', 'NOT NULL']",False
direct_message_log,sender,"['varchar(255)', 'NOT NULL']",False
direct_message_log,recipient,"['varchar(255)', 'NOT NULL']",False
direct_message_log,create_ts,"['timestamp', 'NOT NULL', 'default', 'CURRENT_TIMESTAMP']",True
direct_message_log,status,"['char(1)', 'NOT NULL', 'COMMENT', ""'Q=queued,D=dispatched,R=received,F=failed'""]",False
direct_message_log,status_info,"['varchar(511)', 'default', 'NULL']",False
direct_message_log,status_ts,"['timestamp', 'NULL', 'default', 'NULL']",True
direct_message_log,patient_id,"['bigint(20)', 'default', 'NULL']",True
direct_message_log,user_id,"['KEY', '`msg_id` (`msg_id`)', 'KEY', '`patient_id` (`patient_id`)']",False
documents,id,"['int(11)', 'NOT NULL', 'default', ""'0'""]",True
documents,type,"[""enum('file_url','blob','web_url')"", 'default', 'NULL']",True
documents,size,"['int(11)', 'default', 'NULL']",True
documents,date,"['time', 'default', 'NULL']",True
documents,url,"['varchar(255)', 'default', 'NULL']",False
documents,thumb_url,"['varchar(255)', 'default', 'NULL']",False
documents,mimetype,"['varchar(255)', 'default', 'NULL']",False
documents,pages,"['int(11)', 'default', 'NULL']",True
documents,owner,"['int(11)', 'default', 'NULL']",True
documents,revision,"['timestamp', 'NOT NULL']",True
documents,foreign_id,"['bigint(20)', 'default', 'NULL']",True
documents,docdate,"['date', 'default', 'NULL']",True
documents,hash,"['varchar(255)', 'DEFAULT', 'NULL']",False
documents,list_id,"['bigint(20)', 'NOT NULL', 'default', ""'0'""]",True
documents,name,"['varchar(255)', 'DEFAULT', 'NULL']",False
documents,drive_uuid,"['binary(16)', 'DEFAULT', 'NULL']",False
documents,couch_docid,"['VARCHAR(100)', 'DEFAULT', 'NULL']",False
documents,couch_revid,"['VARCHAR(100)', 'DEFAULT', 'NULL']",False
documents,storagemethod,"['TINYINT(4)', 'NOT NULL', 'DEFAULT', ""'0'"", 'COMMENT', ""'0->Harddisk,1->CouchDB'""]",True
documents,path_depth,"['TINYINT', 'DEFAULT', ""'1'"", 'COMMENT', ""'Depth of path to use in url to find document. Not applicable for CouchDB.'""]",True
documents,imported,"['TINYINT', 'DEFAULT', '0', 'NULL', 'COMMENT', ""'Parsing status for CCR/CCD/CCDA importing'""]",True
documents,encounter_id,"['bigint(20)', 'NOT NULL', 'DEFAULT', ""'0'"", 'COMMENT', ""'Encounter id if tagged'""]",True
documents,encounter_check,"['TINYINT(1)', 'NOT NULL', 'DEFAULT', ""'0'"", 'COMMENT', ""'If encounter is created while tagging'""]",True
documents,audit_master_approval_status,"['TINYINT', 'NOT NULL', 'DEFAULT', '1', 'COMMENT', ""'approval_status from audit_master table'""]",True
documents,audit_master_id,"['int(11)', 'default', 'NULL']",True
documents,documentationOf,"['varchar(255)', 'DEFAULT', 'NULL']",False
documents,encrypted,"['TINYINT(4)', 'NOT NULL', 'DEFAULT', ""'0'"", 'COMMENT', ""'0->No,1->Yes'""]",True
documents,document_data,['MEDIUMTEXT'],False
documents,deleted,['UNIQUE'],False
documents_legal_detail,dld_id,"['int(10)', 'unsigned', 'NOT NULL', 'AUTO_INCREMENT']",True
documents_legal_detail,dld_pid,"['int(10)', 'unsigned', 'DEFAULT', 'NULL']",True
documents_legal_detail,dld_facility,"['int(10)', 'unsigned', 'DEFAULT', 'NULL']",True
documents_legal_detail,dld_provider,"['int(10)', 'unsigned', 'DEFAULT', 'NULL']",True
documents_legal_detail,dld_encounter,"['int(10)', 'unsigned', 'DEFAULT', 'NULL']",True
documents_legal_detail,dld_master_docid,"['int(10)', 'unsigned', 'NOT NULL']",True
documents_legal_detail,dld_signed,"['smallint(5)', 'unsigned', 'NOT NULL', 'COMMENT', ""'0-Not Signed or Cannot Sign(Layout),1-Signed,2-Ready to sign,3-Denied(Pat Regi),4-Patient Upload,10-Save(Layout)'""]",True
documents_legal_detail,dld_signed_time,"['timestamp', 'NOT NULL', 'DEFAULT', 'CURRENT_TIMESTAMP', 'ON', 'UPDATE', 'CURRENT_TIMESTAMP']",True
documents_legal_detail,dld_filepath,"['varchar(75)', 'DEFAULT', 'NULL']",False
documents_legal_detail,dld_filename,"['varchar(45)', 'NOT NULL']",False
documents_legal_detail,dld_signing_person,"['varchar(50)', 'NOT NULL']",False
documents_legal_detail,dld_sign_level,"['int(11)', 'NOT NULL', 'COMMENT', ""'Sign flow level'""]",True
documents_legal_detail,dld_content,"['varchar(50)', 'NOT NULL', 'COMMENT', ""'Layout sign position'""]",False
documents_legal_detail,dld_file_for_pdf_generation,"['blob', 'NOT NULL', 'COMMENT', ""'The filled details in the fdf file is stored here.Patient Registration Screen'""]",False
documents_legal_detail,dld_denial_reason,['longtext'],True
documents_legal_detail,dld_moved,"['tinyint(4)', 'NOT NULL', 'DEFAULT', ""'0'""]",True
documents_legal_detail,dld_patient_comments,"['text', 'COMMENT', ""'Patient comments stored here'""]",False
documents_legal_master,dlm_category,"['int(10)', 'unsigned', 'DEFAULT', 'NULL']",True
documents_legal_master,dlm_subcategory,"['int(10)', 'unsigned', 'DEFAULT', 'NULL']",True
documents_legal_master,dlm_document_id,"['int(10)', 'unsigned', 'NOT NULL', 'AUTO_INCREMENT']",True
documents_legal_master,dlm_document_name,"['varchar(75)', 'NOT NULL']",False
documents_legal_master,dlm_filepath,"['varchar(75)', 'NOT NULL']",False
documents_legal_master,dlm_facility,"['int(10)', 'unsigned', 'DEFAULT', 'NULL']",True
documents_legal_master,dlm_provider,"['int(10)', 'unsigned', 'DEFAULT', 'NULL']",True
documents_legal_master,dlm_sign_height,"['double', 'NOT NULL']",True
documents_legal_master,dlm_sign_width,"['double', 'NOT NULL']",True
documents_legal_master,dlm_filename,"['varchar(45)', 'NOT NULL']",False
documents_legal_master,dlm_effective_date,"['datetime', 'NOT NULL']",True
documents_legal_master,dlm_version,"['int(10)', 'unsigned', 'NOT NULL']",True
documents_legal_master,content,"['varchar(255)', 'NOT NULL']",False
documents_legal_master,dlm_savedsign,"['varchar(255)', 'DEFAULT', 'NULL', 'COMMENT', ""'0-Yes 1-No'""]",False
documents_legal_master,dlm_review,"['varchar(255)', 'DEFAULT', 'NULL', 'COMMENT', ""'0-Yes 1-No'""]",False
documents_legal_master,dlm_upload_type,"['tinyint(4)', 'DEFAULT', ""'0'"", 'COMMENT', ""'0-Provider Uploaded,1-Patient Uploaded'""]",True
documents_legal_categories,dlc_id,"['int(10)', 'unsigned', 'NOT NULL', 'AUTO_INCREMENT']",True
documents_legal_categories,dlc_category_type,"['int(10)', 'unsigned', 'NOT NULL', 'COMMENT', ""'1 category 2 subcategory'""]",True
documents_legal_categories,dlc_category_name,"['varchar(45)', 'NOT NULL']",False
documents_legal_categories,dlc_category_parent,"['int(10)', 'unsigned', 'DEFAULT', 'NULL']",True
drug_inventory,inventory_id,"['int(11)', 'NOT NULL', 'auto_increment']",True
drug_inventory,drug_id,"['int(11)', 'NOT NULL']",True
drug_inventory,lot_number,"['varchar(20)', 'default', 'NULL']",False
drug_inventory,expiration,"['date', 'default', 'NULL']",True
drug_inventory,manufacturer,"['varchar(255)', 'default', 'NULL']",False
drug_inventory,on_hand,"['int(11)', 'NOT NULL', 'default', ""'0'""]",True
drug_inventory,warehouse_id,"['varchar(31)', 'NOT NULL', 'DEFAULT', ""''""]",False
drug_inventory,vendor_id,"['bigint(20)', 'NOT NULL', 'DEFAULT', '0']",True
drug_inventory,last_notify,"['date', 'NULL']",True
drug_inventory,destroy_date,"['date', 'default', 'NULL']",True
drug_inventory,destroy_method,"['varchar(255)', 'default', 'NULL']",False
drug_inventory,destroy_witness,"['varchar(255)', 'default', 'NULL']",False
drug_inventory,destroy_notes,"['varchar(255)', 'default', 'NULL']",False
drug_sales,sale_id,"['int(11)', 'NOT NULL', 'auto_increment']",True
drug_sales,drug_id,"['int(11)', 'NOT NULL']",True
drug_sales,inventory_id,"['int(11)', 'NOT NULL']",True
drug_sales,prescription_id,"['int(11)', 'NOT NULL', 'default', ""'0'""]",True
drug_sales,pid,"['bigint(20)', 'NOT NULL', 'default', ""'0'""]",True
drug_sales,encounter,"['int(11)', 'NOT NULL', 'default', ""'0'""]",True
drug_sales,user,"['varchar(255)', 'default', 'NULL']",False
drug_sales,sale_date,"['date', 'NOT NULL']",True
drug_sales,quantity,"['int(11)', 'NOT NULL', 'default', ""'0'""]",True
drug_sales,fee,"['decimal(12,2)', 'NOT NULL', 'default', ""'0.00'""]",True
drug_sales,billed,"['tinyint(1)', 'NOT NULL', 'default', ""'0'"", 'COMMENT', ""'indicates if the sale is posted to accounting'""]",True
drug_sales,xfer_inventory_id,"['int(11)', 'NOT NULL', 'DEFAULT', '0']",True
drug_sales,distributor_id,"['bigint(20)', 'NOT NULL', 'DEFAULT', '0', 'COMMENT', ""'references users.id'""]",True
drug_sales,notes,"['varchar(255)', 'NOT NULL', 'DEFAULT', ""''""]",False
drug_sales,bill_date,"['datetime', 'default', 'NULL']",True
drug_sales,pricelevel,"['varchar(31)', 'default', ""''""]",False
drug_sales,selector,"['varchar(255)', 'default', ""''"", 'comment', ""'references drug_templates.selector'""]",False
drug_templates,drug_id,"['int(11)', 'NOT NULL']",True
drug_templates,selector,"['varchar(255)', 'NOT NULL', 'default', ""''""]",False
drug_templates,dosage,"['varchar(10)', 'default', 'NULL']",False
drug_templates,period,"['int(11)', 'NOT NULL', 'default', ""'0'""]",True
drug_templates,quantity,"['int(11)', 'NOT NULL', 'default', ""'0'""]",True
drug_templates,refills,"['int(11)', 'NOT NULL', 'default', ""'0'""]",True
drug_templates,taxrates,"['varchar(255)', 'default', 'NULL']",False
drugs,drug_id,"['int(11)', 'NOT NULL', 'auto_increment']",True
drugs,uuid,"['binary(16)', 'DEFAULT', 'NULL']",False
drugs,name,"['varchar(255)', 'NOT NULL', 'DEFAULT', ""''""]",False
drugs,ndc_number,"['varchar(20)', 'NOT NULL', 'DEFAULT', ""''""]",False
drugs,on_order,"['int(11)', 'NOT NULL', 'default', ""'0'""]",True
drugs,reorder_point,"['float', 'NOT NULL', 'DEFAULT', '0.0']",True
drugs,max_level,"['float', 'NOT NULL', 'DEFAULT', '0.0']",True
drugs,last_notify,"['date', 'NULL']",True
drugs,reactions,['text'],False
drugs,form,"['int(3)', 'NOT NULL', 'default', ""'0'""]",True
drugs,size,"['varchar(25)', 'NOT NULL', 'default', ""''""]",False
drugs,unit,"['int(11)', 'NOT NULL', 'default', ""'0'""]",True
drugs,route,"['int(11)', 'NOT NULL', 'default', ""'0'""]",True
drugs,substitute,"['int(11)', 'NOT NULL', 'default', ""'0'""]",True
drugs,related_code,"['varchar(255)', 'NOT NULL', 'DEFAULT', ""''"", 'COMMENT', ""'may reference a related codes.code'""]",False
drugs,cyp_factor,"['float', 'NOT NULL', 'DEFAULT', '0', 'COMMENT', ""'quantity representing a years supply'""]",True
drugs,active,"['TINYINT(1)', 'DEFAULT', '1', 'COMMENT', ""'0 = inactive, 1 = active'""]",True
drugs,allow_combining,"['tinyint(1)', 'NOT NULL', 'DEFAULT', '0', 'COMMENT', ""'1 = allow filling an order from multiple lots'""]",True
drugs,allow_multiple,"['tinyint(1)', 'NOT NULL', 'DEFAULT', '1', 'COMMENT', ""'1 = allow multiple lots at one warehouse'""]",True
drugs,drug_code,"['varchar(25)', 'NULL']",False
drugs,consumable,"['tinyint(1)', 'NOT NULL', 'DEFAULT', '0', 'COMMENT', ""'1 = will not show on the fee sheet'""]",True
drugs,dispensable,['UNIQUE'],False
eligibility_verification,verification_id,"['bigint(20)', 'NOT NULL', 'auto_increment']",True
eligibility_verification,response_id,"['varchar(32)', 'default', 'NULL']",False
eligibility_verification,insurance_id,"['bigint(20)', 'default', 'NULL']",True
eligibility_verification,eligibility_check_date,"['datetime', 'default', 'NULL']",True
eligibility_verification,copay,"['int(11)', 'default', 'NULL']",True
eligibility_verification,deductible,"['int(11)', 'default', 'NULL']",True
eligibility_verification,deductiblemet,"[""enum('Y','N')"", 'default', ""'Y'""]",True
eligibility_verification,create_date,"['KEY', '`insurance_id` (`insurance_id`)']",False
employer_data,id,"['bigint(20)', 'NOT NULL', 'auto_increment']",True
employer_data,name,"['varchar(255)', 'default', 'NULL']",False
employer_data,street,"['varchar(255)', 'default', 'NULL']",False
employer_data,postal_code,"['varchar(255)', 'default', 'NULL']",False
employer_data,city,"['varchar(255)', 'default', 'NULL']",False
employer_data,state,"['varchar(255)', 'default', 'NULL']",False
employer_data,country,"['varchar(255)', 'default', 'NULL']",False
employer_data,date,"['time', 'default', 'NULL']",True
employer_data,pid,"['KEY', '`pid` (`pid`)']",False
enc_category_map,rule_enc_id,"['varchar(31)', 'NOT NULL', 'DEFAULT', ""''"", 'COMMENT', ""'encounter id from rule_enc_types list in list_options'""]",False
enc_category_map,main_cat_id,"['int(11)', 'NOT NULL', 'DEFAULT', '0', 'COMMENT', ""'category id from event category in openemr_postcalendar_categories'""]",True
erx_ttl_touch,patient_id,"['BIGINT(20)', 'UNSIGNED', 'NOT NULL', 'COMMENT', ""'Patient record Id'""]",True
erx_ttl_touch,process,"[""ENUM('allergies','medications')"", 'NOT NULL', 'COMMENT', ""'NewCrop eRx SOAP process'""]",True
erx_ttl_touch,updated,"['DATETIME', 'NOT NULL', 'COMMENT', ""'Date and time of last process update for patient'""]",True
erx_weno_drugs,drug_id,"['int(11)', 'NOT NULL', 'AUTO_INCREMENT']",True
erx_weno_drugs,rxcui_drug_coded,"['int(11)', 'DEFAULT', 'NULL']",True
erx_weno_drugs,generic_rxcui,"['int(11)', 'DEFAULT', 'NULL']",True
erx_weno_drugs,drug_db_code_qualifier,['text'],False
erx_weno_drugs,full_name,"['varchar(250)', 'NOT NULL']",False
erx_weno_drugs,rxn_dose_form,['text'],False
erx_weno_drugs,full_generic_name,"['varchar(250)', 'NOT NULL']",False
erx_weno_drugs,brand_name,"['varchar(250)', 'NOT NULL']",False
erx_weno_drugs,display_name,"['varchar(250)', 'NOT NULL']",False
erx_weno_drugs,route,['text'],False
erx_weno_drugs,new_dose_form,"['varchar(100)', 'DEFAULT', 'NULL']",False
erx_weno_drugs,strength,"['varchar(15)', 'DEFAULT', 'NULL']",False
erx_weno_drugs,supress_for,['text'],False
erx_weno_drugs,display_name_synonym,['text'],False
erx_weno_drugs,is_retired,['text'],False
erx_weno_drugs,sxdg_rxcui,"['varchar(10)', 'DEFAULT', 'NULL']",False
erx_weno_drugs,sxdg_tty,['text'],False
erx_weno_drugs,sxdg_name,"['varchar(100)', 'DEFAULT', 'NULL']",False
erx_weno_drugs,psn_drugdescription,"['varchar(100)', 'DEFAULT', 'NULL']",False
erx_weno_drugs,ncpdp_quantity_term,['text'],False
erx_weno_drugs,potency_unit_code,"['varchar(10)', 'DEFAULT', 'NULL']",False
erx_weno_drugs,dea_schedule_no,"['int(2)', 'DEFAULT', 'NULL']",True
erx_weno_drugs,dea_schedule,"['varchar(7)', 'DEFAULT', 'NULL']",False
erx_weno_drugs,ingredients,"['varchar(100)', 'DEFAULT', 'NULL']",False
erx_weno_drugs,drug_interaction,"['varchar(100)', 'DEFAULT', 'NULL']",False
erx_weno_drugs,unit_source_code,"['varchar(3)', 'DEFAULT', 'NULL']",False
erx_weno_drugs,code_list_qualifier,"['int(3)', 'DEFAULT', 'NULL']",True
erx_rx_log,id,"['int(20)', 'NOT NULL', 'AUTO_INCREMENT']",True
erx_rx_log,prescription_id,"['int(6)', 'NOT NULL']",True
erx_rx_log,date,"['varchar(25)', 'NOT NULL']",False
erx_rx_log,time,"['varchar(15)', 'NOT NULL']",False
erx_rx_log,code,"['int(6)', 'NOT NULL']",True
erx_rx_log,status,['text'],False
erx_rx_log,message_id,"['varchar(100)', 'DEFAULT', 'NULL']",False
erx_rx_log,read,"['int(1)', 'DEFAULT', 'NULL']",True
erx_narcotics,id,"['int(11)', 'NOT NULL', 'AUTO_INCREMENT']",True
erx_narcotics,drug,"['varchar(255)', 'NOT NULL']",False
erx_narcotics,dea_number,"['varchar(5)', 'NOT NULL']",False
erx_narcotics,csa_sch,"['varchar(2)', 'NOT NULL']",False
erx_narcotics,narc,"['varchar(2)', 'NOT NULL']",False
erx_narcotics,other_names,"['varchar(255)', 'NOT NULL']",False
standardized_tables_track,id,"['int(11)', 'NOT NULL', 'auto_increment']",True
standardized_tables_track,imported_date,"['datetime', 'default', 'NULL']",True
standardized_tables_track,name,"['varchar(255)', 'NOT NULL', 'default', ""''"", 'COMMENT', ""'name of standardized tables such as RXNORM'""]",False
standardized_tables_track,revision_version,"['varchar(255)', 'NOT NULL', 'default', ""''"", 'COMMENT', ""'revision of standardized tables that were imported'""]",False
standardized_tables_track,revision_date,"['datetime', 'default', 'NULL', 'COMMENT', ""'revision of standardized tables that were imported'""]",True
standardized_tables_track,file_checksum,"['varchar(32)', 'NOT NULL', 'DEFAULT', ""''""]",False
facility,id,"['int(11)', 'NOT NULL', 'auto_increment']",True
facility,uuid,"['binary(16)', 'DEFAULT', 'NULL']",False
facility,name,"['varchar(255)', 'default', 'NULL']",False
facility,phone,"['varchar(30)', 'default', 'NULL']",False
facility,fax,"['varchar(30)', 'default', 'NULL']",False
facility,street,"['varchar(255)', 'default', 'NULL']",False
facility,city,"['varchar(255)', 'default', 'NULL']",False
facility,state,"['varchar(50)', 'default', 'NULL']",False
facility,postal_code,"['varchar(11)', 'default', 'NULL']",False
facility,country_code,"['varchar(30)', 'NOT NULL', 'default', ""''""]",False
facility,federal_ein,"['varchar(15)', 'default', 'NULL']",False
facility,website,"['varchar(255)', 'default', 'NULL']",False
facility,email,"['varchar(255)', 'default', 'NULL']",False
facility,service_location,"['tinyint(1)', 'NOT NULL', 'default', ""'1'""]",True
facility,billing_location,"['tinyint(1)', 'NOT NULL', 'default', ""'1'""]",True
facility,accepts_assignment,"['tinyint(1)', 'NOT NULL', 'default', ""'1'""]",True
facility,pos_code,"['tinyint(4)', 'default', 'NULL']",True
facility,x12_sender_id,"['varchar(25)', 'default', 'NULL']",False
facility,attn,"['varchar(65)', 'default', 'NULL']",False
facility,domain_identifier,"['varchar(60)', 'default', 'NULL']",False
facility,facility_npi,"['varchar(15)', 'default', 'NULL']",False
facility,facility_taxonomy,"['varchar(15)', 'default', 'NULL']",False
facility,tax_id_type,"['VARCHAR(31)', 'NOT NULL', 'DEFAULT', ""''""]",False
facility,color,"['VARCHAR(7)', 'NOT NULL', 'DEFAULT', ""''""]",False
facility,primary_business_entity,"['INT(10)', 'NOT NULL', 'DEFAULT', ""'1'"", 'COMMENT', ""'0-Not Set as business entity 1-Set as business entity'""]",True
facility,facility_code,"['VARCHAR(31)', 'default', 'NULL']",False
facility,extra_validation,"['tinyint(1)', 'NOT NULL', 'DEFAULT', ""'1'""]",True
facility,mail_street,"['varchar(30)', 'default', 'NULL']",False
facility,mail_street2,"['varchar(30)', 'default', 'NULL']",False
facility,mail_city,"['varchar(50)', 'default', 'NULL']",False
facility,mail_state,"['varchar(3)', 'default', 'NULL']",False
facility,mail_zip,"['varchar(10)', 'default', 'NULL']",False
facility,oid,"['VARCHAR(255)', 'NOT NULL', 'DEFAULT', ""''"", 'COMMENT', ""'HIEs CCDA and FHIR an OID is required/wanted'""]",False
facility,iban,"['varchar(50)', 'default', 'NULL']",False
facility,info,"['UNIQUE', 'KEY', '`uuid` (`uuid`)']",False
facility_user_ids,id,"['bigint(20)', 'NOT NULL', 'AUTO_INCREMENT']",True
facility_user_ids,uid,"['bigint(20)', 'DEFAULT', 'NULL']",True
facility_user_ids,facility_id,"['bigint(20)', 'DEFAULT', 'NULL']",True
facility_user_ids,uuid,"['binary(16)', 'DEFAULT', 'NULL']",False
facility_user_ids,field_id,"['varchar(31)', 'NOT NULL', 'COMMENT', ""'references layout_options.field_id'""]",False
facility_user_ids,field_value,"['KEY', '`uid` (`uid`,`facility_id`,`field_id`)', 'KEY', '`uuid` (`uuid`)']",False
fee_sheet_options,fs_category,"['varchar(63)', 'default', 'NULL']",False
fee_sheet_options,fs_option,"['varchar(63)', 'default', 'NULL']",False
fee_sheet_options,fs_codes,"['varchar(255)', 'default', 'NULL']",False
form_dictation,id,"['bigint(20)', 'NOT NULL', 'auto_increment']",True
form_dictation,date,"['time', 'default', 'NULL']",True
form_dictation,pid,"['bigint(20)', 'default', 'NULL']",True
form_dictation,user,"['varchar(255)', 'default', 'NULL']",False
form_dictation,groupname,"['varchar(255)', 'default', 'NULL']",False
form_dictation,authorized,"['tinyint(4)', 'default', 'NULL']",True
form_dictation,activity,"['tinyint(4)', 'default', 'NULL']",True
form_dictation,dictation,['longtext'],True
form_dictation,additional_notes,['longtext'],True
form_encounter,id,"['bigint(20)', 'NOT NULL', 'auto_increment']",True
form_encounter,uuid,"['binary(16)', 'DEFAULT', 'NULL']",False
form_encounter,date,"['time', 'default', 'NULL']",True
form_encounter,reason,['longtext'],True
form_encounter,facility,"['longtext', 'id']",True
form_encounter,facility_id,"['int(11)', 'NOT NULL', 'default', ""'0'""]",True
form_encounter,pid,"['bigint(20)', 'default', 'NULL']",True
form_encounter,encounter,"['bigint(20)', 'default', 'NULL']",True
form_encounter,onset_date,"['datetime', 'default', 'NULL']",True
form_encounter,sensitivity,"['varchar(30)', 'default', 'NULL']",False
form_encounter,billing_note,['text'],False
form_encounter,pc_catid,"['int(11)', 'NOT NULL', 'default', ""'5'"", 'COMMENT', ""'event category from openemr_postcalendar_categories'""]",True
form_encounter,last_level_billed,"['int', 'NOT NULL', 'DEFAULT', '0', 'COMMENT', ""'0=none, 1=ins1, 2=ins2, etc'""]",True
form_encounter,last_level_closed,"['int', 'NOT NULL', 'DEFAULT', '0', 'COMMENT', ""'0=none, 1=ins1, 2=ins2, etc'""]",True
form_encounter,last_stmt_date,"['date', 'DEFAULT', 'NULL']",True
form_encounter,stmt_count,"['int', 'NOT NULL', 'DEFAULT', '0']",True
form_encounter,provider_id,"['INT(11)', 'DEFAULT', ""'0'"", 'COMMENT', ""'default and main provider for this visit'""]",True
form_encounter,supervisor_id,"['INT(11)', 'DEFAULT', ""'0'"", 'COMMENT', ""'supervising provider, if any, for this visit'""]",True
form_encounter,invoice_refno,"['varchar(31)', 'NOT NULL', 'DEFAULT', ""''""]",False
form_encounter,referral_source,"['varchar(31)', 'NOT NULL', 'DEFAULT', ""''""]",False
form_encounter,billing_facility,"['INT(11)', 'NOT NULL', 'DEFAULT', '0']",True
form_encounter,external_id,"['VARCHAR(20)', 'DEFAULT', 'NULL']",False
form_encounter,pos_code,"['tinyint(4)', 'default', 'NULL']",True
form_encounter,parent_encounter_id,"['BIGINT(20)', 'NULL', 'DEFAULT', 'NULL']",True
form_encounter,class_code,"['VARCHAR(10)', 'NOT NULL', 'DEFAULT']",False
form_encounter,AMB,['UNIQUE'],False
form_misc_billing_options,id,"['bigint(20)', 'NOT NULL', 'auto_increment']",True
form_misc_billing_options,date,"['time', 'default', 'NULL']",True
form_misc_billing_options,pid,"['bigint(20)', 'default', 'NULL']",True
form_misc_billing_options,user,"['varchar(255)', 'default', 'NULL']",False
form_misc_billing_options,groupname,"['varchar(255)', 'default', 'NULL']",False
form_misc_billing_options,authorized,"['tinyint(4)', 'default', 'NULL']",True
form_misc_billing_options,activity,"['tinyint(4)', 'default', 'NULL']",True
form_misc_billing_options,employment_related,"['tinyint(1)', 'default', 'NULL']",True
form_misc_billing_options,auto_accident,"['tinyint(1)', 'default', 'NULL']",True
form_misc_billing_options,accident_state,"['varchar(2)', 'default', 'NULL']",False
form_misc_billing_options,other_accident,"['tinyint(1)', 'default', 'NULL']",True
form_misc_billing_options,medicaid_referral_code,"['varchar(2)', 'default', 'NULL']",False
form_misc_billing_options,epsdt_flag,"['tinyint(1)', 'default', 'NULL']",True
form_misc_billing_options,provider_qualifier_code,"['varchar(2)', 'default', 'NULL']",False
form_misc_billing_options,provider_id,"['int(11)', 'default', 'NULL']",True
form_misc_billing_options,outside_lab,"['tinyint(1)', 'default', 'NULL']",True
form_misc_billing_options,lab_amount,"['decimal(5,2)', 'default', 'NULL']",True
form_misc_billing_options,is_unable_to_work,"['tinyint(1)', 'default', 'NULL']",True
form_misc_billing_options,onset_date,"['date', 'default', 'NULL']",True
form_misc_billing_options,date_initial_treatment,"['date', 'default', 'NULL']",True
form_misc_billing_options,off_work_from,"['date', 'default', 'NULL']",True
form_misc_billing_options,off_work_to,"['date', 'default', 'NULL']",True
form_misc_billing_options,is_hospitalized,"['tinyint(1)', 'default', 'NULL']",True
form_misc_billing_options,hospitalization_date_from,"['date', 'default', 'NULL']",True
form_misc_billing_options,hospitalization_date_to,"['date', 'default', 'NULL']",True
form_misc_billing_options,medicaid_resubmission_code,"['varchar(10)', 'default', 'NULL']",False
form_misc_billing_options,medicaid_original_reference,"['varchar(15)', 'default', 'NULL']",False
form_misc_billing_options,prior_auth_number,"['varchar(20)', 'default', 'NULL']",False
form_misc_billing_options,comments,"['varchar(255)', 'default', 'NULL']",False
form_misc_billing_options,replacement_claim,"['tinyint(1)', 'default', '0']",True
form_misc_billing_options,icn_resubmission_number,"['varchar(35)', 'default', 'NULL']",False
form_misc_billing_options,box_14_date_qual,"['char(3)', 'default', 'NULL']",False
form_misc_billing_options,box_15_date_qual,"['char(3)', 'default', 'NULL']",False
form_reviewofs,id,"['bigint(20)', 'NOT NULL', 'auto_increment']",True
form_reviewofs,date,"['time', 'default', 'NULL']",True
form_reviewofs,pid,"['bigint(20)', 'default', 'NULL']",True
form_reviewofs,user,"['varchar(255)', 'default', 'NULL']",False
form_reviewofs,groupname,"['varchar(255)', 'default', 'NULL']",False
form_reviewofs,authorized,"['tinyint(4)', 'default', 'NULL']",True
form_reviewofs,activity,"['tinyint(4)', 'default', 'NULL']",True
form_reviewofs,fever,"['varchar(5)', 'default', 'NULL']",False
form_reviewofs,chills,"['varchar(5)', 'default', 'NULL']",False
form_reviewofs,night_sweats,"['varchar(5)', 'default', 'NULL']",False
form_reviewofs,weight_loss,"['varchar(5)', 'default', 'NULL']",False
form_reviewofs,poor_appetite,"['varchar(5)', 'default', 'NULL']",False
form_reviewofs,insomnia,"['varchar(5)', 'default', 'NULL']",False
form_reviewofs,fatigued,"['varchar(5)', 'default', 'NULL']",False
form_reviewofs,depressed,"['varchar(5)', 'default', 'NULL']",False
form_reviewofs,hyperactive,"['varchar(5)', 'default', 'NULL']",False
form_reviewofs,exposure_to_foreign_countries,"['varchar(5)', 'default', 'NULL']",False
form_reviewofs,cataracts,"['varchar(5)', 'default', 'NULL']",False
form_reviewofs,cataract_surgery,"['varchar(5)', 'default', 'NULL']",False
form_reviewofs,glaucoma,"['varchar(5)', 'default', 'NULL']",False
form_reviewofs,double_vision,"['varchar(5)', 'default', 'NULL']",False
form_reviewofs,blurred_vision,"['varchar(5)', 'default', 'NULL']",False
form_reviewofs,poor_hearing,"['varchar(5)', 'default', 'NULL']",False
form_reviewofs,headaches,"['varchar(5)', 'default', 'NULL']",False
form_reviewofs,ringing_in_ears,"['varchar(5)', 'default', 'NULL']",False
form_reviewofs,bloody_nose,"['varchar(5)', 'default', 'NULL']",False
form_reviewofs,sinusitis,"['varchar(5)', 'default', 'NULL']",False
form_reviewofs,sinus_surgery,"['varchar(5)', 'default', 'NULL']",False
form_reviewofs,dry_mouth,"['varchar(5)', 'default', 'NULL']",False
form_reviewofs,strep_throat,"['varchar(5)', 'default', 'NULL']",False
form_reviewofs,tonsillectomy,"['varchar(5)', 'default', 'NULL']",False
form_reviewofs,swollen_lymph_nodes,"['varchar(5)', 'default', 'NULL']",False
form_reviewofs,throat_cancer,"['varchar(5)', 'default', 'NULL']",False
form_reviewofs,throat_cancer_surgery,"['varchar(5)', 'default', 'NULL']",False
form_reviewofs,heart_attack,"['varchar(5)', 'default', 'NULL']",False
form_reviewofs,irregular_heart_beat,"['varchar(5)', 'default', 'NULL']",False
form_reviewofs,chest_pains,"['varchar(5)', 'default', 'NULL']",False
form_reviewofs,shortness_of_breath,"['varchar(5)', 'default', 'NULL']",False
form_reviewofs,high_blood_pressure,"['varchar(5)', 'default', 'NULL']",False
form_reviewofs,heart_failure,"['varchar(5)', 'default', 'NULL']",False
form_reviewofs,poor_circulation,"['varchar(5)', 'default', 'NULL']",False
form_reviewofs,vascular_surgery,"['varchar(5)', 'default', 'NULL']",False
form_reviewofs,cardiac_catheterization,"['varchar(5)', 'default', 'NULL']",False
form_reviewofs,coronary_artery_bypass,"['varchar(5)', 'default', 'NULL']",False
form_reviewofs,heart_transplant,"['varchar(5)', 'default', 'NULL']",False
form_reviewofs,stress_test,"['varchar(5)', 'default', 'NULL']",False
form_reviewofs,emphysema,"['varchar(5)', 'default', 'NULL']",False
form_reviewofs,chronic_bronchitis,"['varchar(5)', 'default', 'NULL']",False
form_reviewofs,interstitial_lung_disease,"['varchar(5)', 'default', 'NULL']",False
form_reviewofs,shortness_of_breath_2,"['varchar(5)', 'default', 'NULL']",False
form_reviewofs,lung_cancer,"['varchar(5)', 'default', 'NULL']",False
form_reviewofs,lung_cancer_surgery,"['varchar(5)', 'default', 'NULL']",False
form_reviewofs,pheumothorax,"['varchar(5)', 'default', 'NULL']",False
form_reviewofs,stomach_pains,"['varchar(5)', 'default', 'NULL']",False
form_reviewofs,peptic_ulcer_disease,"['varchar(5)', 'default', 'NULL']",False
form_reviewofs,gastritis,"['varchar(5)', 'default', 'NULL']",False
form_reviewofs,endoscopy,"['varchar(5)', 'default', 'NULL']",False
form_reviewofs,polyps,"['varchar(5)', 'default', 'NULL']",False
form_reviewofs,colonoscopy,"['varchar(5)', 'default', 'NULL']",False
form_reviewofs,colon_cancer,"['varchar(5)', 'default', 'NULL']",False
form_reviewofs,colon_cancer_surgery,"['varchar(5)', 'default', 'NULL']",False
form_reviewofs,ulcerative_colitis,"['varchar(5)', 'default', 'NULL']",False
form_reviewofs,crohns_disease,"['varchar(5)', 'default', 'NULL']",False
form_reviewofs,appendectomy,"['varchar(5)', 'default', 'NULL']",False
form_reviewofs,divirticulitis,"['varchar(5)', 'default', 'NULL']",False
form_reviewofs,divirticulitis_surgery,"['varchar(5)', 'default', 'NULL']",False
form_reviewofs,gall_stones,"['varchar(5)', 'default', 'NULL']",False
form_reviewofs,cholecystectomy,"['varchar(5)', 'default', 'NULL']",False
form_reviewofs,hepatitis,"['varchar(5)', 'default', 'NULL']",False
form_reviewofs,cirrhosis_of_the_liver,"['varchar(5)', 'default', 'NULL']",False
form_reviewofs,splenectomy,"['varchar(5)', 'default', 'NULL']",False
form_reviewofs,kidney_failure,"['varchar(5)', 'default', 'NULL']",False
form_reviewofs,kidney_stones,"['varchar(5)', 'default', 'NULL']",False
form_reviewofs,kidney_cancer,"['varchar(5)', 'default', 'NULL']",False
form_reviewofs,kidney_infections,"['varchar(5)', 'default', 'NULL']",False
form_reviewofs,bladder_infections,"['varchar(5)', 'default', 'NULL']",False
form_reviewofs,bladder_cancer,"['varchar(5)', 'default', 'NULL']",False
form_reviewofs,prostate_problems,"['varchar(5)', 'default', 'NULL']",False
form_reviewofs,prostate_cancer,"['varchar(5)', 'default', 'NULL']",False
form_reviewofs,kidney_transplant,"['varchar(5)', 'default', 'NULL']",False
form_reviewofs,sexually_transmitted_disease,"['varchar(5)', 'default', 'NULL']",False
form_reviewofs,burning_with_urination,"['varchar(5)', 'default', 'NULL']",False
form_reviewofs,discharge_from_urethra,"['varchar(5)', 'default', 'NULL']",False
form_reviewofs,rashes,"['varchar(5)', 'default', 'NULL']",False
form_reviewofs,infections,"['varchar(5)', 'default', 'NULL']",False
form_reviewofs,ulcerations,"['varchar(5)', 'default', 'NULL']",False
form_reviewofs,pemphigus,"['varchar(5)', 'default', 'NULL']",False
form_reviewofs,herpes,"['varchar(5)', 'default', 'NULL']",False
form_reviewofs,osetoarthritis,"['varchar(5)', 'default', 'NULL']",False
form_reviewofs,rheumotoid_arthritis,"['varchar(5)', 'default', 'NULL']",False
form_reviewofs,lupus,"['varchar(5)', 'default', 'NULL']",False
form_reviewofs,ankylosing_sondlilitis,"['varchar(5)', 'default', 'NULL']",False
form_reviewofs,swollen_joints,"['varchar(5)', 'default', 'NULL']",False
form_reviewofs,stiff_joints,"['varchar(5)', 'default', 'NULL']",False
form_reviewofs,broken_bones,"['varchar(5)', 'default', 'NULL']",False
form_reviewofs,neck_problems,"['varchar(5)', 'default', 'NULL']",False
form_reviewofs,back_problems,"['varchar(5)', 'default', 'NULL']",False
form_reviewofs,back_surgery,"['varchar(5)', 'default', 'NULL']",False
form_reviewofs,scoliosis,"['varchar(5)', 'default', 'NULL']",False
form_reviewofs,herniated_disc,"['varchar(5)', 'default', 'NULL']",False
form_reviewofs,shoulder_problems,"['varchar(5)', 'default', 'NULL']",False
form_reviewofs,elbow_problems,"['varchar(5)', 'default', 'NULL']",False
form_reviewofs,wrist_problems,"['varchar(5)', 'default', 'NULL']",False
form_reviewofs,hand_problems,"['varchar(5)', 'default', 'NULL']",False
form_reviewofs,hip_problems,"['varchar(5)', 'default', 'NULL']",False
form_reviewofs,knee_problems,"['varchar(5)', 'default', 'NULL']",False
form_reviewofs,ankle_problems,"['varchar(5)', 'default', 'NULL']",False
form_reviewofs,foot_problems,"['varchar(5)', 'default', 'NULL']",False
form_reviewofs,insulin_dependent_diabetes,"['varchar(5)', 'default', 'NULL']",False
form_reviewofs,noninsulin_dependent_diabetes,"['varchar(5)', 'default', 'NULL']",False
form_reviewofs,hypothyroidism,"['varchar(5)', 'default', 'NULL']",False
form_reviewofs,hyperthyroidism,"['varchar(5)', 'default', 'NULL']",False
form_reviewofs,cushing_syndrom,"['varchar(5)', 'default', 'NULL']",False
form_reviewofs,addison_syndrom,"['varchar(5)', 'default', 'NULL']",False
form_reviewofs,additional_notes,['longtext'],True
form_ros,id,"['int(11)', 'NOT NULL', 'auto_increment']",True
form_ros,pid,"['bigint(20)', 'NOT NULL']",True
form_ros,activity,"['int(11)', 'NOT NULL', 'default', ""'1'""]",True
form_ros,date,"['time', 'default', 'NULL']",True
form_ros,weight_change,"['varchar(3)', 'default', 'NULL']",False
form_ros,weakness,"['varchar(3)', 'default', 'NULL']",False
form_ros,fatigue,"['varchar(3)', 'default', 'NULL']",False
form_ros,anorexia,"['varchar(3)', 'default', 'NULL']",False
form_ros,fever,"['varchar(3)', 'default', 'NULL']",False
form_ros,chills,"['varchar(3)', 'default', 'NULL']",False
form_ros,night_sweats,"['varchar(3)', 'default', 'NULL']",False
form_ros,insomnia,"['varchar(3)', 'default', 'NULL']",False
form_ros,irritability,"['varchar(3)', 'default', 'NULL']",False
form_ros,heat_or_cold,"['varchar(3)', 'default', 'NULL']",False
form_ros,intolerance,"['varchar(3)', 'default', 'NULL']",False
form_ros,change_in_vision,"['varchar(3)', 'default', 'NULL']",False
form_ros,glaucoma_history,"['varchar(3)', 'default', 'NULL']",False
form_ros,eye_pain,"['varchar(3)', 'default', 'NULL']",False
form_ros,irritation,"['varchar(3)', 'default', 'NULL']",False
form_ros,redness,"['varchar(3)', 'default', 'NULL']",False
form_ros,excessive_tearing,"['varchar(3)', 'default', 'NULL']",False
form_ros,double_vision,"['varchar(3)', 'default', 'NULL']",False
form_ros,blind_spots,"['varchar(3)', 'default', 'NULL']",False
form_ros,photophobia,"['varchar(3)', 'default', 'NULL']",False
form_ros,hearing_loss,"['varchar(3)', 'default', 'NULL']",False
form_ros,discharge,"['varchar(3)', 'default', 'NULL']",False
form_ros,pain,"['varchar(3)', 'default', 'NULL']",False
form_ros,vertigo,"['varchar(3)', 'default', 'NULL']",False
form_ros,tinnitus,"['varchar(3)', 'default', 'NULL']",False
form_ros,frequent_colds,"['varchar(3)', 'default', 'NULL']",False
form_ros,sore_throat,"['varchar(3)', 'default', 'NULL']",False
form_ros,sinus_problems,"['varchar(3)', 'default', 'NULL']",False
form_ros,post_nasal_drip,"['varchar(3)', 'default', 'NULL']",False
form_ros,nosebleed,"['varchar(3)', 'default', 'NULL']",False
form_ros,snoring,"['varchar(3)', 'default', 'NULL']",False
form_ros,apnea,"['varchar(3)', 'default', 'NULL']",False
form_ros,breast_mass,"['varchar(3)', 'default', 'NULL']",False
form_ros,breast_discharge,"['varchar(3)', 'default', 'NULL']",False
form_ros,biopsy,"['varchar(3)', 'default', 'NULL']",False
form_ros,abnormal_mammogram,"['varchar(3)', 'default', 'NULL']",False
form_ros,cough,"['varchar(3)', 'default', 'NULL']",False
form_ros,sputum,"['varchar(3)', 'default', 'NULL']",False
form_ros,shortness_of_breath,"['varchar(3)', 'default', 'NULL']",False
form_ros,wheezing,"['varchar(3)', 'default', 'NULL']",False
form_ros,hemoptsyis,"['varchar(3)', 'default', 'NULL']",False
form_ros,asthma,"['varchar(3)', 'default', 'NULL']",False
form_ros,copd,"['varchar(3)', 'default', 'NULL']",False
form_ros,chest_pain,"['varchar(3)', 'default', 'NULL']",False
form_ros,palpitation,"['varchar(3)', 'default', 'NULL']",False
form_ros,syncope,"['varchar(3)', 'default', 'NULL']",False
form_ros,pnd,"['varchar(3)', 'default', 'NULL']",False
form_ros,doe,"['varchar(3)', 'default', 'NULL']",False
form_ros,orthopnea,"['varchar(3)', 'default', 'NULL']",False
form_ros,peripheal,"['varchar(3)', 'default', 'NULL']",False
form_ros,edema,"['varchar(3)', 'default', 'NULL']",False
form_ros,legpain_cramping,"['varchar(3)', 'default', 'NULL']",False
form_ros,history_murmur,"['varchar(3)', 'default', 'NULL']",False
form_ros,arrythmia,"['varchar(3)', 'default', 'NULL']",False
form_ros,heart_problem,"['varchar(3)', 'default', 'NULL']",False
form_ros,dysphagia,"['varchar(3)', 'default', 'NULL']",False
form_ros,heartburn,"['varchar(3)', 'default', 'NULL']",False
form_ros,bloating,"['varchar(3)', 'default', 'NULL']",False
form_ros,belching,"['varchar(3)', 'default', 'NULL']",False
form_ros,flatulence,"['varchar(3)', 'default', 'NULL']",False
form_ros,nausea,"['varchar(3)', 'default', 'NULL']",False
form_ros,vomiting,"['varchar(3)', 'default', 'NULL']",False
form_ros,hematemesis,"['varchar(3)', 'default', 'NULL']",False
form_ros,gastro_pain,"['varchar(3)', 'default', 'NULL']",False
form_ros,food_intolerance,"['varchar(3)', 'default', 'NULL']",False
form_ros,hepatitis,"['varchar(3)', 'default', 'NULL']",False
form_ros,jaundice,"['varchar(3)', 'default', 'NULL']",False
form_ros,hematochezia,"['varchar(3)', 'default', 'NULL']",False
form_ros,changed_bowel,"['varchar(3)', 'default', 'NULL']",False
form_ros,diarrhea,"['varchar(3)', 'default', 'NULL']",False
form_ros,constipation,"['varchar(3)', 'default', 'NULL']",False
form_ros,polyuria,"['varchar(3)', 'default', 'NULL']",False
form_ros,polydypsia,"['varchar(3)', 'default', 'NULL']",False
form_ros,dysuria,"['varchar(3)', 'default', 'NULL']",False
form_ros,hematuria,"['varchar(3)', 'default', 'NULL']",False
form_ros,frequency,"['varchar(3)', 'default', 'NULL']",False
form_ros,urgency,"['varchar(3)', 'default', 'NULL']",False
form_ros,incontinence,"['varchar(3)', 'default', 'NULL']",False
form_ros,renal_stones,"['varchar(3)', 'default', 'NULL']",False
form_ros,utis,"['varchar(3)', 'default', 'NULL']",False
form_ros,hesitancy,"['varchar(3)', 'default', 'NULL']",False
form_ros,dribbling,"['varchar(3)', 'default', 'NULL']",False
form_ros,stream,"['varchar(3)', 'default', 'NULL']",False
form_ros,nocturia,"['varchar(3)', 'default', 'NULL']",False
form_ros,erections,"['varchar(3)', 'default', 'NULL']",False
form_ros,ejaculations,"['varchar(3)', 'default', 'NULL']",False
form_ros,g,"['varchar(3)', 'default', 'NULL']",False
form_ros,p,"['varchar(3)', 'default', 'NULL']",False
form_ros,ap,"['varchar(3)', 'default', 'NULL']",False
form_ros,lc,"['varchar(3)', 'default', 'NULL']",False
form_ros,mearche,"['varchar(3)', 'default', 'NULL']",False
form_ros,menopause,"['varchar(3)', 'default', 'NULL']",False
form_ros,lmp,"['varchar(3)', 'default', 'NULL']",False
form_ros,f_frequency,"['varchar(3)', 'default', 'NULL']",False
form_ros,f_flow,"['varchar(3)', 'default', 'NULL']",False
form_ros,f_symptoms,"['varchar(3)', 'default', 'NULL']",False
form_ros,abnormal_hair_growth,"['varchar(3)', 'default', 'NULL']",False
form_ros,f_hirsutism,"['varchar(3)', 'default', 'NULL']",False
form_ros,joint_pain,"['varchar(3)', 'default', 'NULL']",False
form_ros,swelling,"['varchar(3)', 'default', 'NULL']",False
form_ros,m_redness,"['varchar(3)', 'default', 'NULL']",False
form_ros,m_warm,"['varchar(3)', 'default', 'NULL']",False
form_ros,m_stiffness,"['varchar(3)', 'default', 'NULL']",False
form_ros,muscle,"['varchar(3)', 'default', 'NULL']",False
form_ros,m_aches,"['varchar(3)', 'default', 'NULL']",False
form_ros,fms,"['varchar(3)', 'default', 'NULL']",False
form_ros,arthritis,"['varchar(3)', 'default', 'NULL']",False
form_ros,loc,"['varchar(3)', 'default', 'NULL']",False
form_ros,seizures,"['varchar(3)', 'default', 'NULL']",False
form_ros,stroke,"['varchar(3)', 'default', 'NULL']",False
form_ros,tia,"['varchar(3)', 'default', 'NULL']",False
form_ros,n_numbness,"['varchar(3)', 'default', 'NULL']",False
form_ros,n_weakness,"['varchar(3)', 'default', 'NULL']",False
form_ros,paralysis,"['varchar(3)', 'default', 'NULL']",False
form_ros,intellectual_decline,"['varchar(3)', 'default', 'NULL']",False
form_ros,memory_problems,"['varchar(3)', 'default', 'NULL']",False
form_ros,dementia,"['varchar(3)', 'default', 'NULL']",False
form_ros,n_headache,"['varchar(3)', 'default', 'NULL']",False
form_ros,s_cancer,"['varchar(3)', 'default', 'NULL']",False
form_ros,psoriasis,"['varchar(3)', 'default', 'NULL']",False
form_ros,s_acne,"['varchar(3)', 'default', 'NULL']",False
form_ros,s_other,"['varchar(3)', 'default', 'NULL']",False
form_ros,s_disease,"['varchar(3)', 'default', 'NULL']",False
form_ros,p_diagnosis,"['varchar(3)', 'default', 'NULL']",False
form_ros,p_medication,"['varchar(3)', 'default', 'NULL']",False
form_ros,depression,"['varchar(3)', 'default', 'NULL']",False
form_ros,anxiety,"['varchar(3)', 'default', 'NULL']",False
form_ros,social_difficulties,"['varchar(3)', 'default', 'NULL']",False
form_ros,thyroid_problems,"['varchar(3)', 'default', 'NULL']",False
form_ros,diabetes,"['varchar(3)', 'default', 'NULL']",False
form_ros,abnormal_blood,"['varchar(3)', 'default', 'NULL']",False
form_ros,anemia,"['varchar(3)', 'default', 'NULL']",False
form_ros,fh_blood_problems,"['varchar(3)', 'default', 'NULL']",False
form_ros,bleeding_problems,"['varchar(3)', 'default', 'NULL']",False
form_ros,allergies,"['varchar(3)', 'default', 'NULL']",False
form_ros,frequent_illness,"['varchar(3)', 'default', 'NULL']",False
form_ros,hiv,"['varchar(3)', 'default', 'NULL']",False
form_ros,hai_status,"['varchar(3)', 'default', 'NULL']",False
form_soap,id,"['bigint(20)', 'NOT NULL', 'auto_increment']",True
form_soap,date,"['time', 'default', 'NULL']",True
form_soap,pid,"['bigint(20)', 'default', ""'0'""]",True
form_soap,user,"['varchar(255)', 'default', 'NULL']",False
form_soap,groupname,"['varchar(255)', 'default', 'NULL']",False
form_soap,authorized,"['tinyint(4)', 'default', ""'0'""]",True
form_soap,activity,"['tinyint(4)', 'default', ""'0'""]",True
form_soap,subjective,['text'],False
form_soap,objective,['text'],False
form_soap,assessment,['text'],False
form_soap,plan,"['PRIMARY', 'KEY', '(`id`)']",False
form_vitals,id,"['bigint(20)', 'NOT NULL', 'auto_increment']",True
form_vitals,date,"['time', 'default', 'NULL']",True
form_vitals,pid,"['bigint(20)', 'default', ""'0'""]",True
form_vitals,user,"['varchar(255)', 'default', 'NULL']",False
form_vitals,groupname,"['varchar(255)', 'default', 'NULL']",False
form_vitals,authorized,"['tinyint(4)', 'default', ""'0'""]",True
form_vitals,activity,"['tinyint(4)', 'default', ""'0'""]",True
form_vitals,bps,"['varchar(40)', 'default', 'NULL']",False
form_vitals,bpd,"['varchar(40)', 'default', 'NULL']",False
form_vitals,weight,"['float(5,2)', 'default', ""'0.00'""]",True
form_vitals,height,"['float(5,2)', 'default', ""'0.00'""]",True
form_vitals,temperature,"['float(5,2)', 'default', ""'0.00'""]",True
form_vitals,temp_method,"['varchar(255)', 'default', 'NULL']",False
form_vitals,pulse,"['float(5,2)', 'default', ""'0.00'""]",True
form_vitals,respiration,"['float(5,2)', 'default', ""'0.00'""]",True
form_vitals,note,"['varchar(255)', 'default', 'NULL']",False
form_vitals,BMI,"['float(4,1)', 'default', ""'0.0'""]",True
form_vitals,BMI_status,"['varchar(255)', 'default', 'NULL']",False
form_vitals,waist_circ,"['float(5,2)', 'default', ""'0.00'""]",True
form_vitals,head_circ,"['float(4,2)', 'default', ""'0.00'""]",True
form_vitals,oxygen_saturation,"['float(5,2)', 'default', ""'0.00'""]",True
form_vitals,external_id,"['KEY', '`pid` (`pid`)']",False
forms,id,"['bigint(20)', 'NOT NULL', 'auto_increment']",True
forms,date,"['time', 'default', 'NULL']",True
forms,encounter,"['bigint(20)', 'default', 'NULL']",True
forms,form_name,['longtext'],True
forms,form_id,"['bigint(20)', 'default', 'NULL']",True
forms,pid,"['bigint(20)', 'default', 'NULL']",True
forms,user,"['varchar(255)', 'default', 'NULL']",False
forms,groupname,"['varchar(255)', 'default', 'NULL']",False
forms,authorized,"['tinyint(4)', 'default', 'NULL']",True
forms,deleted,"['tinyint(4)', 'DEFAULT', ""'0'"", 'NOT NULL', 'COMMENT', ""'flag indicates form has been deleted'""]",True
forms,formdir,['longtext'],True
forms,therapy_group_id,"['INT(11)', 'DEFAULT', 'NULL']",True
forms,issue_id,"['bigint(20)', 'NOT NULL', 'default', '0', 'COMMENT', ""'references lists.id to identify a case'""]",True
forms,provider_id,"['KEY', '`pid_encounter` (`pid`, `encounter`)', 'KEY', '`form_id` (`form_id`)']",False
gacl_acl,id,"['int(11)', 'NOT NULL', 'DEFAULT', '0']",True
gacl_acl,section_value,"['varchar(150)', 'NOT NULL', 'DEFAULT', ""'system'""]",False
gacl_acl,allow,"['int(11)', 'NOT NULL', 'DEFAULT', '0']",True
gacl_acl,enabled,"['int(11)', 'NOT NULL', 'DEFAULT', '0']",True
gacl_acl,return_value,['text'],False
gacl_acl,note,['text'],False
gacl_acl,updated_date,"['KEY', '`gacl_enabled_acl` (`enabled`)', 'KEY', '`gacl_section_value_acl` (`section_value`)', 'KEY', '`gacl_updated_date_acl` (`updated_date`)']",True
gacl_acl_sections,id,"['int(11)', 'NOT NULL', 'DEFAULT', '0']",True
gacl_acl_sections,value,"['varchar(150)', 'NOT NULL']",False
gacl_acl_sections,order_value,"['int(11)', 'NOT NULL', 'DEFAULT', '0']",True
gacl_acl_sections,name,"['varchar(230)', 'NOT NULL']",False
gacl_acl_sections,hidden,['UNIQUE'],False
gacl_acl_seq,id,"['int(11)', 'NOT NULL']",True
gacl_aco,id,"['int(11)', 'NOT NULL', 'DEFAULT', '0']",True
gacl_aco,section_value,"['varchar(150)', 'NOT NULL', 'DEFAULT', ""'0'""]",False
gacl_aco,value,"['varchar(150)', 'NOT NULL']",False
gacl_aco,order_value,"['int(11)', 'NOT NULL', 'DEFAULT', '0']",True
gacl_aco,name,"['varchar(255)', 'NOT NULL']",False
gacl_aco,hidden,['UNIQUE'],False
gacl_aco_map,acl_id,"['int(11)', 'NOT NULL', 'DEFAULT', '0']",True
gacl_aco_map,section_value,"['varchar(150)', 'NOT NULL', 'DEFAULT', ""'0'""]",False
gacl_aco_map,value,"['varchar(150)', 'NOT NULL']",False
gacl_aco_sections,id,"['int(11)', 'NOT NULL', 'DEFAULT', '0']",True
gacl_aco_sections,value,"['varchar(150)', 'NOT NULL']",False
gacl_aco_sections,order_value,"['int(11)', 'NOT NULL', 'DEFAULT', '0']",True
gacl_aco_sections,name,"['varchar(230)', 'NOT NULL']",False
gacl_aco_sections,hidden,['UNIQUE'],False
gacl_aco_sections_seq,id,"['int(11)', 'NOT NULL']",True
gacl_aco_seq,id,"['int(11)', 'NOT NULL']",True
gacl_aro,id,"['int(11)', 'NOT NULL', 'DEFAULT', '0']",True
gacl_aro,section_value,"['varchar(150)', 'NOT NULL', 'DEFAULT', ""'0'""]",False
gacl_aro,value,"['varchar(150)', 'NOT NULL']",False
gacl_aro,order_value,"['int(11)', 'NOT NULL', 'DEFAULT', '0']",True
gacl_aro,name,"['varchar(255)', 'NOT NULL']",False
gacl_aro,hidden,['UNIQUE'],False
gacl_aro_groups,id,"['int(11)', 'NOT NULL', 'DEFAULT', '0']",True
gacl_aro_groups,parent_id,"['int(11)', 'NOT NULL', 'DEFAULT', '0']",True
gacl_aro_groups,lft,"['int(11)', 'NOT NULL', 'DEFAULT', '0']",True
gacl_aro_groups,rgt,"['int(11)', 'NOT NULL', 'DEFAULT', '0']",True
gacl_aro_groups,name,"['varchar(255)', 'NOT NULL']",False
gacl_aro_groups,value,['UNIQUE'],False
gacl_aro_groups_id_seq,id,"['int(11)', 'NOT NULL']",True
gacl_aro_groups_map,acl_id,"['int(11)', 'NOT NULL', 'DEFAULT', '0']",True
gacl_aro_groups_map,group_id,"['int(11)', 'NOT NULL', 'DEFAULT', '0']",True
gacl_aro_map,acl_id,"['int(11)', 'NOT NULL', 'DEFAULT', '0']",True
gacl_aro_map,section_value,"['varchar(150)', 'NOT NULL', 'DEFAULT', ""'0'""]",False
gacl_aro_map,value,"['varchar(150)', 'NOT NULL']",False
gacl_aro_sections,id,"['int(11)', 'NOT NULL', 'DEFAULT', '0']",True
gacl_aro_sections,value,"['varchar(150)', 'NOT NULL']",False
gacl_aro_sections,order_value,"['int(11)', 'NOT NULL', 'DEFAULT', '0']",True
gacl_aro_sections,name,"['varchar(230)', 'NOT NULL']",False
gacl_aro_sections,hidden,['UNIQUE'],False
gacl_aro_sections_seq,id,"['int(11)', 'NOT NULL']",True
gacl_aro_seq,id,"['int(11)', 'NOT NULL']",True
gacl_axo,id,"['int(11)', 'NOT NULL', 'DEFAULT', '0']",True
gacl_axo,section_value,"['varchar(150)', 'NOT NULL', 'DEFAULT', ""'0'""]",False
gacl_axo,value,"['varchar(150)', 'NOT NULL']",False
gacl_axo,order_value,"['int(11)', 'NOT NULL', 'DEFAULT', '0']",True
gacl_axo,name,"['varchar(255)', 'NOT NULL']",False
gacl_axo,hidden,['UNIQUE'],False
gacl_axo_groups,id,"['int(11)', 'NOT NULL', 'DEFAULT', '0']",True
gacl_axo_groups,parent_id,"['int(11)', 'NOT NULL', 'DEFAULT', '0']",True
gacl_axo_groups,lft,"['int(11)', 'NOT NULL', 'DEFAULT', '0']",True
gacl_axo_groups,rgt,"['int(11)', 'NOT NULL', 'DEFAULT', '0']",True
gacl_axo_groups,name,"['varchar(255)', 'NOT NULL']",False
gacl_axo_groups,value,['UNIQUE'],False
gacl_axo_groups_map,acl_id,"['int(11)', 'NOT NULL', 'DEFAULT', '0']",True
gacl_axo_groups_map,group_id,"['int(11)', 'NOT NULL', 'DEFAULT', '0']",True
gacl_axo_map,acl_id,"['int(11)', 'NOT NULL', 'DEFAULT', '0']",True
gacl_axo_map,section_value,"['varchar(150)', 'NOT NULL', 'DEFAULT', ""'0'""]",False
gacl_axo_map,value,"['varchar(150)', 'NOT NULL']",False
gacl_axo_sections,id,"['int(11)', 'NOT NULL', 'DEFAULT', '0']",True
gacl_axo_sections,value,"['varchar(150)', 'NOT NULL']",False
gacl_axo_sections,order_value,"['int(11)', 'NOT NULL', 'DEFAULT', '0']",True
gacl_axo_sections,name,"['varchar(230)', 'NOT NULL']",False
gacl_axo_sections,hidden,['UNIQUE'],False
gacl_groups_aro_map,group_id,"['int(11)', 'NOT NULL', 'DEFAULT', '0']",True
gacl_groups_aro_map,aro_id,"['KEY', '`gacl_aro_id` (`aro_id`)']",False
gacl_groups_axo_map,group_id,"['int(11)', 'NOT NULL', 'DEFAULT', '0']",True
gacl_groups_axo_map,axo_id,"['KEY', '`gacl_axo_id` (`axo_id`)']",False
gacl_phpgacl,name,"['varchar(230)', 'NOT NULL']",False
gacl_phpgacl,value,"['varchar(150)', 'NOT NULL']",False
groups,id,"['bigint(20)', 'NOT NULL', 'auto_increment']",True
groups,name,['longtext'],True
groups,user,['longtext'],True
history_data,id,"['bigint(20)', 'NOT NULL', 'auto_increment']",True
history_data,coffee,['longtext'],True
history_data,tobacco,['longtext'],True
history_data,alcohol,['longtext'],True
history_data,sleep_patterns,['longtext'],True
history_data,exercise_patterns,['longtext'],True
history_data,seatbelt_use,['longtext'],True
history_data,counseling,['longtext'],True
history_data,hazardous_activities,['longtext'],True
history_data,recreational_drugs,['longtext'],True
history_data,last_breast_exam,"['varchar(255)', 'default', 'NULL']",False
history_data,last_mammogram,"['varchar(255)', 'default', 'NULL']",False
history_data,last_gynocological_exam,"['varchar(255)', 'default', 'NULL']",False
history_data,last_rectal_exam,"['varchar(255)', 'default', 'NULL']",False
history_data,last_prostate_exam,"['varchar(255)', 'default', 'NULL']",False
history_data,last_physical_exam,"['varchar(255)', 'default', 'NULL']",False
history_data,last_sigmoidoscopy_colonoscopy,"['varchar(255)', 'default', 'NULL']",False
history_data,last_ecg,"['varchar(255)', 'default', 'NULL']",False
history_data,last_cardiac_echo,"['varchar(255)', 'default', 'NULL']",False
history_data,last_retinal,"['varchar(255)', 'default', 'NULL']",False
history_data,last_fluvax,"['varchar(255)', 'default', 'NULL']",False
history_data,last_pneuvax,"['varchar(255)', 'default', 'NULL']",False
history_data,last_ldl,"['varchar(255)', 'default', 'NULL']",False
history_data,last_hemoglobin,"['varchar(255)', 'default', 'NULL']",False
history_data,last_psa,"['varchar(255)', 'default', 'NULL']",False
history_data,last_exam_results,"['varchar(255)', 'default', 'NULL']",False
history_data,history_mother,['longtext'],True
history_data,dc_mother,[],False
history_data,history_father,['longtext'],True
history_data,dc_father,[],False
history_data,history_siblings,['longtext'],True
history_data,dc_siblings,[],False
history_data,history_offspring,['longtext'],True
history_data,dc_offspring,[],False
history_data,history_spouse,['longtext'],True
history_data,dc_spouse,[],False
history_data,relatives_cancer,['longtext'],True
history_data,relatives_tuberculosis,['longtext'],True
history_data,relatives_diabetes,['longtext'],True
history_data,relatives_high_blood_pressure,['longtext'],True
history_data,relatives_heart_problems,['longtext'],True
history_data,relatives_stroke,['longtext'],True
history_data,relatives_epilepsy,['longtext'],True
history_data,relatives_mental_illness,['longtext'],True
history_data,relatives_suicide,['longtext'],True
history_data,cataract_surgery,"['datetime', 'default', 'NULL']",True
history_data,tonsillectomy,"['datetime', 'default', 'NULL']",True
history_data,cholecystestomy,"['datetime', 'default', 'NULL']",True
history_data,heart_surgery,"['datetime', 'default', 'NULL']",True
history_data,hysterectomy,"['datetime', 'default', 'NULL']",True
history_data,hernia_repair,"['datetime', 'default', 'NULL']",True
history_data,hip_replacement,"['datetime', 'default', 'NULL']",True
history_data,knee_replacement,"['datetime', 'default', 'NULL']",True
history_data,appendectomy,"['datetime', 'default', 'NULL']",True
history_data,date,"['time', 'default', 'NULL']",True
history_data,pid,"['bigint(20)', 'NOT NULL', 'default', ""'0'""]",True
history_data,name_1,"['varchar(255)', 'default', 'NULL']",False
history_data,value_1,"['varchar(255)', 'default', 'NULL']",False
history_data,name_2,"['varchar(255)', 'default', 'NULL']",False
history_data,value_2,"['varchar(255)', 'default', 'NULL']",False
history_data,additional_history,['text'],False
history_data,exams,['text'],False
history_data,usertext11,['TEXT'],False
history_data,usertext12,"['varchar(255)', 'NOT NULL', 'DEFAULT', ""''""]",False
history_data,usertext13,"['varchar(255)', 'NOT NULL', 'DEFAULT', ""''""]",False
history_data,usertext14,"['varchar(255)', 'NOT NULL', 'DEFAULT', ""''""]",False
history_data,usertext15,"['varchar(255)', 'NOT NULL', 'DEFAULT', ""''""]",False
history_data,usertext16,"['varchar(255)', 'NOT NULL', 'DEFAULT', ""''""]",False
history_data,usertext17,"['varchar(255)', 'NOT NULL', 'DEFAULT', ""''""]",False
history_data,usertext18,"['varchar(255)', 'NOT NULL', 'DEFAULT', ""''""]",False
history_data,usertext19,"['varchar(255)', 'NOT NULL', 'DEFAULT', ""''""]",False
history_data,usertext20,"['varchar(255)', 'NOT NULL', 'DEFAULT', ""''""]",False
history_data,usertext21,"['varchar(255)', 'NOT NULL', 'DEFAULT', ""''""]",False
history_data,usertext22,"['varchar(255)', 'NOT NULL', 'DEFAULT', ""''""]",False
history_data,usertext23,"['varchar(255)', 'NOT NULL', 'DEFAULT', ""''""]",False
history_data,usertext24,"['varchar(255)', 'NOT NULL', 'DEFAULT', ""''""]",False
history_data,usertext25,"['varchar(255)', 'NOT NULL', 'DEFAULT', ""''""]",False
history_data,usertext26,"['varchar(255)', 'NOT NULL', 'DEFAULT', ""''""]",False
history_data,usertext27,"['varchar(255)', 'NOT NULL', 'DEFAULT', ""''""]",False
history_data,usertext28,"['varchar(255)', 'NOT NULL', 'DEFAULT', ""''""]",False
history_data,usertext29,"['varchar(255)', 'NOT NULL', 'DEFAULT', ""''""]",False
history_data,usertext30,"['varchar(255)', 'NOT NULL', 'DEFAULT', ""''""]",False
history_data,userdate11,"['date', 'DEFAULT', 'NULL']",True
history_data,userdate12,"['date', 'DEFAULT', 'NULL']",True
history_data,userdate13,"['date', 'DEFAULT', 'NULL']",True
history_data,userdate14,"['date', 'DEFAULT', 'NULL']",True
history_data,userdate15,"['date', 'DEFAULT', 'NULL']",True
history_data,userarea11,['text'],False
history_data,userarea12,"['KEY', '`pid` (`pid`)']",False
icd9_dx_code,dx_id,['SERIAL'],False
icd9_dx_code,dx_code,['varchar(5)'],False
icd9_dx_code,formatted_dx_code,['varchar(6)'],False
icd9_dx_code,short_desc,['varchar(60)'],False
icd9_dx_code,long_desc,['varchar(300)'],False
icd9_dx_code,active,"['tinyint', 'default', '0']",True
icd9_dx_code,revision,"['int', 'default', '0']",True
icd9_sg_code,sg_id,['SERIAL'],False
icd9_sg_code,sg_code,['varchar(5)'],False
icd9_sg_code,formatted_sg_code,['varchar(6)'],False
icd9_sg_code,short_desc,['varchar(60)'],False
icd9_sg_code,long_desc,['varchar(300)'],False
icd9_sg_code,active,"['tinyint', 'default', '0']",True
icd9_sg_code,revision,"['int', 'default', '0']",True
icd9_dx_long_code,dx_id,['SERIAL'],False
icd9_dx_long_code,dx_code,['varchar(5)'],False
icd9_dx_long_code,long_desc,['varchar(300)'],False
icd9_dx_long_code,active,"['tinyint', 'default', '0']",True
icd9_dx_long_code,revision,"['int', 'default', '0']",True
icd9_sg_long_code,sq_id,['SERIAL'],False
icd9_sg_long_code,sg_code,['varchar(5)'],False
icd9_sg_long_code,long_desc,['varchar(300)'],False
icd9_sg_long_code,active,"['tinyint', 'default', '0']",True
icd9_sg_long_code,revision,"['int', 'default', '0']",True
icd10_dx_order_code,dx_id,['SERIAL'],False
icd10_dx_order_code,dx_code,['varchar(7)'],False
icd10_dx_order_code,formatted_dx_code,['varchar(10)'],False
icd10_dx_order_code,valid_for_coding,['char'],False
icd10_dx_order_code,short_desc,['varchar(60)'],False
icd10_dx_order_code,long_desc,['text'],False
icd10_dx_order_code,active,"['tinyint', 'default', '0']",True
icd10_dx_order_code,revision,"['int', 'default', '0']",True
icd10_pcs_order_code,pcs_id,['SERIAL'],False
icd10_pcs_order_code,pcs_code,['varchar(7)'],False
icd10_pcs_order_code,valid_for_coding,['char'],False
icd10_pcs_order_code,short_desc,['varchar(60)'],False
icd10_pcs_order_code,long_desc,['text'],False
icd10_pcs_order_code,active,"['tinyint', 'default', '0']",True
icd10_pcs_order_code,revision,"['int', 'default', '0']",True
icd10_gem_pcs_9_10,map_id,['SERIAL'],False
icd10_gem_pcs_9_10,pcs_icd9_source,"['varchar(5)', 'default', 'NULL']",False
icd10_gem_pcs_9_10,pcs_icd10_target,"['varchar(7)', 'default', 'NULL']",False
icd10_gem_pcs_9_10,flags,"['varchar(5)', 'default', 'NULL']",False
icd10_gem_pcs_9_10,active,"['tinyint', 'default', '0']",True
icd10_gem_pcs_9_10,revision,"['int', 'default', '0']",True
icd10_gem_pcs_10_9,map_id,['SERIAL'],False
icd10_gem_pcs_10_9,pcs_icd10_source,"['varchar(7)', 'default', 'NULL']",False
icd10_gem_pcs_10_9,pcs_icd9_target,"['varchar(5)', 'default', 'NULL']",False
icd10_gem_pcs_10_9,flags,"['varchar(5)', 'default', 'NULL']",False
icd10_gem_pcs_10_9,active,"['tinyint', 'default', '0']",True
icd10_gem_pcs_10_9,revision,"['int', 'default', '0']",True
icd10_gem_dx_9_10,map_id,['SERIAL'],False
icd10_gem_dx_9_10,dx_icd9_source,"['varchar(5)', 'default', 'NULL']",False
icd10_gem_dx_9_10,dx_icd10_target,"['varchar(7)', 'default', 'NULL']",False
icd10_gem_dx_9_10,flags,"['varchar(5)', 'default', 'NULL']",False
icd10_gem_dx_9_10,active,"['tinyint', 'default', '0']",True
icd10_gem_dx_9_10,revision,"['int', 'default', '0']",True
icd10_gem_dx_10_9,map_id,['SERIAL'],False
icd10_gem_dx_10_9,dx_icd10_source,"['varchar(7)', 'default', 'NULL']",False
icd10_gem_dx_10_9,dx_icd9_target,"['varchar(5)', 'default', 'NULL']",False
icd10_gem_dx_10_9,flags,"['varchar(5)', 'default', 'NULL']",False
icd10_gem_dx_10_9,active,"['tinyint', 'default', '0']",True
icd10_gem_dx_10_9,revision,"['int', 'default', '0']",True
icd10_reimbr_dx_9_10,map_id,['SERIAL'],False
icd10_reimbr_dx_9_10,code,['varchar(8)'],False
icd10_reimbr_dx_9_10,code_cnt,['tinyint'],True
icd10_reimbr_dx_9_10,ICD9_01,['varchar(5)'],False
icd10_reimbr_dx_9_10,ICD9_02,['varchar(5)'],False
icd10_reimbr_dx_9_10,ICD9_03,['varchar(5)'],False
icd10_reimbr_dx_9_10,ICD9_04,['varchar(5)'],False
icd10_reimbr_dx_9_10,ICD9_05,['varchar(5)'],False
icd10_reimbr_dx_9_10,ICD9_06,['varchar(5)'],False
icd10_reimbr_dx_9_10,active,"['tinyint', 'default', '0']",True
icd10_reimbr_dx_9_10,revision,"['int', 'default', '0']",True
icd10_reimbr_pcs_9_10,map_id,['SERIAL'],False
icd10_reimbr_pcs_9_10,code,['varchar(8)'],False
icd10_reimbr_pcs_9_10,code_cnt,['tinyint'],True
icd10_reimbr_pcs_9_10,ICD9_01,['varchar(5)'],False
icd10_reimbr_pcs_9_10,ICD9_02,['varchar(5)'],False
icd10_reimbr_pcs_9_10,ICD9_03,['varchar(5)'],False
icd10_reimbr_pcs_9_10,ICD9_04,['varchar(5)'],False
icd10_reimbr_pcs_9_10,ICD9_05,['varchar(5)'],False
icd10_reimbr_pcs_9_10,ICD9_06,['varchar(5)'],False
icd10_reimbr_pcs_9_10,active,"['tinyint', 'default', '0']",True
icd10_reimbr_pcs_9_10,revision,"['int', 'default', '0']",True
immunizations,id,"['bigint(20)', 'NOT NULL', 'auto_increment']",True
immunizations,uuid,"['binary(16)', 'DEFAULT', 'NULL']",False
immunizations,patient_id,"['bigint(20)', 'default', 'NULL']",True
immunizations,administered_date,"['datetime', 'default', 'NULL']",True
immunizations,immunization_id,"['int(11)', 'default', 'NULL']",True
immunizations,cvx_code,"['varchar(10)', 'default', 'NULL']",False
immunizations,manufacturer,"['varchar(100)', 'default', 'NULL']",False
immunizations,lot_number,"['varchar(50)', 'default', 'NULL']",False
immunizations,administered_by_id,"['bigint(20)', 'default', 'NULL']",True
immunizations,administered_by,"['VARCHAR( 255 )', 'default', 'NULL', 'COMMENT', ""'Alternative to administered_by_id'""]",False
immunizations,education_date,"['date', 'default', 'NULL']",True
immunizations,vis_date,"['date', 'default', 'NULL', 'COMMENT', ""'Date of VIS Statement'""]",True
immunizations,note,['text'],False
immunizations,create_date,"['default', 'NULL']",False
immunizations,update_date,"['timestamp', 'NOT NULL']",True
immunizations,created_by,"['bigint(20)', 'default', 'NULL']",True
immunizations,updated_by,"['bigint(20)', 'default', 'NULL']",True
immunizations,amount_administered,"['float', 'DEFAULT', 'NULL']",True
immunizations,amount_administered_unit,"['varchar(50)', 'DEFAULT', 'NULL']",False
immunizations,expiration_date,"['date', 'DEFAULT', 'NULL']",True
immunizations,route,"['varchar(100)', 'DEFAULT', 'NULL']",False
immunizations,administration_site,"['varchar(100)', 'DEFAULT', 'NULL']",False
immunizations,added_erroneously,"['tinyint(1)', 'NOT NULL', 'DEFAULT', ""'0'""]",True
immunizations,external_id,"['VARCHAR(20)', 'DEFAULT', 'NULL']",False
immunizations,completion_status,"['VARCHAR(50)', 'DEFAULT', 'NULL']",False
immunizations,information_source,"['VARCHAR(31)', 'DEFAULT', 'NULL']",False
immunizations,refusal_reason,"['VARCHAR(31)', 'DEFAULT', 'NULL']",False
immunizations,ordering_provider,"['KEY', '`patient_id` (`patient_id`)', 'UNIQUE', 'KEY', '`uuid` (`uuid`)']",False
insurance_companies,id,"['int(11)', 'NOT NULL', 'default', ""'0'""]",True
insurance_companies,name,"['varchar(255)', 'default', 'NULL']",False
insurance_companies,attn,"['varchar(255)', 'default', 'NULL']",False
insurance_companies,cms_id,"['varchar(15)', 'default', 'NULL']",False
insurance_companies,ins_type_code,"['tinyint(2)', 'default', 'NULL']",True
insurance_companies,x12_receiver_id,"['varchar(25)', 'default', 'NULL']",False
insurance_companies,x12_default_partner_id,"['int(11)', 'default', 'NULL']",True
insurance_companies,alt_cms_id,"['varchar(15)', 'NOT NULL', 'DEFAULT', ""''""]",False
insurance_companies,inactive,"['int(1)', 'NOT NULL', 'DEFAULT', ""'0'""]",True
insurance_companies,eligibility_id,"['VARCHAR(32)', 'default', 'NULL']",False
insurance_companies,x12_default_eligibility_id,"['INT(11)', 'default', 'NULL']",True
insurance_data,id,"['bigint(20)', 'NOT NULL', 'auto_increment']",True
insurance_data,type,"[""enum('primary','secondary','tertiary')"", 'default', 'NULL']",True
insurance_data,provider,"['varchar(255)', 'default', 'NULL']",False
insurance_data,plan_name,"['varchar(255)', 'default', 'NULL']",False
insurance_data,policy_number,"['varchar(255)', 'default', 'NULL']",False
insurance_data,group_number,"['varchar(255)', 'default', 'NULL']",False
insurance_data,subscriber_lname,"['varchar(255)', 'default', 'NULL']",False
insurance_data,subscriber_mname,"['varchar(255)', 'default', 'NULL']",False
insurance_data,subscriber_fname,"['varchar(255)', 'default', 'NULL']",False
insurance_data,subscriber_relationship,"['varchar(255)', 'default', 'NULL']",False
insurance_data,subscriber_ss,"['varchar(255)', 'default', 'NULL']",False
insurance_data,subscriber_DOB,"['date', 'default', 'NULL']",True
insurance_data,subscriber_street,"['varchar(255)', 'default', 'NULL']",False
insurance_data,subscriber_postal_code,"['varchar(255)', 'default', 'NULL']",False
insurance_data,subscriber_city,"['varchar(255)', 'default', 'NULL']",False
insurance_data,subscriber_state,"['varchar(255)', 'default', 'NULL']",False
insurance_data,subscriber_country,"['varchar(255)', 'default', 'NULL']",False
insurance_data,subscriber_phone,"['varchar(255)', 'default', 'NULL']",False
insurance_data,subscriber_employer,"['varchar(255)', 'default', 'NULL']",False
insurance_data,subscriber_employer_street,"['varchar(255)', 'default', 'NULL']",False
insurance_data,subscriber_employer_postal_code,"['varchar(255)', 'default', 'NULL']",False
insurance_data,subscriber_employer_state,"['varchar(255)', 'default', 'NULL']",False
insurance_data,subscriber_employer_country,"['varchar(255)', 'default', 'NULL']",False
insurance_data,subscriber_employer_city,"['varchar(255)', 'default', 'NULL']",False
insurance_data,copay,"['varchar(255)', 'default', 'NULL']",False
insurance_data,date,"['date', 'NULL']",True
insurance_data,pid,"['bigint(20)', 'NOT NULL', 'default', ""'0'""]",True
insurance_data,subscriber_sex,"['varchar(25)', 'default', 'NULL']",False
insurance_data,accept_assignment,"['varchar(5)', 'NOT NULL', 'DEFAULT', ""'TRUE'""]",False
insurance_data,policy_type,['UNIQUE'],False
insurance_numbers,id,"['int(11)', 'NOT NULL', 'default', ""'0'""]",True
insurance_numbers,provider_id,"['int(11)', 'NOT NULL', 'default', ""'0'""]",True
insurance_numbers,insurance_company_id,"['int(11)', 'default', 'NULL']",True
insurance_numbers,provider_number,"['varchar(20)', 'default', 'NULL']",False
insurance_numbers,rendering_provider_number,"['varchar(20)', 'default', 'NULL']",False
insurance_numbers,group_number,"['varchar(20)', 'default', 'NULL']",False
insurance_numbers,provider_number_type,"['varchar(4)', 'default', 'NULL']",False
insurance_numbers,rendering_provider_number_type,"['varchar(4)', 'default', 'NULL']",False
issue_encounter,pid,"['bigint(20)', 'NOT NULL']",True
issue_encounter,list_id,"['int(11)', 'NOT NULL']",True
issue_encounter,encounter,"['int(11)', 'NOT NULL']",True
issue_encounter,resolved,"['tinyint(1)', 'NOT NULL']",True
issue_types,active,"['tinyint(1)', 'NOT NULL', 'DEFAULT', ""'1'""]",True
issue_types,category,"['varchar(75)', 'NOT NULL', 'DEFAULT', ""''""]",False
issue_types,type,"['varchar(75)', 'NOT NULL', 'DEFAULT', ""''""]",False
issue_types,plural,"['varchar(75)', 'NOT NULL', 'DEFAULT', ""''""]",False
issue_types,singular,"['varchar(75)', 'NOT NULL', 'DEFAULT', ""''""]",False
issue_types,abbreviation,"['varchar(75)', 'NOT NULL', 'DEFAULT', ""''""]",False
issue_types,style,"['smallint(6)', 'NOT NULL', 'DEFAULT', ""'0'""]",True
issue_types,force_show,"['smallint(6)', 'NOT NULL', 'DEFAULT', ""'0'""]",True
issue_types,ordering,"['int(11)', 'NOT NULL', 'DEFAULT', ""'0'""]",True
issue_types,aco_spec,"['varchar(63)', 'NOT NULL', 'default', ""'patients|med'""]",False
keys,id,"['bigint(20)', 'NOT NULL', 'auto_increment']",True
keys,name,"['varchar(20)', 'NOT NULL', 'DEFAULT', ""''""]",False
keys,value,['UNIQUE'],False
lang_constants,cons_id,"['int(11)', 'NOT NULL', 'auto_increment']",True
lang_constants,constant_name,['UNIQUE'],False
lang_definitions,def_id,"['int(11)', 'NOT NULL', 'auto_increment']",True
lang_definitions,cons_id,"['int(11)', 'NOT NULL', 'default', ""'0'""]",True
lang_definitions,lang_id,"['int(11)', 'NOT NULL', 'default', ""'0'""]",True
lang_definitions,definition,"['mediumtext', 'UNIQUE']",False
lang_languages,lang_id,"['int(11)', 'NOT NULL', 'auto_increment']",True
lang_languages,lang_code,"['char(2)', 'NOT NULL', 'default', ""''""]",False
lang_languages,lang_description,"['varchar(100)', 'default', 'NULL']",False
lang_languages,lang_is_rtl,"['TINYINT', 'DEFAULT', '0', 'COMMENT', ""'Set this to 1 for RTL languages Arabic, Farsi, Hebrew, Urdu etc.'"", 'UNIQUE']",True
lang_custom,lang_description,"['varchar(100)', 'NOT NULL', 'default', ""''""]",False
lang_custom,lang_code,"['char(2)', 'NOT NULL', 'default', ""''""]",False
lang_custom,constant_name,['mediumtext'],False
lang_custom,definition,['mediumtext'],False
layout_group_properties,grp_form_id,"['varchar(31)', 'not null']",False
layout_group_properties,grp_group_id,"['varchar(31)', 'not null', 'default', ""''"", 'comment', ""'empty when representing the whole form'""]",False
layout_group_properties,grp_title,"['varchar(63)', 'not null', 'default', ""''"", 'comment', ""'descriptive name of the form or group'""]",False
layout_group_properties,grp_subtitle,"['varchar(63)', 'not null', 'default', ""''"", 'comment', ""'for display under the title'""]",False
layout_group_properties,grp_mapping,"['varchar(31)', 'not null', 'default', ""''"", 'comment', ""'the form category'""]",False
layout_group_properties,grp_seq,"['int(11)', 'not null', 'default', '0', 'comment', ""'optional order within mapping'""]",True
layout_group_properties,grp_activity,"['tinyint(1)', 'not null', 'default', '1']",True
layout_group_properties,grp_repeats,"['int(11)', 'not null', 'default', '0']",True
layout_group_properties,grp_columns,"['int(11)', 'not null', 'default', '0']",True
layout_group_properties,grp_size,"['int(11)', 'not null', 'default', '0']",True
layout_group_properties,grp_issue_type,"['varchar(75)', 'not null', 'default', ""''""]",False
layout_group_properties,grp_aco_spec,"['varchar(63)', 'not null', 'default', ""''""]",False
layout_group_properties,grp_services,"['varchar(4095)', 'not null', 'default', ""''""]",False
layout_group_properties,grp_products,"['varchar(4095)', 'not null', 'default', ""''""]",False
layout_group_properties,grp_diags,"['varchar(4095)', 'not null', 'default', ""''""]",False
layout_options,form_id,"['varchar(31)', 'NOT NULL', 'default', ""''""]",False
layout_options,field_id,"['varchar(31)', 'NOT NULL', 'default', ""''""]",False
layout_options,group_id,"['varchar(31)', 'NOT NULL', 'default', ""''""]",False
layout_options,title,['text'],False
layout_options,seq,"['int(11)', 'NOT NULL', 'default', ""'0'""]",True
layout_options,data_type,"['tinyint(3)', 'NOT NULL', 'default', ""'0'""]",True
layout_options,uor,"['tinyint(1)', 'NOT NULL', 'default', ""'1'""]",True
layout_options,fld_length,"['int(11)', 'NOT NULL', 'default', ""'15'""]",True
layout_options,max_length,"['int(11)', 'NOT NULL', 'default', ""'0'""]",True
layout_options,list_id,"['varchar(100)', 'NOT NULL', 'default', ""''""]",False
layout_options,titlecols,"['tinyint(3)', 'NOT NULL', 'default', ""'1'""]",True
layout_options,datacols,"['tinyint(3)', 'NOT NULL', 'default', ""'1'""]",True
layout_options,default_value,"['varchar(255)', 'NOT NULL', 'default', ""''""]",False
layout_options,edit_options,"['varchar(36)', 'NOT NULL', 'default', ""''""]",False
layout_options,description,['text'],False
layout_options,fld_rows,"['int(11)', 'NOT NULL', 'default', ""'0'""]",True
layout_options,list_backup_id,"['varchar(100)', 'NOT NULL', 'default', ""''""]",False
layout_options,source,"['char(1)', 'NOT NULL', 'default', ""'F'"", 'COMMENT', ""'F=Form, D=Demographics, H=History, E=Encounter'""]",False
layout_options,conditions,"['text', 'COMMENT', ""'serialized array of skip conditions'""]",False
layout_options,validation,"['varchar(100)', 'default', 'NULL']",False
list_options,list_id,"['varchar(100)', 'NOT NULL', 'default', ""''""]",False
list_options,option_id,"['varchar(100)', 'NOT NULL', 'default', ""''""]",False
list_options,title,"['varchar(255)', 'NOT NULL', 'default', ""''""]",False
list_options,seq,"['int(11)', 'NOT NULL', 'default', ""'0'""]",True
list_options,is_default,"['tinyint(1)', 'NOT NULL', 'default', ""'0'""]",True
list_options,option_value,"['float', 'NOT NULL', 'default', ""'0'""]",True
list_options,mapping,"['varchar(31)', 'NOT NULL', 'DEFAULT', ""''""]",False
list_options,notes,['TEXT'],False
list_options,codes,"['varchar(255)', 'NOT NULL', 'DEFAULT', ""''""]",False
list_options,toggle_setting_1,"['tinyint(1)', 'NOT NULL', 'default', ""'0'""]",True
list_options,toggle_setting_2,"['tinyint(1)', 'NOT NULL', 'default', ""'0'""]",True
list_options,activity,"['TINYINT', 'DEFAULT', '1', 'NOT NULL']",True
list_options,subtype,"['varchar(31)', 'NOT NULL', 'DEFAULT', ""''""]",False
list_options,edit_options,"['tinyint(1)', 'NOT NULL', 'DEFAULT', ""'1'""]",True
list_options,timestamp,"['TIMESTAMP', 'NOT NULL', 'DEFAULT', 'CURRENT_TIMESTAMP']",True
lists,id,"['bigint(20)', 'NOT NULL', 'auto_increment']",True
lists,uuid,"['binary(16)', 'DEFAULT', 'NULL']",False
lists,date,"['time', 'default', 'NULL']",True
lists,type,"['varchar(255)', 'default', 'NULL']",False
lists,subtype,"['varchar(31)', 'NOT NULL', 'DEFAULT', ""''""]",False
lists,title,"['varchar(255)', 'default', 'NULL']",False
lists,begdate,"['date', 'default', 'NULL']",True
lists,enddate,"['date', 'default', 'NULL']",True
lists,returndate,"['date', 'default', 'NULL']",True
lists,occurrence,"['int(11)', 'default', ""'0'"", 'COMMENT']",True
lists,Reference to list_options option_id='occurrence',[],False
lists,classification,"['int(11)', 'default', ""'0'""]",True
lists,referredby,"['varchar(255)', 'default', 'NULL']",False
lists,extrainfo,"['varchar(255)', 'default', 'NULL']",False
lists,diagnosis,"['varchar(255)', 'default', 'NULL']",False
lists,activity,"['tinyint(4)', 'default', 'NULL']",True
lists,comments,['longtext'],True
lists,pid,"['bigint(20)', 'default', 'NULL']",True
lists,user,"['varchar(255)', 'default', 'NULL']",False
lists,groupname,"['varchar(255)', 'default', 'NULL']",False
lists,outcome,"['int(11)', 'NOT NULL', 'default', ""'0'""]",True
lists,destination,"['varchar(255)', 'default', 'NULL']",False
lists,reinjury_id,"['bigint(20)', 'NOT NULL', 'DEFAULT', '0']",True
lists,injury_part,"['varchar(31)', 'NOT NULL', 'DEFAULT', ""''""]",False
lists,injury_type,"['varchar(31)', 'NOT NULL', 'DEFAULT', ""''""]",False
lists,injury_grade,"['varchar(31)', 'NOT NULL', 'DEFAULT', ""''""]",False
lists,reaction,"['varchar(255)', 'NOT NULL', 'DEFAULT', ""''""]",False
lists,verification,"['VARCHAR(36)', 'NOT NULL', 'DEFAULT', ""''"", 'COMMENT', ""'Reference to list_options option_id = allergyintolerance-verification'""]",True
lists,external_allergyid,"['INT(11)', 'DEFAULT', 'NULL']",True
lists,erx_source,"[""ENUM('0','1')"", 'DEFAULT', ""'0'"", 'NOT NULL', 'COMMENT', ""'0-OpenEMR 1-External'""]",True
lists,erx_uploaded,"[""ENUM('0','1')"", 'DEFAULT', ""'0'"", 'NOT NULL', 'COMMENT', ""'0-Pending NewCrop upload 1-Uploaded TO NewCrop'""]",True
lists,modifydate,"['timestamp', 'NOT NULL', 'DEFAULT', 'CURRENT_TIMESTAMP', 'ON', 'UPDATE', 'CURRENT_TIMESTAMP']",True
lists,severity_al,"['VARCHAR( 50 )', 'DEFAULT', 'NULL']",False
lists,external_id,"['VARCHAR(20)', 'DEFAULT', 'NULL']",False
lists,list_option_id,"['KEY', '`pid` (`pid`)', 'KEY', '`type` (`type`)', 'UNIQUE', 'KEY', '`uuid` (`uuid`)']",False
lists_touch,pid,"['bigint(20)', 'NOT NULL', 'default', ""'0'""]",True
lists_touch,type,"['varchar(255)', 'NOT NULL', 'default', ""''""]",False
lists_touch,date,"['time', 'default', 'NULL']",True
log,id,"['bigint(20)', 'NOT NULL', 'auto_increment']",True
log,date,"['time', 'default', 'NULL']",True
log,event,"['varchar(255)', 'default', 'NULL']",False
log,category,"['varchar(255)', 'default', 'NULL']",False
log,user,"['varchar(255)', 'default', 'NULL']",False
log,groupname,"['varchar(255)', 'default', 'NULL']",False
log,comments,['longtext'],True
log,user_notes,['longtext'],True
log,patient_id,"['bigint(20)', 'default', 'NULL']",True
log,success,"['tinyint(1)', 'default', '1']",True
log,checksum,['longtext'],True
log,crt_user,"['varchar(255)', 'default', 'NULL']",False
log,log_from,"['VARCHAR(20)', 'DEFAULT', ""'open-emr'""]",False
log,menu_item_id,"['INT(11)', 'DEFAULT', 'NULL']",True
log,ccda_doc_id,"['INT(11)', 'DEFAULT', 'NULL', 'COMMENT', ""'CCDA document id from ccda'""]",True
modules,mod_id,"['INT(11)', 'NOT NULL', 'AUTO_INCREMENT']",True
modules,mod_name,"['VARCHAR(64)', 'NOT NULL', 'DEFAULT', ""'0'""]",False
modules,mod_directory,"['VARCHAR(64)', 'NOT NULL', 'DEFAULT', ""''""]",False
modules,mod_parent,"['VARCHAR(64)', 'NOT NULL', 'DEFAULT', ""''""]",False
modules,mod_type,"['VARCHAR(64)', 'NOT NULL', 'DEFAULT', ""''""]",False
modules,mod_active,"['INT(1)', 'UNSIGNED', 'NOT NULL', 'DEFAULT', ""'0'""]",True
modules,mod_ui_name,"['VARCHAR(20)', 'NOT NULL', 'DEFAULT', ""''''""]",False
modules,mod_relative_link,"['VARCHAR(64)', 'NOT NULL', 'DEFAULT', ""''""]",False
modules,mod_ui_order,"['TINYINT(3)', 'NOT NULL', 'DEFAULT', ""'0'""]",True
modules,mod_ui_active,"['INT(1)', 'UNSIGNED', 'NOT NULL', 'DEFAULT', ""'0'""]",True
modules,mod_description,"['VARCHAR(255)', 'NOT NULL', 'DEFAULT', ""''""]",False
modules,mod_nick_name,"['VARCHAR(25)', 'NOT NULL', 'DEFAULT', ""''""]",False
modules,mod_enc_menu,"['VARCHAR(10)', 'NOT NULL', 'DEFAULT', ""'no'""]",False
modules,permissions_item_table,"['CHAR(100)', 'DEFAULT', 'NULL']",False
modules,directory,"['VARCHAR(255)', 'NOT NULL']",False
modules,date,"['DATETIME', 'NOT NULL']",True
modules,sql_run,"['TINYINT(4)', 'DEFAULT', ""'0'""]",True
modules,type,"['TINYINT(4)', 'DEFAULT', ""'0'""]",True
modules,sql_version,"['VARCHAR(150)', 'NOT NULL']",False
modules,acl_version,"['VARCHAR(150)', 'NOT NULL']",False
module_acl_group_settings,module_id,"['int(11)', 'NOT NULL']",True
module_acl_group_settings,group_id,"['int(11)', 'NOT NULL']",True
module_acl_group_settings,section_id,"['int(11)', 'NOT NULL']",True
module_acl_group_settings,allowed,"['tinyint(1)', 'DEFAULT', 'NULL']",True
module_acl_sections,section_id,"['int(11)', 'DEFAULT', 'NULL']",True
module_acl_sections,section_name,"['varchar(255)', 'DEFAULT', 'NULL']",False
module_acl_sections,parent_section,"['int(11)', 'DEFAULT', 'NULL']",True
module_acl_sections,section_identifier,"['varchar(50)', 'DEFAULT', 'NULL']",False
module_acl_sections,module_id,"['int(11)', 'DEFAULT', 'NULL']",True
module_acl_user_settings,module_id,"['int(11)', 'NOT NULL']",True
module_acl_user_settings,user_id,"['int(11)', 'NOT NULL']",True
module_acl_user_settings,section_id,"['int(11)', 'NOT NULL']",True
module_acl_user_settings,allowed,"['int(1)', 'DEFAULT', 'NULL']",True
module_configuration,module_config_id,"['int(10)', 'unsigned', 'NOT NULL', 'AUTO_INCREMENT']",True
module_configuration,module_id,"['int(10)', 'unsigned', 'NOT NULL']",True
module_configuration,field_name,"['varchar(45)', 'NOT NULL']",False
module_configuration,field_value,"['varchar(255)', 'NOT NULL']",False
modules_hooks_settings,id,"['int(11)', 'NOT NULL', 'AUTO_INCREMENT']",True
modules_hooks_settings,mod_id,"['int(11)', 'DEFAULT', 'NULL']",True
modules_hooks_settings,enabled_hooks,"['varchar(255)', 'DEFAULT', 'NULL']",False
modules_hooks_settings,attached_to,"['varchar(45)', 'DEFAULT', 'NULL']",False
modules_settings,mod_id,"['INT(11)', 'DEFAULT', 'NULL']",True
modules_settings,fld_type,"['SMALLINT(6)', 'DEFAULT', 'NULL', 'COMMENT', ""'1=>ACL,2=>preferences,3=>hooks'""]",True
modules_settings,obj_name,"['VARCHAR(255)', 'DEFAULT', 'NULL']",False
modules_settings,menu_name,"['VARCHAR(255)', 'DEFAULT', 'NULL']",False
modules_settings,path,"['VARCHAR(255)', 'DEFAULT', 'NULL']",False
notes,id,"['int(11)', 'NOT NULL', 'default', ""'0'""]",True
notes,foreign_id,"['int(11)', 'NOT NULL', 'default', ""'0'""]",True
notes,note,"['varchar(255)', 'default', 'NULL']",False
notes,owner,"['int(11)', 'default', 'NULL']",True
notes,date,"['time', 'default', 'NULL']",True
notes,revision,"['KEY', '`foreign_id` (`owner`)', 'KEY', '`foreign_id_2` (`foreign_id`)', 'KEY', '`date` (`date`)']",True
onotes,id,"['bigint(20)', 'NOT NULL', 'auto_increment']",True
onotes,date,"['time', 'default', 'NULL']",True
onotes,body,['longtext'],True
onotes,user,"['varchar(255)', 'default', 'NULL']",False
onotes,groupname,"['varchar(255)', 'default', 'NULL']",False
onotes,activity,"['tinyint(4)', 'default', 'NULL']",True
onsite_documents,id,"['int(10)', 'UNSIGNED', 'NOT NULL', 'AUTO_INCREMENT']",True
onsite_documents,pid,"['bigint(20)', 'UNSIGNED', 'DEFAULT', 'NULL']",True
onsite_documents,facility,"['int(10)', 'UNSIGNED', 'DEFAULT', 'NULL']",True
onsite_documents,provider,"['int(10)', 'UNSIGNED', 'DEFAULT', 'NULL']",True
onsite_documents,encounter,"['int(10)', 'UNSIGNED', 'DEFAULT', 'NULL']",True
onsite_documents,create_date,"['timestamp', 'NOT NULL', 'DEFAULT', 'CURRENT_TIMESTAMP']",True
onsite_documents,doc_type,"['varchar(255)', 'NOT NULL']",False
onsite_documents,patient_signed_status,"['smallint(5)', 'UNSIGNED', 'NOT NULL']",True
onsite_documents,patient_signed_time,"['datetime', 'NULL']",True
onsite_documents,authorize_signed_time,"['datetime', 'DEFAULT', 'NULL']",True
onsite_documents,accept_signed_status,"['smallint(5)', 'NOT NULL']",True
onsite_documents,authorizing_signator,"['varchar(50)', 'NOT NULL']",False
onsite_documents,review_date,"['datetime', 'NULL']",True
onsite_documents,denial_reason,"['varchar(255)', 'NOT NULL']",False
onsite_documents,authorized_signature,['text'],False
onsite_documents,patient_signature,[],False
onsite_documents,full_document,['mediumblob'],False
onsite_documents,file_name,"['varchar(255)', 'NOT NULL']",False
onsite_documents,file_path,"['varchar(255)', 'NOT NULL']",False
onsite_mail,id,"['bigint(20)', 'NOT NULL', 'AUTO_INCREMENT']",True
onsite_mail,date,"['time', 'DEFAULT', 'NULL']",True
onsite_mail,owner,"['varchar(128)', 'DEFAULT', 'NULL']",False
onsite_mail,user,"['varchar(255)', 'DEFAULT', 'NULL']",False
onsite_mail,groupname,"['varchar(255)', 'DEFAULT', 'NULL']",False
onsite_mail,activity,"['tinyint(4)', 'DEFAULT', 'NULL']",True
onsite_mail,authorized,"['tinyint(4)', 'DEFAULT', 'NULL']",True
onsite_mail,header,"['varchar(255)', 'DEFAULT', 'NULL']",False
onsite_mail,title,"['varchar(255)', 'DEFAULT', 'NULL']",False
onsite_mail,body,['longtext'],True
onsite_mail,recipient_id,"['varchar(128)', 'DEFAULT', 'NULL']",False
onsite_mail,recipient_name,"['varchar(255)', 'DEFAULT', 'NULL']",False
onsite_mail,sender_id,"['varchar(128)', 'DEFAULT', 'NULL']",False
onsite_mail,sender_name,"['varchar(255)', 'DEFAULT', 'NULL']",False
onsite_mail,assigned_to,"['varchar(255)', 'DEFAULT', 'NULL']",False
onsite_mail,deleted,"['tinyint(4)', 'DEFAULT', ""'0'"", 'COMMENT', ""'flag indicates note is deleted'""]",True
onsite_mail,delete_date,"['datetime', 'DEFAULT', 'NULL']",True
onsite_mail,mtype,"['varchar(128)', 'DEFAULT', 'NULL']",False
onsite_mail,message_status,"['varchar(20)', 'NOT NULL', 'DEFAULT', ""'New'""]",False
onsite_mail,mail_chain,"['int(11)', 'DEFAULT', 'NULL']",True
onsite_mail,reply_mail_chain,"['int(11)', 'DEFAULT', 'NULL']",True
onsite_mail,is_msg_encrypted,"['KEY', '`pid` (`owner`)']",False
onsite_messages,id,"['int(11)', 'NOT NULL', 'AUTO_INCREMENT']",True
onsite_messages,username,"['varchar(64)', 'NOT NULL']",False
onsite_messages,message,['longtext'],True
onsite_messages,ip,"['varchar(15)', 'NOT NULL']",False
onsite_messages,date,"['time', 'NOT NULL']",True
onsite_messages,sender_id,"['VARCHAR(64)', 'NULL', 'COMMENT', ""'who sent id'""]",False
onsite_messages,recip_id,"['varchar(255)', 'NOT NULL', 'COMMENT', ""'who to id array'""]",False
onsite_online,hash,"['varchar(32)', 'NOT NULL']",False
onsite_online,ip,"['varchar(15)', 'NOT NULL']",False
onsite_online,last_update,"['datetime', 'NOT NULL']",True
onsite_online,username,"['varchar(64)', 'NOT NULL']",False
onsite_online,userid,"['int(11)', 'UNSIGNED', 'DEFAULT', 'NULL']",True
onsite_portal_activity,id,"['bigint(20)', 'NOT NULL', 'AUTO_INCREMENT']",True
onsite_portal_activity,date,"['time', 'DEFAULT', 'NULL']",True
onsite_portal_activity,patient_id,"['bigint(20)', 'DEFAULT', 'NULL']",True
onsite_portal_activity,activity,"['varchar(255)', 'DEFAULT', 'NULL']",False
onsite_portal_activity,require_audit,"['tinyint(1)', 'DEFAULT', ""'1'""]",True
onsite_portal_activity,pending_action,"['varchar(255)', 'DEFAULT', 'NULL']",False
onsite_portal_activity,action_taken,"['varchar(255)', 'DEFAULT', 'NULL']",False
onsite_portal_activity,status,"['varchar(255)', 'DEFAULT', 'NULL']",False
onsite_portal_activity,narrative,['longtext'],True
onsite_portal_activity,table_action,['longtext'],True
onsite_portal_activity,table_args,['longtext'],True
onsite_portal_activity,action_user,"['int(11)', 'DEFAULT', 'NULL']",True
onsite_portal_activity,action_taken_time,"['datetime', 'DEFAULT', 'NULL']",True
onsite_portal_activity,checksum,"['KEY', '`date` (`date`)']",True
onsite_signatures,id,"['bigint(20)', 'NOT NULL', 'AUTO_INCREMENT']",True
onsite_signatures,status,"['varchar(128)', 'NOT NULL', 'DEFAULT', ""'waiting'""]",False
onsite_signatures,type,"['varchar(128)', 'NOT NULL']",False
onsite_signatures,created,"['int(11)', 'NOT NULL']",True
onsite_signatures,lastmod,"['datetime', 'NOT NULL']",True
onsite_signatures,pid,"['bigint(20)', 'DEFAULT', 'NULL']",True
onsite_signatures,encounter,"['int(11)', 'DEFAULT', 'NULL']",True
onsite_signatures,user,"['varchar(255)', 'DEFAULT', 'NULL']",False
onsite_signatures,activity,"['tinyint(4)', 'NOT NULL', 'DEFAULT', ""'0'""]",True
onsite_signatures,authorized,"['tinyint(4)', 'DEFAULT', 'NULL']",True
onsite_signatures,signator,"['varchar(255)', 'NOT NULL']",False
onsite_signatures,sig_image,['text'],False
onsite_signatures,signature,['text'],False
onsite_signatures,sig_hash,"['varchar(255)', 'NOT NULL']",False
onsite_signatures,ip,['UNIQUE'],False
openemr_module_vars,pn_id,"['int(11)', 'unsigned', 'NOT NULL', 'auto_increment']",True
openemr_module_vars,pn_modname,"['varchar(64)', 'default', 'NULL']",False
openemr_module_vars,pn_name,"['varchar(64)', 'default', 'NULL']",False
openemr_module_vars,pn_value,"['KEY', '`pn_modname` (`pn_modname`)', 'KEY', '`pn_name` (`pn_name`)']",False
openemr_modules,pn_id,"['int(11)', 'unsigned', 'NOT NULL', 'auto_increment']",True
openemr_modules,pn_name,"['varchar(64)', 'default', 'NULL']",False
openemr_modules,pn_type,"['int(6)', 'NOT NULL', 'default', ""'0'""]",True
openemr_modules,pn_displayname,"['varchar(64)', 'default', 'NULL']",False
openemr_modules,pn_description,"['varchar(255)', 'default', 'NULL']",False
openemr_modules,pn_regid,"['int(11)', 'unsigned', 'NOT NULL', 'default', ""'0'""]",True
openemr_modules,pn_directory,"['varchar(64)', 'default', 'NULL']",False
openemr_modules,pn_version,"['varchar(10)', 'default', 'NULL']",False
openemr_modules,pn_admin_capable,"['tinyint(1)', 'NOT NULL', 'default', ""'0'""]",True
openemr_modules,pn_user_capable,"['tinyint(1)', 'NOT NULL', 'default', ""'0'""]",True
openemr_modules,pn_state,"['tinyint(1)', 'NOT NULL', 'default', ""'0'""]",True
openemr_postcalendar_categories,pc_catid,"['int(11)', 'unsigned', 'NOT NULL', 'auto_increment']",True
openemr_postcalendar_categories,pc_constant_id,"['VARCHAR (255)', 'default', 'NULL']",False
openemr_postcalendar_categories,pc_catname,"['varchar(100)', 'default', 'NULL']",False
openemr_postcalendar_categories,pc_catcolor,"['varchar(50)', 'default', 'NULL']",False
openemr_postcalendar_categories,pc_catdesc,['text'],False
openemr_postcalendar_categories,pc_recurrtype,"['int(1)', 'NOT NULL', 'default', ""'0'""]",True
openemr_postcalendar_categories,pc_enddate,"['date', 'default', 'NULL']",True
openemr_postcalendar_categories,pc_recurrspec,['text'],False
openemr_postcalendar_categories,pc_recurrfreq,"['int(3)', 'NOT NULL', 'default', ""'0'""]",True
openemr_postcalendar_categories,pc_duration,"['bigint(20)', 'NOT NULL', 'default', ""'0'""]",True
openemr_postcalendar_categories,pc_end_date_flag,"['tinyint(1)', 'NOT NULL', 'default', ""'0'""]",True
openemr_postcalendar_categories,pc_end_date_type,"['int(2)', 'default', 'NULL']",True
openemr_postcalendar_categories,pc_end_date_freq,"['int(11)', 'NOT NULL', 'default', ""'0'""]",True
openemr_postcalendar_categories,pc_end_all_day,"['tinyint(1)', 'NOT NULL', 'default', ""'0'""]",True
openemr_postcalendar_categories,pc_dailylimit,"['int(2)', 'NOT NULL', 'default', ""'0'""]",True
openemr_postcalendar_categories,pc_cattype,"['INT( 11 )', 'NOT NULL', 'COMMENT', ""'Used in grouping categories'""]",True
openemr_postcalendar_categories,pc_active,"['tinyint(1)', 'NOT NULL', 'default', '1']",True
openemr_postcalendar_categories,pc_seq,"['int(11)', 'NOT NULL', 'default', ""'0'""]",True
openemr_postcalendar_categories,aco_spec,"['KEY', '`basic_cat` (`pc_catname`,`pc_catcolor`)']",False
openemr_postcalendar_events,pc_eid,"['int(11)', 'unsigned', 'NOT NULL', 'auto_increment']",True
openemr_postcalendar_events,pc_catid,"['int(11)', 'NOT NULL', 'default', ""'0'""]",True
openemr_postcalendar_events,pc_multiple,"['int(10)', 'unsigned', 'NOT NULL']",True
openemr_postcalendar_events,pc_aid,"['varchar(30)', 'default', 'NULL']",False
openemr_postcalendar_events,pc_pid,"['varchar(11)', 'default', 'NULL']",False
openemr_postcalendar_events,pc_gid,"['int(11)', 'default', '0']",True
openemr_postcalendar_events,pc_title,"['varchar(150)', 'default', 'NULL']",False
openemr_postcalendar_events,pc_time,"['datetime', 'default', 'NULL']",True
openemr_postcalendar_events,pc_hometext,['text'],False
openemr_postcalendar_events,pc_comments,"['int(11)', 'default', ""'0'""]",True
openemr_postcalendar_events,pc_counter,"['mediumint(8)', 'unsigned', 'default', ""'0'""]",True
openemr_postcalendar_events,pc_topic,"['int(3)', 'NOT NULL', 'default', ""'1'""]",True
openemr_postcalendar_events,pc_informant,"['varchar(20)', 'default', 'NULL']",False
openemr_postcalendar_events,pc_eventDate,"['date', 'NOT NULL', 'default', ""'0000-00-00'""]",True
openemr_postcalendar_events,pc_endDate,"['date', 'NOT NULL', 'default', ""'0000-00-00'""]",True
openemr_postcalendar_events,pc_duration,"['bigint(20)', 'NOT NULL', 'default', ""'0'""]",True
openemr_postcalendar_events,pc_recurrtype,"['int(1)', 'NOT NULL', 'default', ""'0'""]",True
openemr_postcalendar_events,pc_recurrspec,['text'],False
openemr_postcalendar_events,pc_recurrfreq,"['int(3)', 'NOT NULL', 'default', ""'0'""]",True
openemr_postcalendar_events,pc_startTime,"['time', 'default', 'NULL']",True
openemr_postcalendar_events,pc_endTime,"['time', 'default', 'NULL']",True
openemr_postcalendar_events,pc_alldayevent,"['int(1)', 'NOT NULL', 'default', ""'0'""]",True
openemr_postcalendar_events,pc_location,['text'],False
openemr_postcalendar_events,pc_conttel,"['varchar(50)', 'default', 'NULL']",False
openemr_postcalendar_events,pc_contname,"['varchar(50)', 'default', 'NULL']",False
openemr_postcalendar_events,pc_contemail,"['varchar(255)', 'default', 'NULL']",False
openemr_postcalendar_events,pc_website,"['varchar(255)', 'default', 'NULL']",False
openemr_postcalendar_events,pc_fee,"['varchar(50)', 'default', 'NULL']",False
openemr_postcalendar_events,pc_eventstatus,"['int(11)', 'NOT NULL', 'default', ""'0'""]",True
openemr_postcalendar_events,pc_sharing,"['int(11)', 'NOT NULL', 'default', ""'0'""]",True
openemr_postcalendar_events,pc_language,"['varchar(30)', 'default', 'NULL']",False
openemr_postcalendar_events,pc_apptstatus,"['varchar(15)', 'NOT NULL', 'default', ""'-'""]",False
openemr_postcalendar_events,pc_prefcatid,"['int(11)', 'NOT NULL', 'default', ""'0'""]",True
openemr_postcalendar_events,pc_facility,"['int(11)', 'NOT NULL', 'default', ""'0'"", 'COMMENT', ""'facility id for this event'""]",True
openemr_postcalendar_events,pc_sendalertsms,"['VARCHAR(3)', 'NOT NULL', 'DEFAULT', ""'NO'""]",False
openemr_postcalendar_events,pc_sendalertemail,"['VARCHAR( 3 )', 'NOT NULL', 'DEFAULT', ""'NO'""]",False
openemr_postcalendar_events,pc_billing_location,"['SMALLINT (6)', 'NOT NULL', 'DEFAULT', ""'0'""]",True
openemr_postcalendar_events,pc_room,"['KEY', '`basic_event` (`pc_catid`,`pc_aid`,`pc_eventDate`,`pc_endDate`,`pc_eventstatus`,`pc_sharing`,`pc_topic`)', 'KEY', '`pc_eventDate` (`pc_eventDate`)']",True
patient_access_onsite,id,"['INT', 'NOT NULL', 'AUTO_INCREMENT']",True
patient_access_onsite,pid,['bigint(20)'],True
patient_access_onsite,portal_username,['VARCHAR(100)'],False
patient_access_onsite,portal_pwd,['VARCHAR(255)'],False
patient_access_onsite,portal_pwd_status,"['TINYINT', 'DEFAULT', ""'1'"", 'COMMENT', ""'0=>Password Created Through Demographics by The provider or staff. Patient Should Change it at first time it.1=>Pwd updated or created by patient itself'""]",True
patient_access_onsite,portal_login_username,"['VARCHAR(100)', 'DEFAULT', 'NULL', 'COMMENT', ""'User entered username'""]",False
patient_access_onsite,portal_onetime,['UNIQUE'],False
patient_data,id,"['bigint(20)', 'NOT NULL', 'auto_increment']",True
patient_data,uuid,"['binary(16)', 'DEFAULT', 'NULL']",False
patient_data,title,"['varchar(255)', 'NOT NULL', 'default', ""''""]",False
patient_data,language,"['varchar(255)', 'NOT NULL', 'default', ""''""]",False
patient_data,financial,"['varchar(255)', 'NOT NULL', 'default', ""''""]",False
patient_data,fname,"['varchar(255)', 'NOT NULL', 'default', ""''""]",False
patient_data,lname,"['varchar(255)', 'NOT NULL', 'default', ""''""]",False
patient_data,mname,"['varchar(255)', 'NOT NULL', 'default', ""''""]",False
patient_data,DOB,"['date', 'default', 'NULL']",True
patient_data,street,"['varchar(255)', 'NOT NULL', 'default', ""''""]",False
patient_data,postal_code,"['varchar(255)', 'NOT NULL', 'default', ""''""]",False
patient_data,city,"['varchar(255)', 'NOT NULL', 'default', ""''""]",False
patient_data,state,"['varchar(255)', 'NOT NULL', 'default', ""''""]",False
patient_data,country_code,"['varchar(255)', 'NOT NULL', 'default', ""''""]",False
patient_data,drivers_license,"['varchar(255)', 'NOT NULL', 'default', ""''""]",False
patient_data,ss,"['varchar(255)', 'NOT NULL', 'default', ""''""]",False
patient_data,occupation,['longtext'],True
patient_data,phone_home,"['varchar(255)', 'NOT NULL', 'default', ""''""]",False
patient_data,phone_biz,"['varchar(255)', 'NOT NULL', 'default', ""''""]",False
patient_data,phone_contact,"['varchar(255)', 'NOT NULL', 'default', ""''""]",False
patient_data,phone_cell,"['varchar(255)', 'NOT NULL', 'default', ""''""]",False
patient_data,pharmacy_id,"['int(11)', 'NOT NULL', 'default', ""'0'""]",True
patient_data,status,"['varchar(255)', 'NOT NULL', 'default', ""''""]",False
patient_data,contact_relationship,"['varchar(255)', 'NOT NULL', 'default', ""''""]",False
patient_data,date,"['time', 'default', 'NULL']",True
patient_data,sex,"['varchar(255)', 'NOT NULL', 'default', ""''""]",False
patient_data,referrer,"['varchar(255)', 'NOT NULL', 'default', ""''""]",False
patient_data,referrerID,"['varchar(255)', 'NOT NULL', 'default', ""''""]",False
patient_data,providerID,"['int(11)', 'default', 'NULL']",True
patient_data,ref_providerID,"['int(11)', 'default', 'NULL']",True
patient_data,email,"['varchar(255)', 'NOT NULL', 'default', ""''""]",False
patient_data,email_direct,"['varchar(255)', 'NOT NULL', 'default', ""''""]",False
patient_data,ethnoracial,"['varchar(255)', 'NOT NULL', 'default', ""''""]",False
patient_data,race,"['varchar(255)', 'NOT NULL', 'default', ""''""]",False
patient_data,ethnicity,"['varchar(255)', 'NOT NULL', 'default', ""''""]",False
patient_data,religion,"['varchar(40)', 'NOT NULL', 'default', ""''""]",False
patient_data,interpretter,"['varchar(255)', 'NOT NULL', 'default', ""''""]",False
patient_data,migrantseasonal,"['varchar(255)', 'NOT NULL', 'default', ""''""]",False
patient_data,family_size,"['varchar(255)', 'NOT NULL', 'default', ""''""]",False
patient_data,monthly_income,"['varchar(255)', 'NOT NULL', 'default', ""''""]",False
patient_data,billing_note,['text'],False
patient_data,homeless,"['varchar(255)', 'NOT NULL', 'default', ""''""]",False
patient_data,financial_review,"['datetime', 'default', 'NULL']",True
patient_data,pubpid,"['varchar(255)', 'NOT NULL', 'default', ""''""]",False
patient_data,pid,"['bigint(20)', 'NOT NULL', 'default', ""'0'""]",True
patient_data,genericname1,"['varchar(255)', 'NOT NULL', 'default', ""''""]",False
patient_data,genericval1,"['varchar(255)', 'NOT NULL', 'default', ""''""]",False
patient_data,genericname2,"['varchar(255)', 'NOT NULL', 'default', ""''""]",False
patient_data,genericval2,"['varchar(255)', 'NOT NULL', 'default', ""''""]",False
patient_data,hipaa_mail,"['varchar(3)', 'NOT NULL', 'default', ""''""]",False
patient_data,hipaa_voice,"['varchar(3)', 'NOT NULL', 'default', ""''""]",False
patient_data,hipaa_notice,"['varchar(3)', 'NOT NULL', 'default', ""''""]",False
patient_data,hipaa_message,"['varchar(20)', 'NOT NULL', 'default', ""''""]",False
patient_data,hipaa_allowsms,"['VARCHAR(3)', 'NOT NULL', 'DEFAULT', ""'NO'""]",False
patient_data,hipaa_allowemail,"['VARCHAR(3)', 'NOT NULL', 'DEFAULT', ""'NO'""]",False
patient_data,squad,"['varchar(32)', 'NOT NULL', 'default', ""''""]",False
patient_data,fitness,"['int(11)', 'NOT NULL', 'default', ""'0'""]",True
patient_data,referral_source,"['varchar(30)', 'NOT NULL', 'default', ""''""]",False
patient_data,usertext1,"['varchar(255)', 'NOT NULL', 'DEFAULT', ""''""]",False
patient_data,usertext2,"['varchar(255)', 'NOT NULL', 'DEFAULT', ""''""]",False
patient_data,usertext3,"['varchar(255)', 'NOT NULL', 'DEFAULT', ""''""]",False
patient_data,usertext4,"['varchar(255)', 'NOT NULL', 'DEFAULT', ""''""]",False
patient_data,usertext5,"['varchar(255)', 'NOT NULL', 'DEFAULT', ""''""]",False
patient_data,usertext6,"['varchar(255)', 'NOT NULL', 'DEFAULT', ""''""]",False
patient_data,usertext7,"['varchar(255)', 'NOT NULL', 'DEFAULT', ""''""]",False
patient_data,usertext8,"['varchar(255)', 'NOT NULL', 'DEFAULT', ""''""]",False
patient_data,userlist1,"['varchar(255)', 'NOT NULL', 'DEFAULT', ""''""]",False
patient_data,userlist2,"['varchar(255)', 'NOT NULL', 'DEFAULT', ""''""]",False
patient_data,userlist3,"['varchar(255)', 'NOT NULL', 'DEFAULT', ""''""]",False
patient_data,userlist4,"['varchar(255)', 'NOT NULL', 'DEFAULT', ""''""]",False
patient_data,userlist5,"['varchar(255)', 'NOT NULL', 'DEFAULT', ""''""]",False
patient_data,userlist6,"['varchar(255)', 'NOT NULL', 'DEFAULT', ""''""]",False
patient_data,userlist7,"['varchar(255)', 'NOT NULL', 'DEFAULT', ""''""]",False
patient_data,pricelevel,"['varchar(255)', 'NOT NULL', 'default', ""'standard'""]",False
patient_data,regdate,"['date', 'DEFAULT', 'NULL', 'COMMENT', ""'Registration Date'""]",True
patient_data,contrastart,"['date', 'DEFAULT', 'NULL', 'COMMENT', ""'Date contraceptives initially used'""]",True
patient_data,completed_ad,"['VARCHAR(3)', 'NOT NULL', 'DEFAULT', ""'NO'""]",False
patient_data,ad_reviewed,"['date', 'DEFAULT', 'NULL']",True
patient_data,vfc,"['varchar(255)', 'NOT NULL', 'DEFAULT', ""''""]",False
patient_data,mothersname,"['varchar(255)', 'NOT NULL', 'DEFAULT', ""''""]",False
patient_data,guardiansname,['TEXT'],False
patient_data,allow_imm_reg_use,"['varchar(255)', 'NOT NULL', 'DEFAULT', ""''""]",False
patient_data,allow_imm_info_share,"['varchar(255)', 'NOT NULL', 'DEFAULT', ""''""]",False
patient_data,allow_health_info_ex,"['varchar(255)', 'NOT NULL', 'DEFAULT', ""''""]",False
patient_data,allow_patient_portal,"['varchar(31)', 'NOT NULL', 'DEFAULT', ""''""]",False
patient_data,deceased_date,"['datetime', 'default', 'NULL']",True
patient_data,deceased_reason,"['varchar(255)', 'NOT NULL', 'default', ""''""]",False
patient_data,soap_import_status,"['TINYINT(4)', 'DEFAULT', 'NULL', 'COMMENT', ""'1-Prescription Press 2-Prescription Import 3-Allergy Press 4-Allergy Import'""]",True
patient_data,cmsportal_login,"['varchar(60)', 'NOT NULL', 'default', ""''""]",False
patient_data,care_team_provider,['TEXT'],False
patient_data,care_team_facility,['TEXT'],False
patient_data,county,"['varchar(40)', 'NOT NULL', 'default', ""''""]",False
patient_data,industry,['TEXT'],False
patient_data,imm_reg_status,['TEXT'],False
patient_data,imm_reg_stat_effdate,['TEXT'],False
patient_data,publicity_code,['TEXT'],False
patient_data,publ_code_eff_date,['TEXT'],False
patient_data,protect_indicator,['TEXT'],False
patient_data,prot_indi_effdate,['TEXT'],False
patient_data,guardianrelationship,['TEXT'],False
patient_data,guardiansex,['TEXT'],False
patient_data,guardianaddress,['TEXT'],False
patient_data,guardiancity,['TEXT'],False
patient_data,guardianstate,['TEXT'],False
patient_data,guardianpostalcode,['TEXT'],False
patient_data,guardiancountry,['TEXT'],False
patient_data,guardianphone,['TEXT'],False
patient_data,guardianworkphone,['TEXT'],False
patient_data,guardianemail,['UNIQUE'],False
patient_portal_menu,patient_portal_menu_id,"['INT(11)', 'NOT NULL', 'AUTO_INCREMENT']",True
patient_portal_menu,patient_portal_menu_group_id,"['INT(11)', 'DEFAULT', 'NULL']",True
patient_portal_menu,menu_name,"['VARCHAR(40)', 'DEFAULT', 'NULL']",False
patient_portal_menu,menu_order,"['SMALLINT(4)', 'DEFAULT', 'NULL']",True
patient_portal_menu,menu_status,"['TINYINT(2)', 'DEFAULT', ""'1'""]",True
patient_reminders,id,"['bigint(20)', 'NOT NULL', 'auto_increment']",True
patient_reminders,active,"['tinyint(1)', 'NOT NULL', 'default', '1', 'COMMENT', ""'1 if active and 0 if not active'""]",True
patient_reminders,date_inactivated,"['datetime', 'DEFAULT', 'NULL']",True
patient_reminders,reason_inactivated,"['varchar(31)', 'NOT NULL', 'DEFAULT', ""''"", 'COMMENT', ""'Maps to list_options list rule_reminder_inactive_opt'""]",False
patient_reminders,due_status,"['varchar(31)', 'NOT NULL', 'DEFAULT', ""''"", 'COMMENT', ""'Maps to list_options list rule_reminder_due_opt'""]",False
patient_reminders,pid,"['bigint(20)', 'NOT NULL', 'COMMENT', ""'id from patient_data table'""]",True
patient_reminders,category,"['varchar(31)', 'NOT NULL', 'DEFAULT', ""''"", 'COMMENT', ""'Maps to the category item in the rule_action_item table'""]",False
patient_reminders,item,"['Mapstothecategoryintheruleactiontable', 'varchar(31)', 'NOT NULL', 'DEFAULT', ""''"", 'COMMENT', ""'Maps to the item column in the rule_action_item table'""]",True
patient_reminders,date_created,"['datetime', 'DEFAULT', 'NULL']",True
patient_reminders,date_sent,"['datetime', 'DEFAULT', 'NULL']",True
patient_reminders,voice_status,"['tinyint(1)', 'NOT NULL', 'default', '0', 'COMMENT', ""'0 if not sent and 1 if sent'""]",True
patient_reminders,sms_status,"['tinyint(1)', 'NOT NULL', 'default', '0', 'COMMENT', ""'0 if not sent and 1 if sent'""]",True
patient_reminders,email_status,"['tinyint(1)', 'NOT NULL', 'default', '0', 'COMMENT', ""'0 if not sent and 1 if sent'""]",True
patient_reminders,mail_status,"['KEY', '`pid` (`pid`)', 'KEY', '(`category`,`item`)']",False
patient_tracker,id,"['bigint(20)', 'NOT NULL', 'auto_increment']",True
patient_tracker,date,"['time', 'DEFAULT', 'NULL']",True
patient_tracker,apptdate,"['date', 'DEFAULT', 'NULL']",True
patient_tracker,appttime,"['time', 'DEFAULT', 'NULL']",True
patient_tracker,eid,"['bigint(20)', 'NOT NULL', 'default', ""'0'""]",True
patient_tracker,pid,"['bigint(20)', 'NOT NULL', 'default', ""'0'""]",True
patient_tracker,original_user,"['varchar(255)', 'NOT NULL', 'default', ""''"", 'COMMENT', ""'This is the user that created the original record'""]",False
patient_tracker,encounter,"['bigint(20)', 'NOT NULL', 'default', ""'0'""]",True
patient_tracker,lastseq,"['varchar(4)', 'NOT NULL', 'default', ""''"", 'COMMENT', ""'The element file should contain this number of elements'""]",False
patient_tracker,random_drug_test,"['TINYINT(1)', 'DEFAULT', 'NULL', 'COMMENT', ""'NULL if not randomized. If randomized, 0 is no, 1 is yes'""]",True
patient_tracker,drug_screen_completed,"['KEY', '(`pid`)']",False
patient_tracker_element,pt_tracker_id,"['bigint(20)', 'NOT NULL', 'default', ""'0'"", 'COMMENT', ""'maps to id column in patient_tracker table'""]",True
patient_tracker_element,start_datetime,"['datetime', 'DEFAULT', 'NULL']",True
patient_tracker_element,room,"['varchar(20)', 'NOT NULL', 'default', ""''""]",False
patient_tracker_element,status,"['varchar(31)', 'NOT NULL', 'default', ""''""]",False
patient_tracker_element,seq,"['varchar(4)', 'NOT NULL', 'default', ""''"", 'COMMENT', ""'This is a numerical sequence for this pt_tracker_id events'""]",True
patient_tracker_element,user,"['varchar(255)', 'NOT NULL', 'default', ""''"", 'COMMENT', ""'This is the user that created this element'""]",False
payments,id,"['bigint(20)', 'NOT NULL', 'auto_increment']",True
payments,pid,"['bigint(20)', 'NOT NULL', 'default', ""'0'""]",True
payments,dtime,"['datetime', 'NOT NULL']",True
payments,encounter,"['bigint(20)', 'NOT NULL', 'default', ""'0'""]",True
payments,user,"['varchar(255)', 'default', 'NULL']",False
payments,method,"['varchar(255)', 'default', 'NULL']",False
payments,source,"['varchar(255)', 'default', 'NULL']",False
payments,amount1,"['decimal(12,2)', 'NOT NULL', 'default', ""'0.00'""]",True
payments,amount2,"['decimal(12,2)', 'NOT NULL', 'default', ""'0.00'""]",True
payments,posted1,"['decimal(12,2)', 'NOT NULL', 'default', ""'0.00'""]",True
payments,posted2,"['KEY', '`pid` (`pid`)']",False
payment_gateway_details,id,"['int(11)', 'NOT NULL', 'AUTO_INCREMENT']",True
payment_gateway_details,service_name,"['varchar(100)', 'DEFAULT', 'NULL']",False
payment_gateway_details,login_id,"['varchar(255)', 'DEFAULT', 'NULL']",False
payment_gateway_details,transaction_key,"['varchar(255)', 'DEFAULT', 'NULL']",False
payment_gateway_details,md5,"['varchar(255)', 'DEFAULT', 'NULL']",False
pharmacies,id,"['int(11)', 'NOT NULL', 'default', ""'0'""]",True
pharmacies,name,"['varchar(255)', 'default', 'NULL']",False
pharmacies,transmit_method,"['int(11)', 'NOT NULL', 'default', ""'1'""]",True
pharmacies,email,"['varchar(255)', 'default', 'NULL']",False
pharmacies,ncpdp,"['int(12)', 'DEFAULT', 'NULL']",True
pharmacies,npi,"['int(12)', 'DEFAULT', 'NULL']",True
phone_numbers,id,"['int(11)', 'NOT NULL', 'default', ""'0'""]",True
phone_numbers,country_code,"['varchar(5)', 'default', 'NULL']",False
phone_numbers,area_code,"['char(3)', 'default', 'NULL']",False
phone_numbers,prefix,"['char(3)', 'default', 'NULL']",False
phone_numbers,number,"['varchar(4)', 'default', 'NULL']",False
phone_numbers,type,"['int(11)', 'default', 'NULL']",True
phone_numbers,foreign_id,"['KEY', '`foreign_id` (`foreign_id`)']",False
pnotes,id,"['bigint(20)', 'NOT NULL', 'auto_increment']",True
pnotes,date,"['time', 'default', 'NULL']",True
pnotes,body,['longtext'],True
pnotes,pid,"['bigint(20)', 'default', 'NULL']",True
pnotes,user,"['varchar(255)', 'default', 'NULL']",False
pnotes,groupname,"['varchar(255)', 'default', 'NULL']",False
pnotes,activity,"['tinyint(4)', 'default', 'NULL']",True
pnotes,authorized,"['tinyint(4)', 'default', 'NULL']",True
pnotes,title,"['varchar(255)', 'default', 'NULL']",False
pnotes,assigned_to,"['varchar(255)', 'default', 'NULL']",False
pnotes,deleted,"['tinyint(4)', 'default', '0', 'COMMENT', ""'flag indicates note is deleted'""]",True
pnotes,message_status,"['VARCHAR(20)', 'NOT NULL', 'DEFAULT', ""'New'""]",False
pnotes,portal_relation,"['VARCHAR(100)', 'NULL']",False
pnotes,is_msg_encrypted,"['TINYINT(2)', 'DEFAULT', ""'0'"", 'COMMENT', ""'Whether messsage encrypted 0-Not encrypted, 1-Encrypted'""]",True
pnotes,update_by,"['bigint(20)', 'default', 'NULL']",True
pnotes,update_date,"['KEY', '`pid` (`pid`)']",False
prescriptions,id,"['int(11)', 'NOT NULL', 'auto_increment']",True
prescriptions,uuid,"['binary(16)', 'DEFAULT', 'NULL']",False
prescriptions,patient_id,"['bigint(20)', 'default', 'NULL']",True
prescriptions,filled_by_id,"['int(11)', 'default', 'NULL']",True
prescriptions,pharmacy_id,"['int(11)', 'default', 'NULL']",True
prescriptions,date_added,"['date', 'default', 'NULL']",True
prescriptions,date_modified,"['date', 'default', 'NULL']",True
prescriptions,provider_id,"['int(11)', 'default', 'NULL']",True
prescriptions,encounter,"['int(11)', 'default', 'NULL']",True
prescriptions,start_date,"['date', 'default', 'NULL']",True
prescriptions,drug,"['varchar(150)', 'default', 'NULL']",False
prescriptions,drug_id,"['int(11)', 'NOT NULL', 'default', ""'0'""]",True
prescriptions,rxnorm_drugcode,"['varchar(25)', 'DEFAULT', 'NULL']",False
prescriptions,form,"['int(3)', 'default', 'NULL']",True
prescriptions,dosage,"['varchar(100)', 'default', 'NULL']",False
prescriptions,quantity,"['varchar(31)', 'default', 'NULL']",False
prescriptions,size,"['varchar(25)', 'DEFAULT', 'NULL']",False
prescriptions,unit,"['int(11)', 'default', 'NULL']",True
prescriptions,route,"['int(11)', 'default', 'NULL']",True
prescriptions,interval,"['int(11)', 'default', 'NULL']",True
prescriptions,substitute,"['int(11)', 'default', 'NULL']",True
prescriptions,refills,"['int(11)', 'default', 'NULL']",True
prescriptions,per_refill,"['int(11)', 'default', 'NULL']",True
prescriptions,filled_date,"['date', 'default', 'NULL']",True
prescriptions,medication,"['int(11)', 'default', 'NULL']",True
prescriptions,note,['text'],False
prescriptions,active,"['int(11)', 'NOT NULL', 'default', ""'1'""]",True
prescriptions,datetime,"['DATETIME', 'DEFAULT', 'NULL']",True
prescriptions,user,"['VARCHAR(50)', 'DEFAULT', 'NULL']",False
prescriptions,site,"['VARCHAR(50)', 'DEFAULT', 'NULL']",False
prescriptions,prescriptionguid,"['VARCHAR(50)', 'DEFAULT', 'NULL']",False
prescriptions,erx_source,"['TINYINT(4)', 'NOT NULL', 'DEFAULT', ""'0'"", 'COMMENT', ""'0-OpenEMR 1-External'""]",True
prescriptions,erx_uploaded,"['TINYINT(4)', 'NOT NULL', 'DEFAULT', ""'0'"", 'COMMENT', ""'0-Pending NewCrop upload 1-Uploaded to NewCrop'""]",True
prescriptions,drug_info_erx,['TEXT'],False
prescriptions,external_id,"['VARCHAR(20)', 'DEFAULT', 'NULL']",False
prescriptions,end_date,"['date', 'default', 'NULL']",True
prescriptions,indication,['text'],False
prescriptions,prn,"['VARCHAR(30)', 'DEFAULT', 'NULL']",False
prescriptions,ntx,"['INT(2)', 'DEFAULT', 'NULL']",True
prescriptions,rtx,"['INT(2)', 'DEFAULT', 'NULL']",True
prescriptions,txDate,"['KEY', '`patient_id` (`patient_id`)', 'UNIQUE', 'INDEX', '`uuid` (`uuid`)']",False
prices,pr_id,"['varchar(11)', 'NOT NULL', 'default', ""''""]",False
prices,pr_selector,"['varchar(255)', 'NOT NULL', 'default', ""''"", 'COMMENT', ""'template selector for drugs, empty for codes'""]",False
prices,pr_level,"['varchar(31)', 'NOT NULL', 'default', ""''""]",False
prices,pr_price,"['decimal(12,2)', 'NOT NULL', 'default', ""'0.00'"", 'COMMENT', ""'price in local currency'""]",True
pro_assessments,id,"['int(11)', 'NOT NULL', 'AUTO_INCREMENT']",True
pro_assessments,form_oid,"['varchar(255)', 'NOT NULL', 'COMMENT', ""'unique id for specific instrument, pulled from assessment center API'""]",False
pro_assessments,form_name,"['varchar (255)', 'NOT NULL', 'COMMENT', ""'pulled from assessment center API'""]",False
pro_assessments,user_id,"['int(11)', 'NOT NULL', 'COMMENT', ""'ID for user that orders the form'""]",True
pro_assessments,deadline,"['datetime', 'NOT NULL', 'COMMENT', ""'deadline to complete the form, will be used when sending notification and reminders'""]",True
pro_assessments,patient_id,"['int(11)', 'NOT NULL', 'COMMENT', ""'ID for patient to order the form for'""]",True
pro_assessments,assessment_oid,"['varchar(255)', 'NOT NULL', 'COMMENT', ""'unique id for this specific assessment, pulled from assessment center API'""]",False
pro_assessments,status,"['varchar(255)', 'NOT NULL', 'COMMENT', ""'ordered or completed'""]",False
pro_assessments,score,"['double', 'NOT NULL', 'COMMENT', ""'T-Score for the assessment'""]",True
pro_assessments,error,"['double', 'NOT NULL', 'COMMENT', ""'Standard error for the score'""]",True
pro_assessments,created_at,"['datetime', 'NOT NULL', 'COMMENT', ""'timestamp recording the creation time of this assessment'""]",True
pro_assessments,updated_at,"['datetime', 'NOT NULL', 'COMMENT', ""'this field indicates the completion time when the status is completed'""]",True
registry,name,"['varchar(255)', 'default', 'NULL']",False
registry,state,"['tinyint(4)', 'default', 'NULL']",True
registry,directory,"['varchar(255)', 'default', 'NULL']",False
registry,id,"['bigint(20)', 'NOT NULL', 'auto_increment']",True
registry,sql_run,"['tinyint(4)', 'default', 'NULL']",True
registry,unpackaged,"['tinyint(4)', 'default', 'NULL']",True
registry,date,"['time', 'default', 'NULL']",True
registry,priority,"['int(11)', 'default', ""'0'""]",True
registry,category,"['varchar(255)', 'default', 'NULL']",False
registry,nickname,"['varchar(255)', 'default', 'NULL']",False
registry,patient_encounter,"['TINYINT', 'NOT NULL', 'DEFAULT', ""'1'""]",True
registry,therapy_group_encounter,"['TINYINT', 'NOT NULL', 'DEFAULT', ""'0'""]",True
registry,aco_spec,"['varchar(63)', 'NOT NULL', 'default', ""'encounters|notes'""]",False
report_itemized,report_id,"['bigint(20)', 'NOT NULL']",True
report_itemized,itemized_test_id,"['smallint(6)', 'NOT NULL']",True
report_itemized,numerator_label,"['varchar(25)', 'NOT NULL', 'DEFAULT', ""''"", 'COMMENT', ""'Only used in special cases'""]",False
report_itemized,pass,"['tinyint(1)', 'NOT NULL', 'DEFAULT', ""'0'"", 'COMMENT', ""'0 is fail, 1 is pass, 2 is excluded'""]",True
report_itemized,pid,"['bigint(20)', 'NOT NULL']",True
report_results,report_id,"['bigint(20)', 'NOT NULL']",True
report_results,field_id,"['varchar(31)', 'NOT NULL', 'default', ""''""]",False
report_results,field_value,"['PRIMARY', 'KEY', '(`report_id`,`field_id`)']",False
rule_action,id,"['varchar(31)', 'NOT NULL', 'DEFAULT', ""''"", 'COMMENT', ""'Maps to the id column in the clinical_rules table'""]",False
rule_action,group_id,"['bigint(20)', 'NOT NULL', 'DEFAULT', '1', 'COMMENT', ""'Contains group id to identify collection of targets in a rule'""]",True
rule_action,category,"['varchar(31)', 'NOT NULL', 'DEFAULT', ""''"", 'COMMENT', ""'Maps to the category item in the rule_action_item table'""]",False
rule_action,item,"['Mapstothecategoryintheruleactiontable', 'varchar(31)', 'NOT NULL', 'DEFAULT', ""''"", 'COMMENT', ""'Maps to the item column in the rule_action_item table'""]",True
rule_action_item,category,"['varchar(31)', 'NOT NULL', 'DEFAULT', ""''"", 'COMMENT', ""'Maps to list_options list rule_action_category'""]",False
rule_action_item,item,"['varchar(31)', 'NOT NULL', 'DEFAULT', ""''"", 'COMMENT', ""'Maps to list_options list rule_action'""]",False
rule_action_item,clin_rem_link,"['varchar(255)', 'NOT NULL', 'DEFAULT', ""''"", 'COMMENT', ""'Custom html link in clinical reminder widget'""]",False
rule_action_item,reminder_message,"['TEXT', 'COMMENT', ""'Custom message in patient reminder'""]",False
rule_action_item,custom_flag,"['tinyint(1)', 'NOT NULL', 'default', '0', 'COMMENT', ""'1 indexed to rule_patient_data, 0 indexed within main schema'""]",True
rule_filter,id,"['varchar(31)', 'NOT NULL', 'DEFAULT', ""''"", 'COMMENT', ""'Maps to the id column in the clinical_rules table'""]",False
rule_filter,include_flag,"['tinyint(1)', 'NOT NULL', 'default', '0', 'COMMENT', ""'0 is exclude and 1 is include'""]",True
rule_filter,required_flag,"['tinyint(1)', 'NOT NULL', 'default', '0', 'COMMENT', ""'0 is required and 1 is optional'""]",True
rule_filter,method,"['varchar(31)', 'NOT NULL', 'DEFAULT', ""''"", 'COMMENT', ""'Maps to list_options list rule_filters'""]",False
rule_filter,method_detail,"['varchar(31)', 'NOT NULL', 'DEFAULT', ""''"", 'COMMENT', ""'Maps to list_options lists rule__intervals'""]",True
rule_filter,value,"['varchar(255)', 'NOT NULL', 'DEFAULT', ""''""]",False
rule_patient_data,id,"['bigint(20)', 'NOT NULL', 'auto_increment']",True
rule_patient_data,date,"['time', 'DEFAULT', 'NULL']",True
rule_patient_data,pid,"['bigint(20)', 'NOT NULL']",True
rule_patient_data,category,"['varchar(31)', 'NOT NULL', 'DEFAULT', ""''"", 'COMMENT', ""'Maps to the category item in the rule_action_item table'""]",False
rule_patient_data,item,"['Mapstothecategoryintheruleactiontable', 'varchar(31)', 'NOT NULL', 'DEFAULT', ""''"", 'COMMENT', ""'Maps to the item column in the rule_action_item table'""]",True
rule_patient_data,complete,"['varchar(31)', 'NOT NULL', 'DEFAULT', ""''"", 'COMMENT', ""'Maps to list_options list yesno'""]",False
rule_patient_data,result,"['KEY', '(`category`,`item`)']",False
rule_reminder,id,"['varchar(31)', 'NOT NULL', 'DEFAULT', ""''"", 'COMMENT', ""'Maps to the id column in the clinical_rules table'""]",False
rule_reminder,method,"['varchar(31)', 'NOT NULL', 'DEFAULT', ""''"", 'COMMENT', ""'Maps to list_options list rule_reminder_methods'""]",False
rule_reminder,method_detail,"['varchar(31)', 'NOT NULL', 'DEFAULT', ""''"", 'COMMENT', ""'Maps to list_options list rule_reminder_intervals'""]",True
rule_reminder,value,"['varchar(255)', 'NOT NULL', 'DEFAULT', ""''""]",False
rule_target,id,"['varchar(31)', 'NOT NULL', 'DEFAULT', ""''"", 'COMMENT', ""'Maps to the id column in the clinical_rules table'""]",False
rule_target,group_id,"['bigint(20)', 'NOT NULL', 'DEFAULT', '1', 'COMMENT', ""'Contains group id to identify collection of targets in a rule'""]",True
rule_target,include_flag,"['tinyint(1)', 'NOT NULL', 'default', '0', 'COMMENT', ""'0 is exclude and 1 is include'""]",True
rule_target,required_flag,"['tinyint(1)', 'NOT NULL', 'default', '0', 'COMMENT', ""'0 is required and 1 is optional'""]",True
rule_target,method,"['varchar(31)', 'NOT NULL', 'DEFAULT', ""''"", 'COMMENT', ""'Maps to list_options list rule_targets'""]",False
rule_target,value,"['varchar(255)', 'NOT NULL', 'DEFAULT', ""''"", 'COMMENT', ""'Data is dependent on the method'""]",False
rule_target,interval,"['bigint(20)', 'NOT NULL', 'DEFAULT', '0', 'COMMENT', ""'Only used in interval entries'""]",True
sequences,id,"['int(11)', 'unsigned', 'NOT NULL', 'default', ""'0'""]",True
session_tracker,uuid,"['binary(16)', 'NOT NULL', 'DEFAULT', ""''""]",False
session_tracker,created,"['timestamp', 'NULL']",True
session_tracker,last_updated,"['timestamp', 'NULL']",True
supported_external_dataloads,load_id,['SERIAL'],False
supported_external_dataloads,load_type,"['varchar(24)', 'NOT NULL', 'DEFAULT', ""''""]",False
supported_external_dataloads,load_source,"['varchar(24)', 'NOT NULL', 'DEFAULT', ""'CMS'""]",False
supported_external_dataloads,load_release_date,"['date', 'NOT NULL']",True
supported_external_dataloads,load_filename,"['varchar(256)', 'NOT NULL', 'DEFAULT', ""''""]",False
supported_external_dataloads,load_checksum,"['varchar(32)', 'NOT NULL', 'DEFAULT', ""''""]",False
transactions,id,"['bigint(20)', 'NOT NULL', 'auto_increment']",True
transactions,date,"['time', 'default', 'NULL']",True
transactions,title,"['varchar(255)', 'NOT NULL', 'DEFAULT', ""''""]",False
transactions,pid,"['bigint(20)', 'default', 'NULL']",True
transactions,user,"['varchar(255)', 'NOT NULL', 'DEFAULT', ""''""]",False
transactions,groupname,"['varchar(255)', 'NOT NULL', 'DEFAULT', ""''""]",False
transactions,authorized,"['KEY', '`pid` (`pid`)']",False
users,id,"['bigint(20)', 'NOT NULL', 'auto_increment']",True
users,uuid,"['binary(16)', 'DEFAULT', 'NULL']",False
users,username,"['varchar(255)', 'default', 'NULL']",False
users,password,['longtext'],True
users,authorized,"['tinyint(4)', 'default', 'NULL']",True
users,info,['longtext'],True
users,source,"['tinyint(4)', 'default', 'NULL']",True
users,fname,"['varchar(255)', 'default', 'NULL']",False
users,mname,"['varchar(255)', 'default', 'NULL']",False
users,lname,"['varchar(255)', 'default', 'NULL']",False
users,suffix,"['varchar(255)', 'default', 'NULL']",False
users,federaltaxid,"['varchar(255)', 'default', 'NULL']",False
users,federaldrugid,"['varchar(255)', 'default', 'NULL']",False
users,upin,"['varchar(255)', 'default', 'NULL']",False
users,facility,"['varchar(255)', 'default', 'NULL']",False
users,facility_id,"['int(11)', 'NOT NULL', 'default', ""'0'""]",True
users,see_auth,"['int(11)', 'NOT NULL', 'default', ""'1'""]",True
users,active,"['tinyint(1)', 'NOT NULL', 'default', ""'1'""]",True
users,npi,"['varchar(15)', 'default', 'NULL']",False
users,title,"['varchar(30)', 'default', 'NULL']",False
users,specialty,"['varchar(255)', 'default', 'NULL']",False
users,billname,"['varchar(255)', 'default', 'NULL']",False
users,email,"['varchar(255)', 'default', 'NULL']",False
users,email_direct,"['varchar(255)', 'NOT NULL', 'default', ""''""]",False
users,url,"['varchar(255)', 'default', 'NULL']",False
users,assistant,"['varchar(255)', 'default', 'NULL']",False
users,organization,"['varchar(255)', 'default', 'NULL']",False
users,valedictory,"['varchar(255)', 'default', 'NULL']",False
users,street,"['varchar(60)', 'default', 'NULL']",False
users,streetb,"['varchar(60)', 'default', 'NULL']",False
users,city,"['varchar(30)', 'default', 'NULL']",False
users,state,"['varchar(30)', 'default', 'NULL']",False
users,zip,"['varchar(20)', 'default', 'NULL']",False
users,street2,"['varchar(60)', 'default', 'NULL']",False
users,streetb2,"['varchar(60)', 'default', 'NULL']",False
users,city2,"['varchar(30)', 'default', 'NULL']",False
users,state2,"['varchar(30)', 'default', 'NULL']",False
users,zip2,"['varchar(20)', 'default', 'NULL']",False
users,phone,"['varchar(30)', 'default', 'NULL']",False
users,fax,"['varchar(30)', 'default', 'NULL']",False
users,phonew1,"['varchar(30)', 'default', 'NULL']",False
users,phonew2,"['varchar(30)', 'default', 'NULL']",False
users,phonecell,"['varchar(30)', 'default', 'NULL']",False
users,notes,['text'],False
users,cal_ui,"['tinyint(4)', 'NOT NULL', 'default', ""'1'""]",True
users,taxonomy,"['varchar(30)', 'NOT NULL', 'DEFAULT', ""'207Q00000X'""]",False
users,calendar,"['TINYINT(1)', 'NOT NULL', 'DEFAULT', '0', 'COMMENT', ""'1 = appears in calendar'""]",True
users,abook_type,"['varchar(31)', 'NOT NULL', 'DEFAULT', ""''""]",False
users,default_warehouse,"['varchar(31)', 'NOT NULL', 'DEFAULT', ""''""]",False
users,irnpool,"['varchar(31)', 'NOT NULL', 'DEFAULT', ""''""]",False
users,state_license_number,"['VARCHAR(25)', 'DEFAULT', 'NULL']",False
users,weno_prov_id,"['VARCHAR(15)', 'DEFAULT', 'NULL']",False
users,newcrop_user_role,"['VARCHAR(30)', 'DEFAULT', 'NULL']",False
users,cpoe,"['tinyint(1)', 'NULL', 'DEFAULT', 'NULL']",True
users,physician_type,"['VARCHAR(50)', 'DEFAULT', 'NULL']",False
users,main_menu_role,"['VARCHAR(50)', 'NOT NULL', 'DEFAULT', ""'standard'""]",False
users,patient_menu_role,"['VARCHAR(50)', 'NOT NULL', 'DEFAULT', ""'standard'""]",False
users,portal_user,"['tinyint(1)', 'NOT NULL', 'DEFAULT', ""'0'""]",True
users,supervisor_id,"['int(11)', 'NOT NULL', 'DEFAULT', ""'0'"", 'UNIQUE', 'KEY', '`uuid` (`uuid`)']",True
users_secure,id,"['bigint(20)', 'NOT NULL']",True
users_secure,username,"['varchar(255)', 'DEFAULT', 'NULL']",False
users_secure,password,['varchar(255)'],False
users_secure,last_update_password,"['datetime', 'DEFAULT', 'NULL']",True
users_secure,last_update,"['timestamp', 'NOT NULL', 'DEFAULT', 'CURRENT_TIMESTAMP', 'ON', 'UPDATE', 'CURRENT_TIMESTAMP']",True
users_secure,password_history1,['varchar(255)'],False
users_secure,password_history2,['varchar(255)'],False
users_secure,password_history3,['varchar(255)'],False
users_secure,password_history4,['varchar(255)'],False
users_secure,last_challenge_response,"['datetime', 'DEFAULT', 'NULL']",True
users_secure,login_work_area,['text'],False
users_secure,login_fail_counter,['UNIQUE'],False
user_settings,setting_user,"['bigint(20)', 'NOT NULL', 'DEFAULT', '0']",True
user_settings,setting_label,"['varchar(100)', 'NOT NULL']",False
user_settings,setting_value,"['varchar(255)', 'NOT NULL', 'DEFAULT', ""''""]",False
uuid_mapping,id,"['bigint(20)', 'NOT NULL', 'AUTO_INCREMENT']",True
uuid_mapping,uuid,"['binary(16)', 'NOT NULL', 'DEFAULT', ""''""]",False
uuid_mapping,resource,"['varchar(255)', 'NOT NULL', 'DEFAULT', ""''""]",False
uuid_mapping,table,"['varchar(255)', 'NOT NULL', 'DEFAULT', ""''""]",False
uuid_mapping,target_uuid,"['binary(16)', 'NOT NULL', 'DEFAULT', ""''""]",False
uuid_mapping,created,"['KEY', '`uuid` (`uuid`)', 'KEY', '`resource` (`resource`)', 'KEY', '`table` (`table`)', 'KEY', '`target_uuid` (`target_uuid`)']",False
uuid_registry,uuid,"['binary(16)', 'NOT NULL', 'DEFAULT', ""''""]",False
uuid_registry,table_name,"['varchar(255)', 'NOT NULL', 'DEFAULT', ""''""]",False
uuid_registry,table_id,"['varchar(255)', 'NOT NULL', 'DEFAULT', ""''""]",False
uuid_registry,table_vertical,"['varchar(255)', 'NOT NULL', 'DEFAULT', ""''""]",False
uuid_registry,couchdb,"['varchar(255)', 'NOT NULL', 'DEFAULT', ""''""]",False
uuid_registry,document_drive,"['tinyint(4)', 'NOT NULL', 'DEFAULT', ""'0'""]",True
uuid_registry,mapped,"['tinyint(4)', 'NOT NULL', 'DEFAULT', ""'0'""]",True
uuid_registry,created,"['timestamp', 'NULL']",True
voids,void_id,"['bigint(20)', 'NOT NULL', 'AUTO_INCREMENT']",True
voids,patient_id,"['bigint(20)', 'NOT NULL', 'COMMENT', ""'references patient_data.pid'""]",True
voids,encounter_id,"['bigint(20)', 'NOT NULL', 'DEFAULT', '0', 'COMMENT', ""'references form_encounter.encounter'""]",True
voids,what_voided,"['varchar(31)', 'NOT NULL', 'COMMENT', ""'checkout,receipt and maybe other options later'""]",False
voids,date_original,"['datetime', 'DEFAULT', 'NULL', 'COMMENT', ""'time of original action that is now voided'""]",True
voids,date_voided,"['datetime', 'NOT NULL', 'COMMENT', ""'time of void action'""]",True
voids,user_id,"['bigint(20)', 'NOT NULL', 'COMMENT', ""'references users.id'""]",True
voids,amount1,"['decimal(12,2)', 'NOT NULL', 'DEFAULT', '0', 'COMMENT', ""'for checkout,receipt total voided adjustments'""]",True
voids,amount2,"['decimal(12,2)', 'NOT NULL', 'DEFAULT', '0', 'COMMENT', ""'for checkout,receipt total voided payments'""]",True
voids,other_info,"['KEY', 'datevoided (date_voided)', 'KEY', 'pidenc (patient_id, encounter_id)']",True
x12_partners,id,"['int(11)', 'NOT NULL', 'default', ""'0'""]",True
x12_partners,name,"['varchar(255)', 'default', 'NULL']",False
x12_partners,id_number,"['varchar(255)', 'default', 'NULL']",False
x12_partners,x12_sender_id,"['varchar(255)', 'default', 'NULL']",False
x12_partners,x12_receiver_id,"['varchar(255)', 'default', 'NULL']",False
x12_partners,processing_format,"[""enum('standard','medi-cal','cms','proxymed','oa_eligibility','availity_eligibility')"", 'default', 'NULL']",True
x12_partners,x12_isa01,"['VARCHAR( 2 )', 'NOT NULL', 'DEFAULT', ""'00'"", 'COMMENT', ""'User logon Required Indicator'""]",False
x12_partners,x12_isa02,"['VARCHAR( 10 )', 'NOT NULL', 'DEFAULT', ""'          '"", 'COMMENT', ""'User Logon'""]",False
x12_partners,x12_isa03,"['VARCHAR( 2 )', 'NOT NULL', 'DEFAULT', ""'00'"", 'COMMENT', ""'User password required Indicator'""]",False
x12_partners,x12_isa04,"['VARCHAR( 10 )', 'NOT NULL', 'DEFAULT', ""'          '"", 'COMMENT', ""'User Password'""]",False
x12_partners,x12_isa05,"['char(2)', 'NOT NULL', 'DEFAULT', ""'ZZ'""]",False
x12_partners,x12_isa07,"['char(2)', 'NOT NULL', 'DEFAULT', ""'ZZ'""]",False
x12_partners,x12_isa14,"['char(1)', 'NOT NULL', 'DEFAULT', ""'0'""]",False
x12_partners,x12_isa15,"['char(1)', 'NOT NULL', 'DEFAULT', ""'P'""]",False
x12_partners,x12_gs02,"['varchar(15)', 'NOT NULL', 'DEFAULT', ""''""]",False
x12_partners,x12_per06,"['varchar(80)', 'NOT NULL', 'DEFAULT', ""''""]",False
x12_partners,x12_dtp03,"['char(1)', 'NOT NULL', 'DEFAULT', ""'A'""]",False
automatic_notification,notification_id,"['int(5)', 'NOT NULL', 'auto_increment']",True
automatic_notification,sms_gateway_type,"['varchar(255)', 'NOT NULL']",False
automatic_notification,provider_name,"['varchar(100)', 'NOT NULL']",False
automatic_notification,message,['text'],False
automatic_notification,email_sender,"['varchar(100)', 'NOT NULL']",False
automatic_notification,email_subject,"['varchar(100)', 'NOT NULL']",False
automatic_notification,type,"[""enum('SMS','Email')"", 'NOT NULL', 'default', ""'SMS'""]",True
notification_log,iLogId,"['int(11)', 'NOT NULL', 'auto_increment']",True
notification_log,pid,"['bigint(20)', 'NOT NULL']",True
notification_log,pc_eid,"['int(11)', 'unsigned', 'NULL']",True
notification_log,sms_gateway_type,"['varchar(50)', 'NOT NULL']",False
notification_log,smsgateway_info,"['varchar(255)', 'NOT NULL']",False
notification_log,message,['text'],False
notification_log,email_sender,"['varchar(255)', 'NOT NULL']",False
notification_log,email_subject,"['varchar(255)', 'NOT NULL']",False
notification_log,type,"[""enum('SMS','Email')"", 'NOT NULL']",True
notification_log,patient_info,['text'],False
notification_log,pc_eventDate,"['date', 'NOT NULL']",True
notification_log,pc_endDate,"['date', 'NOT NULL']",True
notification_log,pc_startTime,"['time', 'NOT NULL']",True
notification_log,pc_endTime,"['time', 'NOT NULL']",True
notification_log,dSentDateTime,"['datetime', 'NOT NULL']",True
notification_settings,SettingsId,"['int(3)', 'NOT NULL', 'auto_increment']",True
notification_settings,Send_SMS_Before_Hours,"['int(3)', 'NOT NULL']",True
notification_settings,Send_Email_Before_Hours,"['int(3)', 'NOT NULL']",True
notification_settings,SMS_gateway_username,"['varchar(100)', 'NOT NULL']",False
notification_settings,SMS_gateway_password,"['varchar(100)', 'NOT NULL']",False
notification_settings,SMS_gateway_apikey,"['varchar(100)', 'NOT NULL']",False
notification_settings,type,"['varchar(50)', 'NOT NULL']",False
chart_tracker,ct_pid,"['int(11)', 'NOT NULL']",True
chart_tracker,ct_when,"['datetime', 'NOT NULL']",True
chart_tracker,ct_userid,"['bigint(20)', 'NOT NULL', 'DEFAULT', '0']",True
chart_tracker,ct_location,"['varchar(31)', 'NOT NULL', 'DEFAULT', ""''""]",False
ar_session,session_id,"['int', 'unsigned', 'NOT NULL', 'AUTO_INCREMENT']",True
ar_session,payer_id,"['int(11)', 'NOT NULL', 'COMMENT', ""'0=pt else references insurance_companies.id'""]",True
ar_session,user_id,"['int(11)', 'NOT NULL', 'COMMENT', ""'references users.id for session owner'""]",True
ar_session,closed,"['tinyint(1)', 'NOT NULL', 'DEFAULT', '0', 'COMMENT', ""'0=no, 1=yes'""]",True
ar_session,reference,"['varchar(255)', 'NOT NULL', 'DEFAULT', ""''"", 'COMMENT', ""'check or EOB number'""]",False
ar_session,check_date,"['date', 'DEFAULT', 'NULL']",True
ar_session,deposit_date,"['date', 'DEFAULT', 'NULL']",True
ar_session,pay_total,"['decimal(12,2)', 'NOT NULL', 'DEFAULT', '0']",True
ar_session,created_time,"['timestamp', 'NOT NULL', 'default', 'CURRENT_TIMESTAMP']",True
ar_session,modified_time,"['datetime', 'NOT NULL']",True
ar_session,global_amount,"['decimal( 12, 2 )', 'NOT NULL']",True
ar_session,payment_type,"['varchar( 50 )', 'NOT NULL']",False
ar_session,description,['text'],False
ar_session,adjustment_code,"['varchar( 50 )', 'NOT NULL']",False
ar_session,post_to_date,"['date', 'NOT NULL']",True
ar_session,patient_id,"['bigint(20)', 'NOT NULL']",True
ar_session,payment_method,"['KEY', 'user_closed (user_id, closed)', 'KEY', 'deposit_date (deposit_date)']",True
ar_activity,pid,"['int(11)', 'NOT NULL']",True
ar_activity,encounter,"['int(11)', 'NOT NULL']",True
ar_activity,sequence_no,"['int', 'unsigned', 'NOT NULL', 'COMMENT', ""'Ar_activity sequence_no, incremented in code'""]",True
ar_activity,code_type,"['varchar(12)', 'NOT NULL', 'DEFAULT', ""''""]",False
ar_activity,code,"['varchar(20)', 'NOT NULL', 'COMMENT', ""'empty means claim level'""]",False
ar_activity,modifier,"['varchar(12)', 'NOT NULL', 'DEFAULT', ""''""]",False
ar_activity,payer_type,"['int', 'NOT NULL', 'COMMENT', ""'0=pt, 1=ins1, 2=ins2, etc'""]",True
ar_activity,post_time,"['datetime', 'NOT NULL']",True
ar_activity,post_user,"['int(11)', 'NOT NULL', 'COMMENT', ""'references users.id'""]",True
ar_activity,session_id,"['int', 'unsigned', 'NOT NULL', 'COMMENT', ""'references ar_session.session_id'""]",True
ar_activity,memo,"['varchar(255)', 'NOT NULL', 'DEFAULT', ""''"", 'COMMENT', ""'adjustment reasons go here'""]",False
ar_activity,pay_amount,"['decimal(12,2)', 'NOT NULL', 'DEFAULT', '0', 'COMMENT', ""'either pay or adj will always be 0'""]",True
ar_activity,adj_amount,"['decimal(12,2)', 'NOT NULL', 'DEFAULT', '0']",True
ar_activity,modified_time,"['datetime', 'NOT NULL']",True
ar_activity,follow_up,"['char(1)', 'NOT NULL']",False
ar_activity,follow_up_note,['text'],False
ar_activity,account_code,"['varchar(15)', 'NOT NULL']",False
ar_activity,reason_code,"['varchar(255)', 'DEFAULT', 'NULL', 'COMMENT', ""'Use as needed to show the primary payer adjustment reason code'""]",False
ar_activity,deleted,"['KEY', 'session_id (session_id)']",False
users_facility,tablename,"['varchar(64)', 'NOT NULL']",False
users_facility,table_id,"['int(11)', 'NOT NULL']",True
users_facility,facility_id,"['int(11)', 'NOT NULL']",True
lbf_data,form_id,"['int(11)', 'NOT NULL', 'AUTO_INCREMENT', 'COMMENT', ""'references forms.form_id'""]",True
lbf_data,field_id,"['varchar(31)', 'NOT NULL', 'COMMENT', ""'references layout_options.field_id'""]",False
lbf_data,field_value,['LONGTEXT'],True
lbt_data,form_id,"['bigint(20)', 'NOT NULL', 'COMMENT', ""'references transactions.id'""]",True
lbt_data,field_id,"['varchar(31)', 'NOT NULL', 'COMMENT', ""'references layout_options.field_id'""]",False
lbt_data,field_value,"['PRIMARY', 'KEY', '(`form_id`,`field_id`)']",False
gprelations,type1,"['int(2)', 'NOT NULL']",True
gprelations,id1,"['bigint(20)', 'NOT NULL']",True
gprelations,type2,"['int(2)', 'NOT NULL']",True
gprelations,id2,"['KEY', 'key2  (type2,id2)']",False
procedure_providers,ppid,"['bigint(20)', 'NOT NULL', 'auto_increment']",True
procedure_providers,name,"['varchar(255)', 'NOT NULL', 'DEFAULT', ""''""]",False
procedure_providers,npi,"['varchar(15)', 'NOT NULL', 'DEFAULT', ""''""]",False
procedure_providers,send_app_id,"['varchar(255)', 'NOT NULL', 'DEFAULT', ""''"", 'COMMENT', ""'Sending application ID (MSH-3.1)'""]",False
procedure_providers,send_fac_id,"['varchar(255)', 'NOT NULL', 'DEFAULT', ""''"", 'COMMENT', ""'Sending facility ID (MSH-4.1)'""]",False
procedure_providers,recv_app_id,"['varchar(255)', 'NOT NULL', 'DEFAULT', ""''"", 'COMMENT', ""'Receiving application ID (MSH-5.1)'""]",False
procedure_providers,recv_fac_id,"['varchar(255)', 'NOT NULL', 'DEFAULT', ""''"", 'COMMENT', ""'Receiving facility ID (MSH-6.1)'""]",False
procedure_providers,DorP,"['char(1)', 'NOT NULL', 'DEFAULT', ""'D'"", 'COMMENT', ""'Debugging or Production (MSH-11)'""]",False
procedure_providers,direction,"['char(1)', 'NOT NULL', 'DEFAULT', ""'B'"", 'COMMENT', ""'Bidirectional or Results-only'""]",False
procedure_providers,protocol,"['varchar(15)', 'NOT NULL', 'DEFAULT', ""'DL'""]",False
procedure_providers,remote_host,"['varchar(255)', 'NOT NULL', 'DEFAULT', ""''""]",False
procedure_providers,login,"['varchar(255)', 'NOT NULL', 'DEFAULT', ""''""]",False
procedure_providers,password,"['varchar(255)', 'NOT NULL', 'DEFAULT', ""''""]",False
procedure_providers,orders_path,"['varchar(255)', 'NOT NULL', 'DEFAULT', ""''""]",False
procedure_providers,results_path,"['varchar(255)', 'NOT NULL', 'DEFAULT', ""''""]",False
procedure_providers,notes,['text'],False
procedure_providers,lab_director,"['bigint(20)', 'NOT NULL', 'DEFAULT', ""'0'""]",True
procedure_providers,active,"['tinyint(1)', 'NOT NULL', 'DEFAULT', ""'1'""]",True
procedure_type,procedure_type_id,"['bigint(20)', 'NOT NULL', 'AUTO_INCREMENT']",True
procedure_type,parent,"['bigint(20)', 'NOT NULL', 'DEFAULT', '0', 'COMMENT', ""'references procedure_type.procedure_type_id'""]",True
procedure_type,name,"['varchar(63)', 'NOT NULL', 'DEFAULT', ""''"", 'COMMENT', ""'name for this category, procedure or result type'""]",False
procedure_type,lab_id,"['bigint(20)', 'NOT NULL', 'DEFAULT', '0', 'COMMENT', ""'references procedure_providers.ppid, 0 means default to parent'""]",True
procedure_type,procedure_code,"['varchar(31)', 'NOT NULL', 'DEFAULT', ""''"", 'COMMENT', ""'code identifying this procedure'""]",False
procedure_type,procedure_type,"['varchar(31)', 'NOT NULL', 'DEFAULT', ""''"", 'COMMENT', ""'see list proc_type'""]",False
procedure_type,body_site,"['varchar(31)', 'NOT NULL', 'DEFAULT', ""''"", 'COMMENT', ""'where to do injection, e.g. arm, buttock'""]",False
procedure_type,specimen,"['varchar(31)', 'NOT NULL', 'DEFAULT', ""''"", 'COMMENT', ""'blood, urine, saliva, etc.'""]",False
procedure_type,route_admin,"['varchar(31)', 'NOT NULL', 'DEFAULT', ""''"", 'COMMENT', ""'oral, injection'""]",False
procedure_type,laterality,"['varchar(31)', 'NOT NULL', 'DEFAULT', ""''"", 'COMMENT', ""'left, right, ...'""]",False
procedure_type,description,"['varchar(255)', 'NOT NULL', 'DEFAULT', ""''"", 'COMMENT', ""'descriptive text for procedure_code'""]",False
procedure_type,standard_code,"['varchar(255)', 'NOT NULL', 'DEFAULT', ""''"", 'COMMENT', ""'industry standard code type and code (e.g. CPT4:12345)'""]",False
procedure_type,related_code,"['varchar(255)', 'NOT NULL', 'DEFAULT', ""''"", 'COMMENT', ""'suggested code(s) for followup services if result is abnormal'""]",False
procedure_type,units,"['varchar(31)', 'NOT NULL', 'DEFAULT', ""''"", 'COMMENT', ""'default for procedure_result.units'""]",False
procedure_type,range,"['varchar(255)', 'NOT NULL', 'DEFAULT', ""''"", 'COMMENT', ""'default for procedure_result.range'""]",False
procedure_type,seq,"['int(11)', 'NOT NULL', 'default', '0', 'COMMENT', ""'sequence number for ordering'""]",True
procedure_type,activity,"['tinyint(1)', 'NOT NULL', 'default', '1', 'COMMENT', ""'1=active, 0=inactive'""]",True
procedure_type,notes,"['KEY', 'parent (parent)']",False
procedure_questions,lab_id,"['bigint(20)', 'NOT NULL', 'DEFAULT', '0', 'COMMENT', ""'references procedure_providers.ppid to identify the lab'""]",True
procedure_questions,procedure_code,"['varchar(31)', 'NOT NULL', 'DEFAULT', ""''"", 'COMMENT', ""'references procedure_type.procedure_code to identify this order type'""]",False
procedure_questions,question_code,"['varchar(31)', 'NOT NULL', 'DEFAULT', ""''"", 'COMMENT', ""'code identifying this question'""]",False
procedure_questions,seq,"['int(11)', 'NOT NULL', 'default', '0', 'COMMENT', ""'sequence number for ordering'""]",True
procedure_questions,question_text,"['varchar(255)', 'NOT NULL', 'DEFAULT', ""''"", 'COMMENT', ""'descriptive text for question_code'""]",False
procedure_questions,required,"['tinyint(1)', 'NOT NULL', 'DEFAULT', '0', 'COMMENT', ""'1 = required, 0 = not'""]",True
procedure_questions,maxsize,"['int', 'NOT NULL', 'DEFAULT', '0', 'COMMENT', ""'maximum length if text input field'""]",True
procedure_questions,fldtype,"['char(1)', 'NOT NULL', 'DEFAULT', ""'T'"", 'COMMENT', ""'Text, Number, Select, Multiselect, Date, Gestational-age'""]",True
procedure_questions,options,"['text', 'COMMENT', ""'choices for fldtype S and T'""]",False
procedure_questions,tips,"['varchar(255)', 'NOT NULL', 'DEFAULT', ""''"", 'COMMENT', ""'Additional instructions for answering the question'""]",False
procedure_questions,activity,"['tinyint(1)', 'NOT NULL', 'DEFAULT', '1', 'COMMENT', ""'1 = active, 0 = inactive'""]",True
procedure_order,procedure_order_id,"['bigint(20)', 'NOT NULL', 'AUTO_INCREMENT']",True
procedure_order,uuid,"['binary(16)', 'DEFAULT', 'NULL']",False
procedure_order,provider_id,"['bigint(20)', 'NOT NULL', 'DEFAULT', '0', 'COMMENT', ""'references users.id, the ordering provider'""]",True
procedure_order,patient_id,"['bigint(20)', 'NOT NULL', 'COMMENT', ""'references patient_data.pid'""]",True
procedure_order,encounter_id,"['bigint(20)', 'NOT NULL', 'DEFAULT', '0', 'COMMENT', ""'references form_encounter.encounter'""]",True
procedure_order,date_collected,"['datetime', 'DEFAULT', 'NULL', 'COMMENT', ""'time specimen collected'""]",True
procedure_order,date_ordered,"['date', 'DEFAULT', 'NULL']",True
procedure_order,order_priority,"['varchar(31)', 'NOT NULL', 'DEFAULT', ""''""]",False
procedure_order,order_status,"['varchar(31)', 'NOT NULL', 'DEFAULT', ""''"", 'COMMENT', ""'pending,routed,complete,canceled'""]",False
procedure_order,patient_instructions,['text'],False
procedure_order,activity,"['tinyint(1)', 'NOT NULL', 'DEFAULT', '1', 'COMMENT', ""'0 if deleted'""]",True
procedure_order,control_id,"['varchar(255)', 'NOT NULL', 'DEFAULT', ""''"", 'COMMENT', ""'This is the CONTROL ID that is sent back from lab'""]",False
procedure_order,lab_id,"['bigint(20)', 'NOT NULL', 'DEFAULT', '0', 'COMMENT', ""'references procedure_providers.ppid'""]",True
procedure_order,specimen_type,"['varchar(31)', 'NOT NULL', 'DEFAULT', ""''"", 'COMMENT', ""'from the Specimen_Type list'""]",False
procedure_order,specimen_location,"['varchar(31)', 'NOT NULL', 'DEFAULT', ""''"", 'COMMENT', ""'from the Specimen_Location list'""]",False
procedure_order,specimen_volume,"['varchar(30)', 'NOT NULL', 'DEFAULT', ""''"", 'COMMENT', ""'from a text input field'""]",False
procedure_order,date_transmitted,"['datetime', 'DEFAULT', 'NULL', 'COMMENT', ""'time of order transmission, null if unsent'""]",True
procedure_order,clinical_hx,"['varchar(255)', 'NOT NULL', 'DEFAULT', ""''"", 'COMMENT', ""'clinical history text that may be relevant to the order'""]",False
procedure_order,external_id,"['varchar(20)', 'DEFAULT', 'NULL']",False
procedure_order,history_order,"[""enum('0','1')"", 'DEFAULT', ""'0'"", 'COMMENT', ""'references order is added for history purpose only.'""]",True
procedure_order,order_diagnosis,['UNIQUE'],False
procedure_order_code,procedure_order_id,"['bigint(20)', 'NOT NULL', 'COMMENT', ""'references procedure_order.procedure_order_id'""]",True
procedure_order_code,procedure_order_seq,"['int(11)', 'NOT NULL', 'COMMENT', ""'Supports multiple tests per order. Procedure_order_seq, incremented in code'""]",True
procedure_order_code,procedure_code,"['varchar(31)', 'NOT NULL', 'DEFAULT', ""''"", 'COMMENT', ""'like procedure_type.procedure_code'""]",False
procedure_order_code,procedure_name,"['varchar(255)', 'NOT NULL', 'DEFAULT', ""''"", 'COMMENT', ""'descriptive name of the procedure code'""]",False
procedure_order_code,procedure_source,"['char(1)', 'NOT NULL', 'DEFAULT', ""'1'"", 'COMMENT', ""'1=original order, 2=added after order sent'""]",False
procedure_order_code,diagnoses,"['text', 'COMMENT', ""'diagnoses and maybe other coding (e.g. ICD9:111.11)'""]",False
procedure_order_code,do_not_send,"['tinyint(1)', 'NOT NULL', 'DEFAULT', ""'0'"", 'COMMENT', ""'0 = normal, 1 = do not transmit to lab'""]",True
procedure_order_code,procedure_order_title,"['varchar( 255 )', 'NULL', 'DEFAULT', 'NULL']",False
procedure_answers,procedure_order_id,"['bigint(20)', 'NOT NULL', 'DEFAULT', '0', 'COMMENT', ""'references procedure_order.procedure_order_id'""]",True
procedure_answers,procedure_order_seq,"['int(11)', 'NOT NULL', 'DEFAULT', '0', 'COMMENT', ""'references procedure_order_code.procedure_order_seq'""]",True
procedure_answers,question_code,"['varchar(31)', 'NOT NULL', 'DEFAULT', ""''"", 'COMMENT', ""'references procedure_questions.question_code'""]",False
procedure_answers,answer_seq,"['int(11)', 'NOT NULL', 'COMMENT', ""'supports multiple-choice questions. answer_seq, incremented in code'""]",True
procedure_answers,answer,"['supportsmultiplechoicequestionsseq', 'varchar(255)', 'NOT NULL', 'DEFAULT', ""''"", 'COMMENT', ""'answer data'""]",False
procedure_report,procedure_report_id,"['bigint(20)', 'NOT NULL', 'AUTO_INCREMENT']",True
procedure_report,procedure_order_id,"['bigint(20)', 'DEFAULT', 'NULL', 'COMMENT', ""'references procedure_order.procedure_order_id'""]",True
procedure_report,procedure_order_seq,"['int(11)', 'NOT NULL', 'DEFAULT', '1', 'COMMENT', ""'references procedure_order_code.procedure_order_seq'""]",True
procedure_report,date_collected,"['datetime', 'DEFAULT', 'NULL']",True
procedure_report,date_collected_tz,"['varchar(5)', 'DEFAULT', ""''"", 'COMMENT', ""'+-hhmm offset from UTC'""]",True
procedure_report,date_report,"['datetime', 'DEFAULT', 'NULL']",True
procedure_report,date_report_tz,"['varchar(5)', 'DEFAULT', ""''"", 'COMMENT', ""'+-hhmm offset from UTC'""]",True
procedure_report,source,"['bigint(20)', 'NOT NULL', 'DEFAULT', '0', 'COMMENT', ""'references users.id, who entered this data'""]",True
procedure_report,specimen_num,"['varchar(63)', 'NOT NULL', 'DEFAULT', ""''""]",False
procedure_report,report_status,"['varchar(31)', 'NOT NULL', 'DEFAULT', ""''"", 'COMMENT', ""'received,complete,error'""]",False
procedure_report,review_status,"['varchar(31)', 'NOT NULL', 'DEFAULT', ""'received'"", 'COMMENT', ""'pending review status: received,reviewed'""]",False
procedure_report,report_notes,"['KEY', 'procedure_order_id (procedure_order_id)']",False
procedure_result,procedure_result_id,"['bigint(20)', 'NOT NULL', 'AUTO_INCREMENT']",True
procedure_result,uuid,"['binary(16)', 'DEFAULT', 'NULL']",False
procedure_result,procedure_report_id,"['bigint(20)', 'NOT NULL', 'COMMENT', ""'references procedure_report.procedure_report_id'""]",True
procedure_result,result_data_type,"['char(1)', 'NOT NULL', 'DEFAULT', ""'S'"", 'COMMENT', ""'N=Numeric, S=String, F=Formatted, E=External, L=Long text as first line of comments'""]",True
procedure_result,result_code,"['varchar(31)', 'NOT NULL', 'DEFAULT', ""''"", 'COMMENT', ""'LOINC code, might match a procedure_type.procedure_code'""]",False
procedure_result,result_text,"['varchar(255)', 'NOT NULL', 'DEFAULT', ""''"", 'COMMENT', ""'Description of result_code'""]",False
procedure_result,date,"['time', 'DEFAULT', 'NULL', 'COMMENT', ""'lab-provided date specific to this result'""]",True
procedure_result,facility,"['varchar(255)', 'NOT NULL', 'DEFAULT', ""''"", 'COMMENT', ""'lab-provided testing facility ID'""]",False
procedure_result,units,"['varchar(31)', 'NOT NULL', 'DEFAULT', ""''""]",False
procedure_result,result,"['varchar(255)', 'NOT NULL', 'DEFAULT', ""''""]",False
procedure_result,range,"['varchar(255)', 'NOT NULL', 'DEFAULT', ""''""]",False
procedure_result,abnormal,"['varchar(31)', 'NOT NULL', 'DEFAULT', ""''"", 'COMMENT', ""'no,yes,high,low'""]",False
procedure_result,comments,"['text', 'COMMENT', ""'comments from the lab'""]",False
procedure_result,document_id,"['bigint(20)', 'NOT NULL', 'DEFAULT', '0', 'COMMENT', ""'references documents.id if this result is a document'""]",True
procedure_result,result_status,['UNIQUE'],False
globals,gl_name,"['varchar(63)', 'NOT NULL']",False
globals,gl_index,"['int(11)', 'NOT NULL', 'DEFAULT', '0']",True
globals,gl_value,"['varchar(255)', 'NOT NULL', 'DEFAULT', ""''""]",False
code_types,ct_key,"['varchar(15)', 'NOT NULL', 'COMMENT', ""'short alphanumeric name'""]",True
code_types,ct_id,"['int(11)', 'UNIQUE', 'NOT NULL', 'COMMENT', ""'numeric identifier'""]",True
code_types,ct_seq,"['int(11)', 'NOT NULL', 'DEFAULT', '0', 'COMMENT', ""'sort order'""]",True
code_types,ct_mod,"['int(11)', 'NOT NULL', 'DEFAULT', '0', 'COMMENT', ""'length of modifier field'""]",True
code_types,ct_just,"['varchar(15)', 'NOT NULL', 'DEFAULT', ""''"", 'COMMENT', ""'ct_key of justify type, if any'""]",False
code_types,ct_mask,"['varchar(9)', 'NOT NULL', 'DEFAULT', ""''"", 'COMMENT', ""'formatting mask for code values'""]",False
code_types,ct_fee,"['tinyint(1)', 'NOT NULL', 'default', '0', 'COMMENT', ""'1 if fees are used'""]",True
code_types,ct_rel,"['tinyint(1)', 'NOT NULL', 'default', '0', 'COMMENT', ""'1 if can relate to other code types'""]",True
code_types,ct_nofs,"['tinyint(1)', 'NOT NULL', 'default', '0', 'COMMENT', ""'1 if to be hidden in the fee sheet'""]",True
code_types,ct_diag,"['tinyint(1)', 'NOT NULL', 'default', '0', 'COMMENT', ""'1 if this is a diagnosis type'""]",True
code_types,ct_active,"['tinyint(1)', 'NOT NULL', 'default', '1', 'COMMENT', ""'1 if this is active'""]",True
code_types,ct_label,"['varchar(31)', 'NOT NULL', 'default', ""''"", 'COMMENT', ""'label of this code type'""]",False
code_types,ct_external,"['tinyint(1)', 'NOT NULL', 'default', '0', 'COMMENT', ""'0 if stored codes in codes tables, 1 or greater if codes stored in external tables'""]",True
code_types,ct_claim,"['tinyint(1)', 'NOT NULL', 'default', '0', 'COMMENT', ""'1 if this is used in claims'""]",True
code_types,ct_proc,"['tinyint(1)', 'NOT NULL', 'default', '0', 'COMMENT', ""'1 if this is a procedure type'""]",True
code_types,ct_term,"['tinyint(1)', 'NOT NULL', 'default', '0', 'COMMENT', ""'1 if this is a clinical term'""]",True
code_types,ct_problem,"['tinyint(1)', 'NOT NULL', 'default', '0', 'COMMENT', ""'1 if this code type is used as a medical problem'""]",True
code_types,ct_drug,"['tinyint(1)', 'NOT NULL', 'default', '0', 'COMMENT', ""'1 if this code type is used as a medication'""]",True
extended_log,id,"['bigint(20)', 'NOT NULL', 'auto_increment']",True
extended_log,date,"['time', 'default', 'NULL']",True
extended_log,event,"['varchar(255)', 'default', 'NULL']",False
extended_log,user,"['varchar(255)', 'default', 'NULL']",False
extended_log,recipient,"['varchar(255)', 'default', 'NULL']",False
extended_log,description,['longtext'],True
extended_log,patient_id,"['KEY', '`patient_id` (`patient_id`)']",False
customlists,cl_list_slno,"['int(10)', 'unsigned', 'NOT NULL', 'AUTO_INCREMENT']",True
customlists,cl_list_id,"['int(10)', 'unsigned', 'NOT NULL', 'COMMENT', ""'ID OF THE lIST FOR NEW TAKE SELECT MAX(cl_list_id)+1'""]",True
customlists,cl_list_item_id,"['int(10)', 'unsigned', 'DEFAULT', 'NULL', 'COMMENT', ""'ID OF THE lIST FOR NEW TAKE SELECT MAX(cl_list_item_id)+1'""]",True
customlists,cl_list_type,"['int(10)', 'unsigned', 'NOT NULL', 'COMMENT', ""'0=>List Name 1=>list items 2=>Context 3=>Template 4=>Sentence 5=> SavedTemplate 6=>CustomButton'""]",True
customlists,cl_list_item_short,"['varchar(10)', 'DEFAULT', 'NULL']",False
customlists,cl_list_item_long,['text'],False
customlists,cl_list_item_level,"['int(11)', 'DEFAULT', 'NULL', 'COMMENT', ""'Flow level for List Designation'""]",True
customlists,cl_order,"['int(11)', 'DEFAULT', 'NULL']",True
customlists,cl_deleted,"['tinyint(1)', 'DEFAULT', ""'0'""]",True
customlists,cl_creator,"['int(11)', 'DEFAULT', 'NULL']",True
template_users,tu_id,"['int(11)', 'NOT NULL', 'AUTO_INCREMENT']",True
template_users,tu_user_id,"['int(11)', 'DEFAULT', 'NULL']",True
template_users,tu_facility_id,"['int(11)', 'DEFAULT', 'NULL']",True
template_users,tu_template_id,"['int(11)', 'DEFAULT', 'NULL']",True
template_users,tu_template_order,['UNIQUE'],False
product_warehouse,pw_drug_id,"['int(11)', 'NOT NULL']",True
product_warehouse,pw_warehouse,"['varchar(31)', 'NOT NULL']",False
product_warehouse,pw_min_level,"['float', 'DEFAULT', '0']",True
product_warehouse,pw_max_level,"['float', 'DEFAULT', '0']",True
misc_address_book,id,"['bigint(20)', 'NOT NULL', 'AUTO_INCREMENT']",True
misc_address_book,fname,"['varchar(255)', 'DEFAULT', 'NULL']",False
misc_address_book,mname,"['varchar(255)', 'DEFAULT', 'NULL']",False
misc_address_book,lname,"['varchar(255)', 'DEFAULT', 'NULL']",False
misc_address_book,street,"['varchar(60)', 'DEFAULT', 'NULL']",False
misc_address_book,city,"['varchar(30)', 'DEFAULT', 'NULL']",False
misc_address_book,state,"['varchar(30)', 'DEFAULT', 'NULL']",False
misc_address_book,zip,"['varchar(20)', 'DEFAULT', 'NULL']",False
misc_address_book,phone,"['varchar(30)', 'DEFAULT', 'NULL']",False
esign_signatures,id,"['int(11)', 'NOT NULL', 'AUTO_INCREMENT']",True
esign_signatures,tid,"['int(11)', 'NOT NULL', 'COMMENT', ""'Table row ID for signature'""]",True
esign_signatures,table,"['varchar(255)', 'NOT NULL', 'COMMENT', ""'table name for the signature'""]",False
esign_signatures,uid,"['int(11)', 'NOT NULL', 'COMMENT', ""'user id for the signing user'""]",True
esign_signatures,datetime,"['NOT NULL', 'COMMENT', ""'datetime of the signature action'""]",True
esign_signatures,is_lock,"['tinyint(1)', 'NOT NULL', 'DEFAULT', ""'0'"", 'COMMENT', ""'sig, lock or amendment'""]",True
esign_signatures,amendment,"['lockor', 'text', 'COMMENT', ""'amendment text, if any'""]",False
esign_signatures,hash,"['varchar(255)', 'NOT NULL', 'COMMENT', ""'hash of signed data'""]",False
esign_signatures,signature_hash,"['KEY', '`tid` (`tid`)', 'KEY', '`table` (`table`)']",False
log_comment_encrypt,id,"['int(11)', 'NOT NULL', 'AUTO_INCREMENT']",True
log_comment_encrypt,log_id,"['int(11)', 'NOT NULL']",True
log_comment_encrypt,encrypt,"[""enum('Yes','No')"", 'NOT NULL', 'DEFAULT', ""'No'""]",True
log_comment_encrypt,checksum,"['longtext', 'apilongtext']",True
log_comment_encrypt,checksum_api,['longtext'],True
log_comment_encrypt,version,"['tinyint(4)', 'NOT NULL', 'DEFAULT', ""'0'"", 'COMMENT', ""'0 for mycrypt and 1 for openssl'""]",True
shared_attributes,pid,"['bigint(20)', 'NOT NULL']",True
shared_attributes,encounter,"['bigint(20)', 'NOT NULL', 'COMMENT', ""'0 if patient attribute, else encounter attribute'""]",True
shared_attributes,field_id,"['varchar(31)', 'NOT NULL', 'COMMENT', ""'references layout_options.field_id'""]",False
shared_attributes,last_update,"['datetime', 'NOT NULL', 'COMMENT', ""'time of last update'""]",True
shared_attributes,user_id,"['bigint(20)', 'NOT NULL', 'COMMENT', ""'user who last updated'""]",True
shared_attributes,field_value,"['PRIMARY', 'KEY', '(`pid`, `encounter`, `field_id`)']",False
ccda_components,ccda_components_id,"['int(11)', 'NOT NULL', 'AUTO_INCREMENT']",True
ccda_components,ccda_components_field,"['varchar(100)', 'DEFAULT', 'NULL']",False
ccda_components,ccda_components_name,"['varchar(100)', 'DEFAULT', 'NULL']",False
ccda_components,ccda_type,"['int(11)', 'NOT NULL', 'COMMENT', ""'0=>sections,1=>components'""]",True
ccda_sections,ccda_sections_id,"['int(11)', 'NOT NULL', 'AUTO_INCREMENT']",True
ccda_sections,ccda_components_id,"['int(11)', 'DEFAULT', 'NULL']",True
ccda_sections,ccda_sections_field,"['varchar(100)', 'DEFAULT', 'NULL']",False
ccda_sections,ccda_sections_name,"['varchar(100)', 'DEFAULT', 'NULL']",False
ccda_sections,ccda_sections_req_mapping,"['tinyint(4)', 'NOT NULL', 'DEFAULT', ""'1'""]",True
ccda_field_mapping,id,"['int(11)', 'NOT NULL', 'AUTO_INCREMENT']",True
ccda_field_mapping,table_id,"['int(11)', 'DEFAULT', 'NULL']",True
ccda_field_mapping,ccda_field,"['varchar(100)', 'DEFAULT', 'NULL']",False
ccda,id,"['INT(11)', 'NOT NULL', 'AUTO_INCREMENT']",True
ccda,uuid,"['binary(16)', 'DEFAULT', 'NULL']",False
ccda,pid,"['BIGINT(20)', 'DEFAULT', 'NULL']",True
ccda,encounter,"['BIGINT(20)', 'DEFAULT', 'NULL']",True
ccda,ccda_data,"['MEDIUMTEXT', 'time', 'VARCHAR(50)', 'DEFAULT', 'NULL']",True
ccda,status,"['SMALLINT(6)', 'DEFAULT', 'NULL']",True
ccda,updated_date,"['TIMESTAMP', 'NOT NULL', 'DEFAULT', 'CURRENT_TIMESTAMP', 'ON', 'UPDATE', 'CURRENT_TIMESTAMP']",True
ccda,user_id,"['VARCHAR(50)', 'null']",False
ccda,couch_docid,"['VARCHAR(100)', 'NULL']",False
ccda,couch_revid,"['VARCHAR(100)', 'NULL']",False
ccda,hash,"['varchar(255)', 'DEFAULT', 'NULL']",False
ccda,view,"['tinyint(4)', 'NOT NULL', 'DEFAULT', ""'0'""]",True
ccda,transfer,"['tinyint(4)', 'NOT NULL', 'DEFAULT', ""'0'""]",True
ccda,emr_transfer,"['tinyint(4)', 'NOT NULL', 'DEFAULT', ""'0'""]",True
ccda,encrypted,['UNIQUE'],False
ccda_table_mapping,id,"['int(11)', 'NOT NULL', 'AUTO_INCREMENT']",True
ccda_table_mapping,ccda_component,"['varchar(100)', 'DEFAULT', 'NULL']",False
ccda_table_mapping,ccda_component_section,"['varchar(100)', 'DEFAULT', 'NULL']",False
ccda_table_mapping,form_dir,"['varchar(100)', 'DEFAULT', 'NULL']",False
ccda_table_mapping,form_type,"['smallint(6)', 'DEFAULT', 'NULL']",True
ccda_table_mapping,form_table,"['varchar(100)', 'DEFAULT', 'NULL']",False
ccda_table_mapping,user_id,"['int(11)', 'DEFAULT', 'NULL']",True
ccda_table_mapping,deleted,"['timestamp', 'timestamp', 'NOT NULL', 'DEFAULT', 'CURRENT_TIMESTAMP', 'ON', 'UPDATE', 'CURRENT_TIMESTAMP']",True
external_procedures,ep_id,"['int(11)', 'NOT NULL', 'AUTO_INCREMENT']",True
external_procedures,ep_date,"['date', 'DEFAULT', 'NULL']",True
external_procedures,ep_code_type,"['varchar(20)', 'DEFAULT', 'NULL']",False
external_procedures,ep_code,"['varchar(9)', 'DEFAULT', 'NULL']",False
external_procedures,ep_pid,"['int(11)', 'DEFAULT', 'NULL']",True
external_procedures,ep_encounter,"['int(11)', 'DEFAULT', 'NULL']",True
external_procedures,ep_code_text,['longtext'],True
external_procedures,ep_facility_id,"['varchar(255)', 'DEFAULT', 'NULL']",False
external_procedures,ep_external_id,"['varchar(255)', 'DEFAULT', 'NULL']",False
external_encounters,ee_id,"['int(11)', 'NOT NULL', 'AUTO_INCREMENT']",True
external_encounters,ee_date,"['date', 'DEFAULT', 'NULL']",True
external_encounters,ee_pid,"['int(11)', 'DEFAULT', 'NULL']",True
external_encounters,ee_provider_id,"['varchar(255)', 'DEFAULT', 'NULL']",False
external_encounters,ee_facility_id,"['varchar(255)', 'DEFAULT', 'NULL']",False
external_encounters,ee_encounter_diagnosis,"['varchar(255)', 'DEFAULT', 'NULL']",False
external_encounters,ee_external_id,"['varchar(255)', 'DEFAULT', 'NULL']",False
form_care_plan,id,"['bigint(20)', 'NOT NULL']",True
form_care_plan,date,"['date', 'DEFAULT', 'NULL']",True
form_care_plan,pid,"['bigint(20)', 'DEFAULT', 'NULL']",True
form_care_plan,encounter,"['varchar(255)', 'DEFAULT', 'NULL']",False
form_care_plan,user,"['varchar(255)', 'DEFAULT', 'NULL']",False
form_care_plan,groupname,"['varchar(255)', 'DEFAULT', 'NULL']",False
form_care_plan,authorized,"['tinyint(4)', 'DEFAULT', 'NULL']",True
form_care_plan,activity,"['tinyint(4)', 'DEFAULT', 'NULL']",True
form_care_plan,code,"['varchar(255)', 'DEFAULT', 'NULL']",False
form_care_plan,codetext,['text'],False
form_care_plan,description,['text'],False
form_care_plan,external_id,"['varchar(30)', 'DEFAULT', 'NULL']",False
form_care_plan,care_plan_type,"['varchar(30)', 'DEFAULT', 'NULL']",False
form_functional_cognitive_status,id,"['bigint(20)', 'NOT NULL']",True
form_functional_cognitive_status,date,"['date', 'DEFAULT', 'NULL']",True
form_functional_cognitive_status,pid,"['bigint(20)', 'DEFAULT', 'NULL']",True
form_functional_cognitive_status,encounter,"['varchar(255)', 'DEFAULT', 'NULL']",False
form_functional_cognitive_status,user,"['varchar(255)', 'DEFAULT', 'NULL']",False
form_functional_cognitive_status,groupname,"['varchar(255)', 'DEFAULT', 'NULL']",False
form_functional_cognitive_status,authorized,"['tinyint(4)', 'DEFAULT', 'NULL']",True
form_functional_cognitive_status,activity,"['tinyint(4)', 'DEFAULT', 'NULL']",True
form_functional_cognitive_status,code,"['varchar(255)', 'DEFAULT', 'NULL']",False
form_functional_cognitive_status,codetext,['text'],False
form_functional_cognitive_status,description,['text'],False
form_functional_cognitive_status,external_id,"['varchar(30)', 'DEFAULT', 'NULL']",False
form_observation,id,"['bigint(20)', 'NOT NULL']",True
form_observation,date,"['DATE', 'DEFAULT', 'NULL']",True
form_observation,pid,"['bigint(20)', 'DEFAULT', 'NULL']",True
form_observation,encounter,"['varchar(255)', 'DEFAULT', 'NULL']",False
form_observation,user,"['varchar(255)', 'DEFAULT', 'NULL']",False
form_observation,groupname,"['varchar(255)', 'DEFAULT', 'NULL']",False
form_observation,authorized,"['tinyint(4)', 'DEFAULT', 'NULL']",True
form_observation,activity,"['tinyint(4)', 'DEFAULT', 'NULL']",True
form_observation,code,"['varchar(255)', 'DEFAULT', 'NULL']",False
form_observation,observation,"['varchar(255)', 'DEFAULT', 'NULL']",False
form_observation,ob_value,['varchar(255)'],False
form_observation,ob_unit,['varchar(255)'],False
form_observation,description,['varchar(255)'],False
form_observation,code_type,['varchar(255)'],False
form_observation,table_code,['varchar(255)'],False
form_clinical_instructions,id,"['int(11)', 'NOT NULL', 'AUTO_INCREMENT']",True
form_clinical_instructions,pid,"['bigint(20)', 'DEFAULT', 'NULL']",True
form_clinical_instructions,encounter,"['varchar(255)', 'DEFAULT', 'NULL']",False
form_clinical_instructions,user,"['varchar(255)', 'DEFAULT', 'NULL']",False
form_clinical_instructions,instruction,['text'],False
form_clinical_instructions,date,"['timestamp', 'NOT NULL', 'DEFAULT', 'CURRENT_TIMESTAMP', 'ON', 'UPDATE', 'CURRENT_TIMESTAMP']",True
form_clinical_instructions,activity,"['TINYINT', 'DEFAULT', '1', 'NULL']",True
valueset,nqf_code,"['varchar(255)', 'NOT NULL', 'DEFAULT', ""''""]",False
valueset,code,"['varchar(255)', 'NOT NULL', 'DEFAULT', ""''""]",False
valueset,code_system,"['varchar(255)', 'NOT NULL', 'DEFAULT', ""''""]",False
valueset,code_type,"['varchar(255)', 'DEFAULT', 'NULL']",False
valueset,valueset,"['varchar(255)', 'NOT NULL', 'DEFAULT', ""''""]",False
valueset,description,"['varchar(255)', 'DEFAULT', 'NULL']",False
valueset,valueset_name,"['varchar(500)', 'DEFAULT', 'NULL']",False
immunization_observation,imo_id,"['int(11)', 'NOT NULL', 'AUTO_INCREMENT']",True
immunization_observation,imo_im_id,"['int(11)', 'NOT NULL']",True
immunization_observation,imo_pid,"['int(11)', 'DEFAULT', 'NULL']",True
immunization_observation,imo_criteria,"['varchar(255)', 'DEFAULT', 'NULL']",False
immunization_observation,imo_criteria_value,"['varchar(255)', 'DEFAULT', 'NULL']",False
immunization_observation,imo_user,"['int(11)', 'DEFAULT', 'NULL']",True
immunization_observation,imo_code,"['varchar(255)', 'DEFAULT', 'NULL']",False
immunization_observation,imo_codetext,"['varchar(255)', 'DEFAULT', 'NULL']",False
immunization_observation,imo_codetype,"['varchar(255)', 'DEFAULT', 'NULL']",False
immunization_observation,imo_vis_date_published,"['date', 'DEFAULT', 'NULL']",True
immunization_observation,imo_vis_date_presented,"['date', 'DEFAULT', 'NULL']",True
immunization_observation,imo_date_observation,"['timestamp', 'NOT NULL', 'DEFAULT', 'CURRENT_TIMESTAMP']",True
calendar_external,id,"['INT', 'NOT NULL', 'AUTO_INCREMENT']",True
calendar_external,date,"['DATE', 'NOT NULL']",True
calendar_external,description,"['VARCHAR(45)', 'NOT NULL']",False
calendar_external,source,"['VARCHAR(45)', 'NULL']",False
form_eye_mag_dispense,id,"['bigint(20)', 'NOT NULL', 'AUTO_INCREMENT']",True
form_eye_mag_dispense,date,"['TIMESTAMP', 'NOT NULL', 'DEFAULT', 'CURRENT_TIMESTAMP']",True
form_eye_mag_dispense,encounter,"['bigint(20)', 'NULL']",True
form_eye_mag_dispense,pid,"['bigint(20)', 'DEFAULT', 'NULL']",True
form_eye_mag_dispense,user,"['varchar(255)', 'DEFAULT', 'NULL']",False
form_eye_mag_dispense,groupname,"['varchar(255)', 'DEFAULT', 'NULL']",False
form_eye_mag_dispense,authorized,"['tinyint(4)', 'DEFAULT', 'NULL']",True
form_eye_mag_dispense,activity,"['tinyint(4)', 'DEFAULT', 'NULL']",True
form_eye_mag_dispense,REFDATE,"['DATETIME', 'NULL', 'DEFAULT', 'NULL']",True
form_eye_mag_dispense,REFTYPE,"['varchar(10)', 'DEFAULT', 'NULL']",False
form_eye_mag_dispense,RXTYPE,"['varchar(20)', 'DEFAULT', 'NULL']",False
form_eye_mag_dispense,ODSPH,"['varchar(10)', 'DEFAULT', 'NULL']",False
form_eye_mag_dispense,ODCYL,"['varchar(10)', 'DEFAULT', 'NULL']",False
form_eye_mag_dispense,ODAXIS,"['varchar(10)', 'DEFAULT', 'NULL']",False
form_eye_mag_dispense,OSSPH,"['varchar(10)', 'DEFAULT', 'NULL']",False
form_eye_mag_dispense,OSCYL,"['varchar(10)', 'DEFAULT', 'NULL']",False
form_eye_mag_dispense,OSAXIS,"['varchar(10)', 'DEFAULT', 'NULL']",False
form_eye_mag_dispense,ODMIDADD,"['varchar(10)', 'DEFAULT', 'NULL']",False
form_eye_mag_dispense,OSMIDADD,"['varchar(10)', 'DEFAULT', 'NULL']",False
form_eye_mag_dispense,ODADD,"['varchar(10)', 'DEFAULT', 'NULL']",False
form_eye_mag_dispense,OSADD,"['varchar(10)', 'DEFAULT', 'NULL']",False
form_eye_mag_dispense,ODHPD,"['varchar(20)', 'DEFAULT', 'NULL']",False
form_eye_mag_dispense,ODHBASE,"['varchar(20)', 'DEFAULT', 'NULL']",False
form_eye_mag_dispense,ODVPD,"['varchar(20)', 'DEFAULT', 'NULL']",False
form_eye_mag_dispense,ODVBASE,"['varchar(20)', 'DEFAULT', 'NULL']",False
form_eye_mag_dispense,ODSLABOFF,"['varchar(20)', 'DEFAULT', 'NULL']",False
form_eye_mag_dispense,ODVERTEXDIST,"['varchar(20)', 'DEFAULT', 'NULL']",False
form_eye_mag_dispense,OSHPD,"['varchar(20)', 'DEFAULT', 'NULL']",False
form_eye_mag_dispense,OSHBASE,"['varchar(20)', 'DEFAULT', 'NULL']",False
form_eye_mag_dispense,OSVPD,"['varchar(20)', 'DEFAULT', 'NULL']",False
form_eye_mag_dispense,OSVBASE,"['varchar(20)', 'DEFAULT', 'NULL']",False
form_eye_mag_dispense,OSSLABOFF,"['varchar(20)', 'DEFAULT', 'NULL']",False
form_eye_mag_dispense,OSVERTEXDIST,"['varchar(20)', 'DEFAULT', 'NULL']",False
form_eye_mag_dispense,ODMPDD,"['varchar(20)', 'DEFAULT', 'NULL']",False
form_eye_mag_dispense,ODMPDN,"['varchar(20)', 'DEFAULT', 'NULL']",False
form_eye_mag_dispense,OSMPDD,"['varchar(20)', 'DEFAULT', 'NULL']",False
form_eye_mag_dispense,OSMPDN,"['varchar(20)', 'DEFAULT', 'NULL']",False
form_eye_mag_dispense,BPDD,"['varchar(20)', 'DEFAULT', 'NULL']",False
form_eye_mag_dispense,BPDN,"['varchar(20)', 'DEFAULT', 'NULL']",False
form_eye_mag_dispense,LENS_MATERIAL,"['varchar(20)', 'DEFAULT', 'NULL']",False
form_eye_mag_dispense,LENS_TREATMENTS,"['varchar(100)', 'DEFAULT', 'NULL']",False
form_eye_mag_dispense,CTLMANUFACTUREROD,"['varchar(25)', 'DEFAULT', 'NULL']",False
form_eye_mag_dispense,CTLMANUFACTUREROS,"['varchar(25)', 'DEFAULT', 'NULL']",False
form_eye_mag_dispense,CTLSUPPLIEROD,"['varchar(25)', 'DEFAULT', 'NULL']",False
form_eye_mag_dispense,CTLSUPPLIEROS,"['varchar(25)', 'DEFAULT', 'NULL']",False
form_eye_mag_dispense,CTLBRANDOD,"['varchar(50)', 'DEFAULT', 'NULL']",False
form_eye_mag_dispense,CTLBRANDOS,"['varchar(50)', 'DEFAULT', 'NULL']",False
form_eye_mag_dispense,CTLODQUANTITY,"['varchar(255)', 'DEFAULT', 'NULL']",False
form_eye_mag_dispense,CTLOSQUANTITY,"['varchar(255)', 'DEFAULT', 'NULL']",False
form_eye_mag_dispense,ODDIAM,"['varchar(50)', 'DEFAULT', 'NULL']",False
form_eye_mag_dispense,ODBC,"['varchar(50)', 'DEFAULT', 'NULL']",False
form_eye_mag_dispense,OSDIAM,"['varchar(50)', 'DEFAULT', 'NULL']",False
form_eye_mag_dispense,OSBC,"['varchar(50)', 'DEFAULT', 'NULL']",False
form_eye_mag_dispense,RXCOMMENTS,['text'],False
form_eye_mag_dispense,COMMENTS,['UNIQUE'],False
form_eye_mag_prefs,PEZONE,"['varchar(25)', 'DEFAULT', 'NULL']",False
form_eye_mag_prefs,LOCATION,"['varchar(25)', 'DEFAULT', 'NULL']",False
form_eye_mag_prefs,LOCATION_text,"['varchar(25)', 'NOT NULL']",False
form_eye_mag_prefs,id,"['bigint(20)', 'DEFAULT', 'NULL']",True
form_eye_mag_prefs,selection,"['varchar(255)', 'DEFAULT', 'NULL']",False
form_eye_mag_prefs,ZONE_ORDER,"['int(11)', 'DEFAULT', 'NULL']",True
form_eye_mag_prefs,GOVALUE,"['varchar(10)', 'DEFAULT', ""'0'""]",False
form_eye_mag_prefs,ordering,"['smallint(6)', 'DEFAULT', 'NULL']",True
form_eye_mag_prefs,FILL_ACTION,"['varchar(10)', 'NOT NULL', 'DEFAULT', ""'ADD'""]",False
form_eye_mag_prefs,GORIGHT,"['varchar(50)', 'NOT NULL']",False
form_eye_mag_prefs,GOLEFT,"['varchar(50)', 'NOT NULL']",False
form_eye_mag_prefs,UNSPEC,"['varchar(50)', 'NOT NULL', 'UNIQUE']",False
form_eye_mag_orders,id,"['bigint(20)', 'NOT NULL', 'AUTO_INCREMENT']",True
form_eye_mag_orders,form_id,"['int(20)', 'NOT NULL']",True
form_eye_mag_orders,pid,"['bigint(20)', 'NOT NULL']",True
form_eye_mag_orders,ORDER_DETAILS,"['varchar(255)', 'NOT NULL']",False
form_eye_mag_orders,ORDER_STATUS,"['varchar(50)', 'DEFAULT', 'NULL']",False
form_eye_mag_orders,ORDER_PRIORITY,"['varchar(50)', 'DEFAULT', 'NULL']",False
form_eye_mag_orders,ORDER_DATE_PLACED,"['date', 'NOT NULL']",True
form_eye_mag_orders,ORDER_PLACED_BYWHOM,"['varchar(50)', 'DEFAULT', 'NULL']",False
form_eye_mag_orders,ORDER_DATE_COMPLETED,"['date', 'DEFAULT', 'NULL']",True
form_eye_mag_orders,ORDER_COMPLETED_BYWHOM,['UNIQUE'],False
form_eye_mag_impplan,id,"['int(11)', 'NOT NULL', 'AUTO_INCREMENT']",True
form_eye_mag_impplan,form_id,"['bigint(20)', 'NOT NULL']",True
form_eye_mag_impplan,pid,"['bigint(20)', 'NOT NULL']",True
form_eye_mag_impplan,title,"['varchar(255)', 'NOT NULL']",False
form_eye_mag_impplan,code,"['varchar(50)', 'DEFAULT', 'NULL']",False
form_eye_mag_impplan,codetype,"['varchar(50)', 'DEFAULT', 'NULL']",False
form_eye_mag_impplan,codedesc,"['varchar(255)', 'DEFAULT', 'NULL']",False
form_eye_mag_impplan,codetext,"['varchar(255)', 'DEFAULT', 'NULL']",False
form_eye_mag_impplan,plan,"['varchar(3000)', 'DEFAULT', 'NULL']",False
form_eye_mag_impplan,PMSFH_link,"['varchar(50)', 'DEFAULT', 'NULL']",False
form_eye_mag_impplan,IMPPLAN_order,['UNIQUE'],False
form_eye_mag_wearing,id,"['int(11)', 'NOT NULL', 'AUTO_INCREMENT']",True
form_eye_mag_wearing,ENCOUNTER,"['int(11)', 'NOT NULL']",True
form_eye_mag_wearing,FORM_ID,"['smallint(6)', 'NOT NULL']",True
form_eye_mag_wearing,PID,"['bigint(20)', 'NOT NULL']",True
form_eye_mag_wearing,RX_NUMBER,"['int(11)', 'NOT NULL']",True
form_eye_mag_wearing,ODSPH,"['varchar(10)', 'DEFAULT', 'NULL']",False
form_eye_mag_wearing,ODCYL,"['varchar(10)', 'DEFAULT', 'NULL']",False
form_eye_mag_wearing,ODAXIS,"['varchar(10)', 'DEFAULT', 'NULL']",False
form_eye_mag_wearing,OSSPH,"['varchar(10)', 'DEFAULT', 'NULL']",False
form_eye_mag_wearing,OSCYL,"['varchar(10)', 'DEFAULT', 'NULL']",False
form_eye_mag_wearing,OSAXIS,"['varchar(10)', 'DEFAULT', 'NULL']",False
form_eye_mag_wearing,ODMIDADD,"['varchar(10)', 'DEFAULT', 'NULL']",False
form_eye_mag_wearing,OSMIDADD,"['varchar(10)', 'DEFAULT', 'NULL']",False
form_eye_mag_wearing,ODADD,"['varchar(10)', 'DEFAULT', 'NULL']",False
form_eye_mag_wearing,OSADD,"['varchar(10)', 'DEFAULT', 'NULL']",False
form_eye_mag_wearing,ODVA,"['varchar(10)', 'DEFAULT', 'NULL']",False
form_eye_mag_wearing,OSVA,"['varchar(10)', 'DEFAULT', 'NULL']",False
form_eye_mag_wearing,ODNEARVA,"['varchar(10)', 'DEFAULT', 'NULL']",False
form_eye_mag_wearing,OSNEARVA,"['varchar(10)', 'DEFAULT', 'NULL']",False
form_eye_mag_wearing,ODHPD,"['varchar(20)', 'DEFAULT', 'NULL']",False
form_eye_mag_wearing,ODHBASE,"['varchar(20)', 'DEFAULT', 'NULL']",False
form_eye_mag_wearing,ODVPD,"['varchar(20)', 'DEFAULT', 'NULL']",False
form_eye_mag_wearing,ODVBASE,"['varchar(20)', 'DEFAULT', 'NULL']",False
form_eye_mag_wearing,ODSLABOFF,"['varchar(20)', 'DEFAULT', 'NULL']",False
form_eye_mag_wearing,ODVERTEXDIST,"['varchar(20)', 'DEFAULT', 'NULL']",False
form_eye_mag_wearing,OSHPD,"['varchar(20)', 'DEFAULT', 'NULL']",False
form_eye_mag_wearing,OSHBASE,"['varchar(20)', 'DEFAULT', 'NULL']",False
form_eye_mag_wearing,OSVPD,"['varchar(20)', 'DEFAULT', 'NULL']",False
form_eye_mag_wearing,OSVBASE,"['varchar(20)', 'DEFAULT', 'NULL']",False
form_eye_mag_wearing,OSSLABOFF,"['varchar(20)', 'DEFAULT', 'NULL']",False
form_eye_mag_wearing,OSVERTEXDIST,"['varchar(20)', 'DEFAULT', 'NULL']",False
form_eye_mag_wearing,ODMPDD,"['varchar(20)', 'DEFAULT', 'NULL']",False
form_eye_mag_wearing,ODMPDN,"['varchar(20)', 'DEFAULT', 'NULL']",False
form_eye_mag_wearing,OSMPDD,"['varchar(20)', 'DEFAULT', 'NULL']",False
form_eye_mag_wearing,OSMPDN,"['varchar(20)', 'DEFAULT', 'NULL']",False
form_eye_mag_wearing,BPDD,"['varchar(20)', 'DEFAULT', 'NULL']",False
form_eye_mag_wearing,BPDN,"['varchar(20)', 'DEFAULT', 'NULL']",False
form_eye_mag_wearing,LENS_MATERIAL,"['varchar(20)', 'DEFAULT', 'NULL']",False
form_eye_mag_wearing,LENS_TREATMENTS,"['varchar(100)', 'DEFAULT', 'NULL']",False
form_eye_mag_wearing,RX_TYPE,"['varchar(25)', 'DEFAULT', 'NULL']",False
form_eye_mag_wearing,COMMENTS,['UNIQUE'],False
form_taskman,ID,"['bigint(20)', 'NOT NULL', 'AUTO_INCREMENT']",True
form_taskman,REQ_DATE,"['datetime', 'NOT NULL']",True
form_taskman,FROM_ID,"['bigint(20)', 'NOT NULL']",True
form_taskman,TO_ID,"['bigint(20)', 'NOT NULL']",True
form_taskman,PATIENT_ID,"['bigint(20)', 'NOT NULL']",True
form_taskman,DOC_TYPE,"['varchar(20)', 'DEFAULT', 'NULL']",False
form_taskman,DOC_ID,"['bigint(20)', 'DEFAULT', 'NULL']",True
form_taskman,ENC_ID,"['bigint(20)', 'DEFAULT', 'NULL']",True
form_taskman,METHOD,"['varchar(20)', 'NOT NULL']",False
form_taskman,COMPLETED,"['varchar(1)', 'DEFAULT', 'NULL', 'COMMENT', ""'1 = completed'""]",False
form_taskman,COMPLETED_DATE,"['datetime', 'DEFAULT', 'NULL']",True
form_taskman,COMMENT,"['varchar(50)', 'DEFAULT', 'NULL']",False
form_taskman,USERFIELD_1,"['varchar(50)', 'DEFAULT', 'NULL']",False
product_registration,id,"['int(11)', 'NOT NULL', 'AUTO_INCREMENT']",True
product_registration,email,"['varchar(255)', 'NULL']",False
product_registration,opt_out,"['TINYINT(1)', 'NULL']",True
codes_history,log_id,"['bigint(20)', 'NOT NULL', 'auto_increment']",True
codes_history,date,['time'],True
codes_history,code,['varchar(25)'],False
codes_history,modifier,['varchar(12)'],False
codes_history,active,['tinyint(1)'],True
codes_history,diagnosis_reporting,['tinyint(1)'],True
codes_history,financial_reporting,['tinyint(1)'],True
codes_history,category,['varchar(255)'],False
codes_history,code_type_name,['varchar(255)'],False
codes_history,code_text,['text'],False
codes_history,code_text_short,['text'],False
codes_history,prices,['text'],False
codes_history,action_type,['varchar(25)'],False
codes_history,update_by,['varchar(255)'],False
multiple_db,id,"['int(11)', 'NOT NULL', 'AUTO_INCREMENT']",True
multiple_db,namespace,"['varchar(255)', 'NOT NULL']",False
multiple_db,username,"['varchar(255)', 'NOT NULL']",False
multiple_db,password,['text'],False
multiple_db,dbname,"['varchar(255)', 'NOT NULL']",False
multiple_db,host,"['varchar(255)', 'NOT NULL', 'DEFAULT', ""'localhost'""]",False
multiple_db,port,"['smallint(4)', 'NOT NULL', 'DEFAULT', ""'3306'""]",True
multiple_db,date,"['timestamp', 'NOT NULL', 'DEFAULT', 'CURRENT_TIMESTAMP', 'ON', 'UPDATE', 'CURRENT_TIMESTAMP', 'UNIQUE', 'KEY', '`namespace` (namespace)']",True
therapy_groups,group_id,"['int(11)', 'NOT NULL', 'auto_increment']",True
therapy_groups,group_name,"['varchar(255)', 'NOT NULL']",False
therapy_groups,group_start_date,"['date', 'NOT NULL']",True
therapy_groups,group_end_date,['date'],True
therapy_groups,group_type,"['tinyint', 'NOT NULL']",True
therapy_groups,group_participation,"['tinyint', 'NOT NULL']",True
therapy_groups,group_status,"['int(11)', 'NOT NULL']",True
therapy_groups,group_notes,['text'],False
therapy_groups,group_guest_counselors,['varchar(255)'],False
therapy_groups_participants,group_id,"['int(11)', 'NOT NULL']",True
therapy_groups_participants,pid,"['bigint(20)', 'NOT NULL']",True
therapy_groups_participants,group_patient_status,"['int(11)', 'NOT NULL']",True
therapy_groups_participants,group_patient_start,"['date', 'NOT NULL']",True
therapy_groups_participants,group_patient_end,['date'],True
therapy_groups_participants,group_patient_comment,"['PRIMARY', 'KEY', '(`group_id`,`pid`)']",False
therapy_groups_participant_attendance,form_id,"['int(11)', 'NOT NULL']",True
therapy_groups_participant_attendance,pid,"['bigint(20)', 'NOT NULL']",True
therapy_groups_participant_attendance,meeting_patient_comment,['text'],False
therapy_groups_participant_attendance,meeting_patient_status,['varchar(15)'],False
therapy_groups_counselors,group_id,"['int(11)', 'NOT NULL']",True
therapy_groups_counselors,user_id,"['int(11)', 'NOT NULL']",True
form_groups_encounter,id,"['bigint(20)', 'NOT NULL', 'auto_increment']",True
form_groups_encounter,date,"['time', 'default', 'NULL']",True
form_groups_encounter,reason,['longtext'],True
form_groups_encounter,facility,"['longtext', 'id']",True
form_groups_encounter,facility_id,"['int(11)', 'NOT NULL', 'default', ""'0'""]",True
form_groups_encounter,group_id,"['bigint(20)', 'default', 'NULL']",True
form_groups_encounter,encounter,"['bigint(20)', 'default', 'NULL']",True
form_groups_encounter,onset_date,"['datetime', 'default', 'NULL']",True
form_groups_encounter,sensitivity,"['varchar(30)', 'default', 'NULL']",False
form_groups_encounter,billing_note,['text'],False
form_groups_encounter,pc_catid,"['int(11)', 'NOT NULL', 'default', ""'5'"", 'COMMENT', ""'event category from openemr_postcalendar_categories'""]",True
form_groups_encounter,last_level_billed,"['int', 'NOT NULL', 'DEFAULT', '0', 'COMMENT', ""'0=none, 1=ins1, 2=ins2, etc'""]",True
form_groups_encounter,last_level_closed,"['int', 'NOT NULL', 'DEFAULT', '0', 'COMMENT', ""'0=none, 1=ins1, 2=ins2, etc'""]",True
form_groups_encounter,last_stmt_date,"['date', 'DEFAULT', 'NULL']",True
form_groups_encounter,stmt_count,"['int', 'NOT NULL', 'DEFAULT', '0']",True
form_groups_encounter,provider_id,"['INT(11)', 'DEFAULT', ""'0'"", 'COMMENT', ""'default and main provider for this visit'""]",True
form_groups_encounter,supervisor_id,"['INT(11)', 'DEFAULT', ""'0'"", 'COMMENT', ""'supervising provider, if any, for this visit'""]",True
form_groups_encounter,invoice_refno,"['varchar(31)', 'NOT NULL', 'DEFAULT', ""''""]",False
form_groups_encounter,referral_source,"['varchar(31)', 'NOT NULL', 'DEFAULT', ""''""]",False
form_groups_encounter,billing_facility,"['INT(11)', 'NOT NULL', 'DEFAULT', '0']",True
form_groups_encounter,external_id,"['VARCHAR(20)', 'DEFAULT', 'NULL']",False
form_groups_encounter,pos_code,"['tinyint(4)', 'default', 'NULL']",True
form_groups_encounter,counselors,['VARCHAR (255)'],False
form_groups_encounter,appt_id,"['KEY', '`pid_encounter` (`group_id`, `encounter`)', 'KEY', '`encounter_date` (`date`)']",True
form_group_attendance,id,"['bigint(20)', 'auto_increment']",True
form_group_attendance,date,['date'],True
form_group_attendance,group_id,['int(11)'],True
form_group_attendance,user,['varchar(255)'],False
form_group_attendance,groupname,['varchar(255)'],False
form_group_attendance,authorized,['tinyint(4)'],True
form_group_attendance,encounter_id,['int(11)'],True
form_group_attendance,activity,['tinyint(4)'],True
patient_birthday_alert,pid,"['bigint(20)', 'NOT NULL', 'DEFAULT', '0']",True
patient_birthday_alert,user_id,"['bigint(20)', 'NOT NULL', 'DEFAULT', '0']",True
patient_birthday_alert,turned_off_on,"['date', 'NOT NULL']",True
medex_icons,i_UID,"['int(11)', 'NOT NULL', 'AUTO_INCREMENT']",True
medex_icons,msg_type,"['varchar(50)', 'NOT NULL']",False
medex_icons,msg_status,"['varchar(10)', 'NOT NULL']",False
medex_icons,i_description,['varchar(255)'],False
medex_icons,i_html,[],False
medex_icons,i_blob,['longtext'],True
medex_outgoing,msg_uid,"['int(11)', 'NOT NULL', 'AUTO_INCREMENT']",True
medex_outgoing,msg_pid,"['int(11)', 'NOT NULL']",True
medex_outgoing,msg_pc_eid,"['varchar(11)', 'NOT NULL']",False
medex_outgoing,campaign_uid,"['int(11)', 'NOT NULL', 'DEFAULT', ""'0'""]",True
medex_outgoing,msg_date,"['timestamp', 'NOT NULL', 'DEFAULT', 'CURRENT_TIMESTAMP']",True
medex_outgoing,msg_type,"['varchar(50)', 'NOT NULL']",False
medex_outgoing,msg_reply,"['varchar(50)', 'DEFAULT', 'NULL']",False
medex_outgoing,msg_extra_text,['text'],False
medex_outgoing,medex_uid,['UNIQUE'],False
medex_prefs,MedEx_id,"['int(11)', 'DEFAULT', ""'0'""]",True
medex_prefs,ME_username,"['varchar(100)', 'DEFAULT', 'NULL']",False
medex_prefs,ME_api_key,['text'],False
medex_prefs,ME_facilities,"['varchar(50)', 'DEFAULT', 'NULL']",False
medex_prefs,ME_providers,"['varchar(100)', 'DEFAULT', 'NULL']",False
medex_prefs,ME_hipaa_default_override,"['varchar(3)', 'DEFAULT', 'NULL']",False
medex_prefs,PHONE_country_code,"['int(4)', 'NOT NULL', 'DEFAULT', ""'1'""]",True
medex_prefs,MSGS_default_yes,"['varchar(3)', 'DEFAULT', 'NULL']",False
medex_prefs,POSTCARDS_local,"['varchar(3)', 'DEFAULT', 'NULL']",False
medex_prefs,POSTCARDS_remote,"['varchar(3)', 'DEFAULT', 'NULL']",False
medex_prefs,LABELS_local,"['varchar(3)', 'DEFAULT', 'NULL']",False
medex_prefs,LABELS_choice,"['varchar(50)', 'DEFAULT', 'NULL']",False
medex_prefs,combine_time,"['tinyint(4)', 'DEFAULT', 'NULL']",True
medex_prefs,postcard_top,"['varchar(255)', 'DEFAULT', 'NULL']",False
medex_prefs,status,['text'],False
medex_prefs,MedEx_lastupdated,"['timestamp', 'NOT NULL', 'DEFAULT', 'CURRENT_TIMESTAMP', 'UNIQUE']",True
medex_recalls,r_ID,"['int(11)', 'NOT NULL', 'AUTO_INCREMENT']",True
medex_recalls,r_PRACTID,"['int(11)', 'NOT NULL']",True
medex_recalls,r_pid,"['int(11)', 'NOT NULL', 'COMMENT', ""'PatientID from pat_data'""]",True
medex_recalls,r_eventDate,"['date', 'NOT NULL', 'COMMENT', ""'Date of Appt or Recall'""]",True
medex_recalls,r_facility,"['int(11)', 'NOT NULL']",True
medex_recalls,r_provider,"['int(11)', 'NOT NULL']",True
medex_recalls,r_reason,"['varchar(255)', 'DEFAULT', 'NULL']",False
medex_recalls,r_created,['UNIQUE'],False
form_eye_base,id,"['bigint(20)', 'NOT NULL', 'AUTO_INCREMENT', 'COMMENT', ""'Links to forms.form_id'""]",True
form_eye_base,date,"['time', 'DEFAULT', 'NULL']",True
form_eye_base,pid,"['bigint(20)', 'DEFAULT', 'NULL']",True
form_eye_base,user,"['varchar(255)', 'DEFAULT', 'NULL']",False
form_eye_base,groupname,"['varchar(255)', 'DEFAULT', 'NULL']",False
form_eye_base,authorized,"['tinyint(4)', 'DEFAULT', 'NULL']",True
form_eye_base,activity,"['tinyint(4)', 'DEFAULT', 'NULL']",True
form_eye_hpi,id,"['bigint(20)', 'NOT NULL', 'COMMENT', ""'Links to forms.form_id'""]",True
form_eye_hpi,pid,"['bigint(20)', 'DEFAULT', 'NULL']",True
form_eye_hpi,CC1,"['varchar(255)', 'DEFAULT', 'NULL']",False
form_eye_hpi,HPI1,['text'],False
form_eye_hpi,QUALITY1,"['varchar(255)', 'DEFAULT', 'NULL']",False
form_eye_hpi,TIMING1,"['varchar(255)', 'DEFAULT', 'NULL']",False
form_eye_hpi,DURATION1,"['varchar(255)', 'DEFAULT', 'NULL']",False
form_eye_hpi,CONTEXT1,"['varchar(255)', 'DEFAULT', 'NULL']",False
form_eye_hpi,SEVERITY1,"['varchar(255)', 'DEFAULT', 'NULL']",False
form_eye_hpi,MODIFY1,"['varchar(255)', 'DEFAULT', 'NULL']",False
form_eye_hpi,ASSOCIATED1,"['varchar(255)', 'DEFAULT', 'NULL']",False
form_eye_hpi,LOCATION1,"['varchar(255)', 'DEFAULT', 'NULL']",False
form_eye_hpi,CHRONIC1,"['varchar(255)', 'DEFAULT', 'NULL']",False
form_eye_hpi,CHRONIC2,"['varchar(255)', 'DEFAULT', 'NULL']",False
form_eye_hpi,CHRONIC3,"['varchar(255)', 'DEFAULT', 'NULL']",False
form_eye_hpi,CC2,['text'],False
form_eye_hpi,HPI2,['text'],False
form_eye_hpi,QUALITY2,['text'],False
form_eye_hpi,TIMING2,['text'],False
form_eye_hpi,DURATION2,['text'],False
form_eye_hpi,CONTEXT2,['text'],False
form_eye_hpi,SEVERITY2,['text'],False
form_eye_hpi,MODIFY2,['text'],False
form_eye_hpi,ASSOCIATED2,['text'],False
form_eye_hpi,LOCATION2,['text'],False
form_eye_hpi,CC3,['text'],False
form_eye_hpi,HPI3,['text'],False
form_eye_hpi,QUALITY3,['text'],False
form_eye_hpi,TIMING3,['text'],False
form_eye_hpi,DURATION3,['text'],False
form_eye_hpi,CONTEXT3,['text'],False
form_eye_hpi,SEVERITY3,['text'],False
form_eye_hpi,MODIFY3,['text'],False
form_eye_hpi,ASSOCIATED3,['text'],False
form_eye_hpi,LOCATION3,"['PRIMARY', 'KEY', '`hpi_link` (`id`)', 'UNIQUE', 'KEY', '`id_pid` (`id`,`pid`)']",False
form_eye_ros,id,"['bigint(20)', 'NOT NULL', 'COMMENT', ""'Links to forms.form_id'""]",True
form_eye_ros,pid,"['bigint(20)', 'DEFAULT', 'NULL']",True
form_eye_ros,ROSGENERAL,['text'],False
form_eye_ros,ROSHEENT,['text'],False
form_eye_ros,ROSCV,['text'],False
form_eye_ros,ROSPULM,['text'],False
form_eye_ros,ROSGI,['text'],False
form_eye_ros,ROSGU,['text'],False
form_eye_ros,ROSDERM,['text'],False
form_eye_ros,ROSNEURO,['text'],False
form_eye_ros,ROSPSYCH,['text'],False
form_eye_ros,ROSMUSCULO,['text'],False
form_eye_ros,ROSIMMUNO,['text'],False
form_eye_ros,ROSENDOCRINE,['text'],False
form_eye_ros,ROSCOMMENTS,"['PRIMARY', 'KEY', '`ros_link` (`id`)', 'UNIQUE', 'KEY', '`id_pid` (`id`,`pid`)']",False
form_eye_vitals,id,"['bigint(20)', 'NOT NULL', 'COMMENT', ""'Links to forms.form_id'""]",True
form_eye_vitals,pid,"['bigint(20)', 'DEFAULT', 'NULL']",True
form_eye_vitals,alert,"['char(3)', 'DEFAULT', ""'yes'""]",False
form_eye_vitals,oriented,"['char(3)', 'DEFAULT', ""'TPP'""]",False
form_eye_vitals,confused,"['char(3)', 'DEFAULT', ""'nml'""]",False
form_eye_vitals,ODIOPAP,"['varchar(10)', 'DEFAULT', 'NULL']",False
form_eye_vitals,OSIOPAP,"['varchar(10)', 'DEFAULT', 'NULL']",False
form_eye_vitals,ODIOPTPN,"['varchar(10)', 'DEFAULT', 'NULL']",False
form_eye_vitals,OSIOPTPN,"['varchar(10)', 'DEFAULT', 'NULL']",False
form_eye_vitals,ODIOPFTN,"['varchar(10)', 'DEFAULT', 'NULL']",False
form_eye_vitals,OSIOPFTN,"['varchar(10)', 'DEFAULT', 'NULL']",False
form_eye_vitals,IOPTIME,"['time', 'NOT NULL']",True
form_eye_vitals,ODIOPPOST,"['varchar(10)', 'NOT NULL']",False
form_eye_vitals,OSIOPPOST,"['varchar(10)', 'NOT NULL']",False
form_eye_vitals,IOPPOSTTIME,"['time', 'DEFAULT', 'NULL']",True
form_eye_vitals,ODIOPTARGET,"['varchar(10)', 'NOT NULL']",False
form_eye_vitals,OSIOPTARGET,"['varchar(10)', 'NOT NULL']",False
form_eye_vitals,AMSLEROD,"['smallint(1)', 'DEFAULT', 'NULL']",True
form_eye_vitals,AMSLEROS,"['smallint(1)', 'DEFAULT', 'NULL']",True
form_eye_vitals,ODVF1,"['tinyint(1)', 'DEFAULT', 'NULL']",True
form_eye_vitals,ODVF2,"['tinyint(1)', 'DEFAULT', 'NULL']",True
form_eye_vitals,ODVF3,"['tinyint(1)', 'DEFAULT', 'NULL']",True
form_eye_vitals,ODVF4,"['tinyint(1)', 'DEFAULT', 'NULL']",True
form_eye_vitals,OSVF1,"['tinyint(1)', 'DEFAULT', 'NULL']",True
form_eye_vitals,OSVF2,"['tinyint(1)', 'DEFAULT', 'NULL']",True
form_eye_vitals,OSVF3,"['tinyint(1)', 'DEFAULT', 'NULL']",True
form_eye_vitals,OSVF4,"['tinyint(1)', 'DEFAULT', 'NULL']",True
form_eye_acuity,id,"['bigint(20)', 'NOT NULL', 'COMMENT', ""'Links to forms.form_id'""]",True
form_eye_acuity,pid,"['bigint(20)', 'DEFAULT', 'NULL']",True
form_eye_acuity,SCODVA,"['varchar(25)', 'DEFAULT', 'NULL']",False
form_eye_acuity,SCOSVA,"['varchar(25)', 'DEFAULT', 'NULL']",False
form_eye_acuity,PHODVA,"['varchar(25)', 'DEFAULT', 'NULL']",False
form_eye_acuity,PHOSVA,"['varchar(25)', 'DEFAULT', 'NULL']",False
form_eye_acuity,CTLODVA,"['varchar(25)', 'DEFAULT', 'NULL']",False
form_eye_acuity,CTLOSVA,"['varchar(25)', 'DEFAULT', 'NULL']",False
form_eye_acuity,MRODVA,"['varchar(25)', 'DEFAULT', 'NULL']",False
form_eye_acuity,MROSVA,"['varchar(25)', 'DEFAULT', 'NULL']",False
form_eye_acuity,SCNEARODVA,"['varchar(25)', 'DEFAULT', 'NULL']",False
form_eye_acuity,SCNEAROSVA,"['varchar(25)', 'DEFAULT', 'NULL']",False
form_eye_acuity,MRNEARODVA,"['varchar(25)', 'DEFAULT', 'NULL']",False
form_eye_acuity,MRNEAROSVA,"['varchar(25)', 'DEFAULT', 'NULL']",False
form_eye_acuity,GLAREODVA,"['varchar(25)', 'DEFAULT', 'NULL']",False
form_eye_acuity,GLAREOSVA,"['varchar(25)', 'DEFAULT', 'NULL']",False
form_eye_acuity,GLARECOMMENTS,"['varchar(255)', 'DEFAULT', 'NULL']",False
form_eye_acuity,ARODVA,"['varchar(25)', 'DEFAULT', 'NULL']",False
form_eye_acuity,AROSVA,"['varchar(25)', 'DEFAULT', 'NULL']",False
form_eye_acuity,CRODVA,"['varchar(25)', 'DEFAULT', 'NULL']",False
form_eye_acuity,CROSVA,"['varchar(25)', 'DEFAULT', 'NULL']",False
form_eye_acuity,CTLODVA1,"['varchar(25)', 'DEFAULT', 'NULL']",False
form_eye_acuity,CTLOSVA1,"['varchar(25)', 'DEFAULT', 'NULL']",False
form_eye_acuity,PAMODVA,"['varchar(25)', 'DEFAULT', 'NULL']",False
form_eye_acuity,PAMOSVA,"['varchar(25)', 'DEFAULT', 'NULL']",False
form_eye_acuity,LIODVA,"['varchar(25)', 'NOT NULL']",False
form_eye_acuity,LIOSVA,"['varchar(25)', 'NOT NULL']",False
form_eye_acuity,WODVANEAR,"['varchar(25)', 'DEFAULT', 'NULL']",False
form_eye_acuity,OSVANEARCC,"['varchar(25)', 'DEFAULT', 'NULL']",False
form_eye_acuity,BINOCVA,"['varchar(25)', 'DEFAULT', 'NULL']",False
form_eye_refraction,id,"['bigint(20)', 'NOT NULL', 'COMMENT', ""'Links to forms.form_id'""]",True
form_eye_refraction,pid,"['bigint(20)', 'DEFAULT', 'NULL']",True
form_eye_refraction,MRODSPH,"['varchar(25)', 'DEFAULT', 'NULL']",False
form_eye_refraction,MRODCYL,"['varchar(25)', 'DEFAULT', 'NULL']",False
form_eye_refraction,MRODAXIS,"['varchar(25)', 'DEFAULT', 'NULL']",False
form_eye_refraction,MRODPRISM,"['varchar(25)', 'DEFAULT', 'NULL']",False
form_eye_refraction,MRODBASE,"['varchar(25)', 'DEFAULT', 'NULL']",False
form_eye_refraction,MRODADD,"['varchar(25)', 'DEFAULT', 'NULL']",False
form_eye_refraction,MROSSPH,"['varchar(25)', 'DEFAULT', 'NULL']",False
form_eye_refraction,MROSCYL,"['varchar(25)', 'DEFAULT', 'NULL']",False
form_eye_refraction,MROSAXIS,"['varchar(25)', 'DEFAULT', 'NULL']",False
form_eye_refraction,MROSPRISM,"['varchar(50)', 'DEFAULT', 'NULL']",False
form_eye_refraction,MROSBASE,"['varchar(50)', 'DEFAULT', 'NULL']",False
form_eye_refraction,MROSADD,"['varchar(25)', 'DEFAULT', 'NULL']",False
form_eye_refraction,MRODNEARSPHERE,"['varchar(25)', 'DEFAULT', 'NULL']",False
form_eye_refraction,MRODNEARCYL,"['varchar(25)', 'DEFAULT', 'NULL']",False
form_eye_refraction,MRODNEARAXIS,"['varchar(25)', 'DEFAULT', 'NULL']",False
form_eye_refraction,MRODPRISMNEAR,"['varchar(50)', 'DEFAULT', 'NULL']",False
form_eye_refraction,MRODBASENEAR,"['varchar(25)', 'DEFAULT', 'NULL']",False
form_eye_refraction,MROSNEARSHPERE,"['varchar(25)', 'DEFAULT', 'NULL']",False
form_eye_refraction,MROSNEARCYL,"['varchar(25)', 'DEFAULT', 'NULL']",False
form_eye_refraction,MROSNEARAXIS,"['varchar(125)', 'DEFAULT', 'NULL']",False
form_eye_refraction,MROSPRISMNEAR,"['varchar(50)', 'DEFAULT', 'NULL']",False
form_eye_refraction,MROSBASENEAR,"['varchar(25)', 'DEFAULT', 'NULL']",False
form_eye_refraction,CRODSPH,"['varchar(25)', 'DEFAULT', 'NULL']",False
form_eye_refraction,CRODCYL,"['varchar(25)', 'DEFAULT', 'NULL']",False
form_eye_refraction,CRODAXIS,"['varchar(25)', 'DEFAULT', 'NULL']",False
form_eye_refraction,CROSSPH,"['varchar(25)', 'DEFAULT', 'NULL']",False
form_eye_refraction,CROSCYL,"['varchar(25)', 'DEFAULT', 'NULL']",False
form_eye_refraction,CROSAXIS,"['varchar(25)', 'DEFAULT', 'NULL']",False
form_eye_refraction,CRCOMMENTS,"['varchar(255)', 'DEFAULT', 'NULL']",False
form_eye_refraction,BALANCED,"['char(2)', 'NOT NULL']",False
form_eye_refraction,ARODSPH,"['varchar(25)', 'DEFAULT', 'NULL']",False
form_eye_refraction,ARODCYL,"['varchar(25)', 'DEFAULT', 'NULL']",False
form_eye_refraction,ARODAXIS,"['varchar(25)', 'DEFAULT', 'NULL']",False
form_eye_refraction,AROSSPH,"['varchar(25)', 'DEFAULT', 'NULL']",False
form_eye_refraction,AROSCYL,"['varchar(25)', 'DEFAULT', 'NULL']",False
form_eye_refraction,AROSAXIS,"['varchar(25)', 'DEFAULT', 'NULL']",False
form_eye_refraction,ARODADD,"['varchar(25)', 'DEFAULT', 'NULL']",False
form_eye_refraction,AROSADD,"['varchar(25)', 'DEFAULT', 'NULL']",False
form_eye_refraction,ARNEARODVA,"['varchar(25)', 'DEFAULT', 'NULL']",False
form_eye_refraction,ARNEAROSVA,"['varchar(25)', 'DEFAULT', 'NULL']",False
form_eye_refraction,ARODPRISM,"['varchar(50)', 'DEFAULT', 'NULL']",False
form_eye_refraction,AROSPRISM,"['varchar(50)', 'DEFAULT', 'NULL']",False
form_eye_refraction,CTLODSPH,"['varchar(25)', 'DEFAULT', 'NULL']",False
form_eye_refraction,CTLODCYL,"['varchar(25)', 'DEFAULT', 'NULL']",False
form_eye_refraction,CTLODAXIS,"['varchar(25)', 'DEFAULT', 'NULL']",False
form_eye_refraction,CTLODBC,"['varchar(25)', 'DEFAULT', 'NULL']",False
form_eye_refraction,CTLODDIAM,"['varchar(25)', 'DEFAULT', 'NULL']",False
form_eye_refraction,CTLOSSPH,"['varchar(25)', 'DEFAULT', 'NULL']",False
form_eye_refraction,CTLOSCYL,"['varchar(25)', 'DEFAULT', 'NULL']",False
form_eye_refraction,CTLOSAXIS,"['varchar(25)', 'DEFAULT', 'NULL']",False
form_eye_refraction,CTLOSBC,"['varchar(25)', 'DEFAULT', 'NULL']",False
form_eye_refraction,CTLOSDIAM,"['varchar(25)', 'DEFAULT', 'NULL']",False
form_eye_refraction,CTL_COMMENTS,['text'],False
form_eye_refraction,CTLMANUFACTUREROD,"['varchar(50)', 'DEFAULT', 'NULL']",False
form_eye_refraction,CTLSUPPLIEROD,"['varchar(50)', 'DEFAULT', 'NULL']",False
form_eye_refraction,CTLBRANDOD,"['varchar(50)', 'DEFAULT', 'NULL']",False
form_eye_refraction,CTLMANUFACTUREROS,"['varchar(50)', 'DEFAULT', 'NULL']",False
form_eye_refraction,CTLSUPPLIEROS,"['varchar(50)', 'DEFAULT', 'NULL']",False
form_eye_refraction,CTLBRANDOS,"['varchar(50)', 'DEFAULT', 'NULL']",False
form_eye_refraction,CTLODADD,"['varchar(25)', 'DEFAULT', 'NULL']",False
form_eye_refraction,CTLOSADD,"['varchar(25)', 'DEFAULT', 'NULL']",False
form_eye_refraction,NVOCHECKED,"['varchar(25)', 'DEFAULT', 'NULL']",False
form_eye_refraction,ADDCHECKED,"['varchar(25)', 'DEFAULT', 'NULL']",False
form_eye_biometrics,id,"['bigint (20)', 'NOT NULL', 'COMMENT', ""'Links to forms.form_id'""]",True
form_eye_biometrics,pid,"['bigint(20)', 'DEFAULT', 'NULL']",True
form_eye_biometrics,ODK1,"['varchar (10)', 'DEFAULT', 'NULL']",False
form_eye_biometrics,ODK2,"['varchar (10)', 'DEFAULT', 'NULL']",False
form_eye_biometrics,ODK2AXIS,"['varchar (10)', 'DEFAULT', 'NULL']",False
form_eye_biometrics,OSK1,"['varchar (10)', 'DEFAULT', 'NULL']",False
form_eye_biometrics,OSK2,"['varchar (10)', 'DEFAULT', 'NULL']",False
form_eye_biometrics,OSK2AXIS,"['varchar (10)', 'DEFAULT', 'NULL']",False
form_eye_biometrics,ODAXIALLENGTH,"['varchar (20)', 'DEFAULT', 'NULL']",False
form_eye_biometrics,OSAXIALLENGTH,"['varchar (20)', 'DEFAULT', 'NULL']",False
form_eye_biometrics,ODPDMeasured,"['varchar (20)', 'DEFAULT', 'NULL']",False
form_eye_biometrics,OSPDMeasured,"['varchar (20)', 'DEFAULT', 'NULL']",False
form_eye_biometrics,ODACD,"['varchar (20)', 'DEFAULT', 'NULL']",False
form_eye_biometrics,OSACD,"['varchar (20)', 'DEFAULT', 'NULL']",False
form_eye_biometrics,ODW2W,"['varchar (20)', 'DEFAULT', 'NULL']",False
form_eye_biometrics,OSW2W,"['varchar (20)', 'DEFAULT', 'NULL']",False
form_eye_biometrics,ODLT,"['varchar (20)', 'DEFAULT', 'NULL']",False
form_eye_biometrics,OSLT,"['varchar (20)', 'DEFAULT', 'NULL']",False
form_eye_external,id,"['bigint(20)', 'NOT NULL', 'COMMENT', ""'Links to forms.form_id'""]",True
form_eye_external,pid,"['bigint(20)', 'DEFAULT', 'NULL']",True
form_eye_external,RUL,['text'],False
form_eye_external,LUL,['text'],False
form_eye_external,RLL,['text'],False
form_eye_external,LLL,['text'],False
form_eye_external,RBROW,['text'],False
form_eye_external,LBROW,['text'],False
form_eye_external,RMCT,['text'],False
form_eye_external,LMCT,['text'],False
form_eye_external,RADNEXA,['text'],False
form_eye_external,LADNEXA,['text'],False
form_eye_external,RMRD,"['varchar(25)', 'DEFAULT', 'NULL']",False
form_eye_external,LMRD,"['varchar(25)', 'DEFAULT', 'NULL']",False
form_eye_external,RLF,"['varchar(25)', 'DEFAULT', 'NULL']",False
form_eye_external,LLF,"['varchar(25)', 'DEFAULT', 'NULL']",False
form_eye_external,RVFISSURE,"['varchar(25)', 'DEFAULT', 'NULL']",False
form_eye_external,LVFISSURE,"['varchar(25)', 'DEFAULT', 'NULL']",False
form_eye_external,ODHERTEL,"['varchar(25)', 'DEFAULT', 'NULL']",False
form_eye_external,OSHERTEL,"['varchar(25)', 'DEFAULT', 'NULL']",False
form_eye_external,HERTELBASE,"['varchar(25)', 'DEFAULT', 'NULL']",False
form_eye_external,RCAROTID,['text'],False
form_eye_external,LCAROTID,['text'],False
form_eye_external,RTEMPART,['text'],False
form_eye_external,LTEMPART,['text'],False
form_eye_external,RCNV,['text'],False
form_eye_external,LCNV,['text'],False
form_eye_external,RCNVII,['text'],False
form_eye_external,LCNVII,['text'],False
form_eye_external,EXT_COMMENTS,"['PRIMARY', 'KEY', '`external_link` (`id`)', 'UNIQUE', 'KEY', '`id_pid` (`id`,`pid`)']",False
form_eye_antseg,id,"['bigint(20)', 'NOT NULL', 'COMMENT', ""'Links to forms.form_id'""]",True
form_eye_antseg,pid,"['bigint(20)', 'DEFAULT', 'NULL']",True
form_eye_antseg,ODSCHIRMER1,"['varchar(25)', 'DEFAULT', 'NULL']",False
form_eye_antseg,OSSCHIRMER1,"['varchar(25)', 'DEFAULT', 'NULL']",False
form_eye_antseg,ODSCHIRMER2,"['varchar(25)', 'DEFAULT', 'NULL']",False
form_eye_antseg,OSSCHIRMER2,"['varchar(25)', 'DEFAULT', 'NULL']",False
form_eye_antseg,ODTBUT,"['varchar(25)', 'DEFAULT', 'NULL']",False
form_eye_antseg,OSTBUT,"['varchar(25)', 'DEFAULT', 'NULL']",False
form_eye_antseg,OSCONJ,"['varchar(25)', 'DEFAULT', 'NULL']",False
form_eye_antseg,ODCONJ,['text'],False
form_eye_antseg,ODCORNEA,['text'],False
form_eye_antseg,OSCORNEA,['text'],False
form_eye_antseg,ODAC,['text'],False
form_eye_antseg,OSAC,['text'],False
form_eye_antseg,ODLENS,['text'],False
form_eye_antseg,OSLENS,['text'],False
form_eye_antseg,ODIRIS,['text'],False
form_eye_antseg,OSIRIS,['text'],False
form_eye_antseg,PUPIL_NORMAL,"['varchar(2)', 'DEFAULT', ""'1'""]",False
form_eye_antseg,ODPUPILSIZE1,"['varchar(25)', 'DEFAULT', 'NULL']",False
form_eye_antseg,ODPUPILSIZE2,"['varchar(25)', 'DEFAULT', 'NULL']",False
form_eye_antseg,ODPUPILREACTIVITY,"['char(25)', 'DEFAULT', 'NULL']",False
form_eye_antseg,ODAPD,"['varchar(25)', 'DEFAULT', 'NULL']",False
form_eye_antseg,OSPUPILSIZE1,"['varchar(25)', 'DEFAULT', 'NULL']",False
form_eye_antseg,OSPUPILSIZE2,"['varchar(25)', 'DEFAULT', 'NULL']",False
form_eye_antseg,OSPUPILREACTIVITY,"['char(25)', 'DEFAULT', 'NULL']",False
form_eye_antseg,OSAPD,"['varchar(25)', 'DEFAULT', 'NULL']",False
form_eye_antseg,DIMODPUPILSIZE1,"['varchar(25)', 'DEFAULT', 'NULL']",False
form_eye_antseg,DIMODPUPILSIZE2,"['varchar(25)', 'DEFAULT', 'NULL']",False
form_eye_antseg,DIMODPUPILREACTIVITY,"['varchar(25)', 'DEFAULT', 'NULL']",False
form_eye_antseg,DIMOSPUPILSIZE1,"['varchar(25)', 'DEFAULT', 'NULL']",False
form_eye_antseg,DIMOSPUPILSIZE2,"['varchar(25)', 'DEFAULT', 'NULL']",False
form_eye_antseg,DIMOSPUPILREACTIVITY,"['varchar(25)', 'DEFAULT', 'NULL']",False
form_eye_antseg,PUPIL_COMMENTS,['text'],False
form_eye_antseg,ODKTHICKNESS,"['varchar(25)', 'DEFAULT', 'NULL']",False
form_eye_antseg,OSKTHICKNESS,"['varchar(25)', 'DEFAULT', 'NULL']",False
form_eye_antseg,ODGONIO,"['varchar(25)', 'DEFAULT', 'NULL']",False
form_eye_antseg,OSGONIO,"['varchar(25)', 'DEFAULT', 'NULL']",False
form_eye_antseg,ANTSEG_COMMENTS,"['PRIMARY', 'KEY', '`antseg_link` (`id`)', 'UNIQUE', 'KEY', '`id_pid` (`id`,`pid`)']",False
form_eye_postseg,id,"['bigint(20)', 'NOT NULL', 'COMMENT', ""'Links to forms.form_id'""]",True
form_eye_postseg,pid,"['bigint(20)', 'DEFAULT', 'NULL']",True
form_eye_postseg,ODDISC,['text'],False
form_eye_postseg,OSDISC,['text'],False
form_eye_postseg,ODCUP,['text'],False
form_eye_postseg,OSCUP,['text'],False
form_eye_postseg,ODMACULA,['text'],False
form_eye_postseg,OSMACULA,['text'],False
form_eye_postseg,ODVESSELS,['text'],False
form_eye_postseg,OSVESSELS,['text'],False
form_eye_postseg,ODVITREOUS,['text'],False
form_eye_postseg,OSVITREOUS,['text'],False
form_eye_postseg,ODPERIPH,['text'],False
form_eye_postseg,OSPERIPH,['text'],False
form_eye_postseg,ODCMT,['text'],False
form_eye_postseg,OSCMT,['text'],False
form_eye_postseg,RETINA_COMMENTS,['text'],False
form_eye_postseg,DIL_RISKS,"['char(2)', 'NOT NULL', 'DEFAULT', ""'on'""]",False
form_eye_postseg,DIL_MEDS,['mediumtext'],False
form_eye_postseg,WETTYPE,"['varchar(10)', 'NOT NULL']",False
form_eye_postseg,ATROPINE,"['varchar(25)', 'NOT NULL']",False
form_eye_postseg,CYCLOMYDRIL,"['varchar(25)', 'NOT NULL']",False
form_eye_postseg,TROPICAMIDE,"['varchar(25)', 'NOT NULL']",False
form_eye_postseg,CYCLOGYL,"['varchar(25)', 'NOT NULL']",False
form_eye_postseg,NEO25,"['varchar(25)', 'NOT NULL']",False
form_eye_neuro,id,"['bigint (20)', 'NOT NULL', 'COMMENT', ""'Links to forms.form_id'""]",True
form_eye_neuro,pid,"['bigint(20)', 'DEFAULT', 'NULL']",True
form_eye_neuro,ACT,"['char (3)', 'NOT NULL', 'DEFAULT', ""'on'""]",False
form_eye_neuro,ACT5CCDIST,['text'],False
form_eye_neuro,ACT1CCDIST,['text'],False
form_eye_neuro,ACT2CCDIST,['text'],False
form_eye_neuro,ACT3CCDIST,['text'],False
form_eye_neuro,ACT4CCDIST,['text'],False
form_eye_neuro,ACT6CCDIST,['text'],False
form_eye_neuro,ACT7CCDIST,['text'],False
form_eye_neuro,ACT8CCDIST,['text'],False
form_eye_neuro,ACT9CCDIST,['text'],False
form_eye_neuro,ACT10CCDIST,['text'],False
form_eye_neuro,ACT11CCDIST,['text'],False
form_eye_neuro,ACT1SCDIST,['text'],False
form_eye_neuro,ACT2SCDIST,['text'],False
form_eye_neuro,ACT3SCDIST,['text'],False
form_eye_neuro,ACT4SCDIST,['text'],False
form_eye_neuro,ACT5SCDIST,['text'],False
form_eye_neuro,ACT6SCDIST,['text'],False
form_eye_neuro,ACT7SCDIST,['text'],False
form_eye_neuro,ACT8SCDIST,['text'],False
form_eye_neuro,ACT9SCDIST,['text'],False
form_eye_neuro,ACT10SCDIST,['text'],False
form_eye_neuro,ACT11SCDIST,['text'],False
form_eye_neuro,ACT1SCNEAR,['text'],False
form_eye_neuro,ACT2SCNEAR,['text'],False
form_eye_neuro,ACT3SCNEAR,['text'],False
form_eye_neuro,ACT4SCNEAR,['text'],False
form_eye_neuro,ACT5CCNEAR,['text'],False
form_eye_neuro,ACT6CCNEAR,['text'],False
form_eye_neuro,ACT7CCNEAR,['text'],False
form_eye_neuro,ACT8CCNEAR,['text'],False
form_eye_neuro,ACT9CCNEAR,['text'],False
form_eye_neuro,ACT10CCNEAR,['text'],False
form_eye_neuro,ACT11CCNEAR,['text'],False
form_eye_neuro,ACT5SCNEAR,['text'],False
form_eye_neuro,ACT6SCNEAR,['text'],False
form_eye_neuro,ACT7SCNEAR,['text'],False
form_eye_neuro,ACT8SCNEAR,['text'],False
form_eye_neuro,ACT9SCNEAR,['text'],False
form_eye_neuro,ACT10SCNEAR,['text'],False
form_eye_neuro,ACT11SCNEAR,['text'],False
form_eye_neuro,ACT1CCNEAR,['text'],False
form_eye_neuro,ACT2CCNEAR,['text'],False
form_eye_neuro,ACT3CCNEAR,['text'],False
form_eye_neuro,ACT4CCNEAR,['text'],False
form_eye_neuro,MOTILITYNORMAL,"['char (3)', 'NOT NULL', 'DEFAULT', ""'on'""]",False
form_eye_neuro,MOTILITY_RS,"['char (1)', 'DEFAULT', ""'0'""]",False
form_eye_neuro,MOTILITY_RI,"['char (1)', 'DEFAULT', ""'0'""]",False
form_eye_neuro,MOTILITY_RR,"['char (1)', 'DEFAULT', ""'0'""]",False
form_eye_neuro,MOTILITY_RL,"['char (1)', 'DEFAULT', ""'0'""]",False
form_eye_neuro,MOTILITY_LS,"['char (1)', 'DEFAULT', ""'0'""]",False
form_eye_neuro,MOTILITY_LI,"['char (1)', 'DEFAULT', ""'0'""]",False
form_eye_neuro,MOTILITY_LR,"['char (1)', 'DEFAULT', ""'0'""]",False
form_eye_neuro,MOTILITY_LL,"['char (1)', 'DEFAULT', ""'0'""]",False
form_eye_neuro,MOTILITY_RRSO,"['int (1)', 'DEFAULT', 'NULL']",True
form_eye_neuro,MOTILITY_RLSO,"['int (1)', 'DEFAULT', 'NULL']",True
form_eye_neuro,MOTILITY_RRIO,"['int (1)', 'DEFAULT', 'NULL']",True
form_eye_neuro,MOTILITY_RLIO,"['int (1)', 'DEFAULT', 'NULL']",True
form_eye_neuro,MOTILITY_LRSO,"['int (1)', 'DEFAULT', 'NULL']",True
form_eye_neuro,MOTILITY_LLSO,"['int (1)', 'DEFAULT', 'NULL']",True
form_eye_neuro,MOTILITY_LRIO,"['int (1)', 'DEFAULT', 'NULL']",True
form_eye_neuro,MOTILITY_LLIO,"['int (1)', 'DEFAULT', 'NULL']",True
form_eye_neuro,NEURO_COMMENTS,['text'],False
form_eye_neuro,STEREOPSIS,"['varchar (25)', 'DEFAULT', 'NULL']",False
form_eye_neuro,ODNPA,['text'],False
form_eye_neuro,OSNPA,['text'],False
form_eye_neuro,VERTFUSAMPS,['text'],False
form_eye_neuro,DIVERGENCEAMPS,['text'],False
form_eye_neuro,NPC,"['varchar (10)', 'DEFAULT', 'NULL']",False
form_eye_neuro,DACCDIST,"['varchar (20)', 'DEFAULT', 'NULL']",False
form_eye_neuro,DACCNEAR,"['varchar (20)', 'DEFAULT', 'NULL']",False
form_eye_neuro,CACCDIST,"['varchar (20)', 'DEFAULT', 'NULL']",False
form_eye_neuro,CACCNEAR,"['varchar (20)', 'DEFAULT', 'NULL']",False
form_eye_neuro,ODCOLOR,['text'],False
form_eye_neuro,OSCOLOR,['text'],False
form_eye_neuro,ODCOINS,['text'],False
form_eye_neuro,OSCOINS,['text'],False
form_eye_neuro,ODREDDESAT,"['varchar (20)', 'DEFAULT', 'NULL']",False
form_eye_neuro,OSREDDESAT,"['varchar (20)', 'DEFAULT', 'NULL']",False
form_eye_locking,id,"['bigint(20)', 'NOT NULL', 'COMMENT', ""'Links to forms.form_id'""]",True
form_eye_locking,pid,"['bigint(20)', 'DEFAULT', 'NULL']",True
form_eye_locking,IMP,['text'],False
form_eye_locking,PLAN,['text'],False
form_eye_locking,Resource,"['varchar(50)', 'DEFAULT', 'NULL']",False
form_eye_locking,Technician,"['varchar(50)', 'DEFAULT', 'NULL']",False
form_eye_locking,LOCKED,"['varchar(3)', 'DEFAULT', 'NULL']",False
form_eye_locking,LOCKEDDATE,"['timestamp', 'NOT NULL', 'DEFAULT', 'CURRENT_TIMESTAMP', 'ON', 'UPDATE', 'CURRENT_TIMESTAMP']",True
form_eye_locking,LOCKEDBY,"['varchar(50)', 'DEFAULT', 'NULL']",False
login_mfa_registrations,user_id,"['bigint(20)', 'NOT NULL']",True
login_mfa_registrations,name,"['varchar(30)', 'NOT NULL']",False
login_mfa_registrations,last_challenge,"['datetime', 'DEFAULT', 'NULL']",True
login_mfa_registrations,method,"['varchar(31)', 'NOT NULL', 'COMMENT', ""'Q&A, U2F, TOTP etc.'""]",False
login_mfa_registrations,var1,"['varchar(4096)', 'NOT NULL', 'DEFAULT', ""''"", 'COMMENT', ""'Question, U2F registration etc.'""]",False
login_mfa_registrations,var2,"['varchar(256)', 'NOT NULL', 'DEFAULT', ""''"", 'COMMENT', ""'Answer etc.'""]",False
benefit_eligibility,response_id,"['bigint(20)', 'NOT NULL']",True
benefit_eligibility,verification_id,"['bigint(20)', 'NOT NULL']",True
benefit_eligibility,type,"['varchar(4)', 'DEFAULT', 'NULL']",False
benefit_eligibility,benefit_type,"['varchar(255)', 'DEFAULT', 'NULL']",False
benefit_eligibility,start_date,"['date', 'DEFAULT', 'NULL']",True
benefit_eligibility,end_date,"['date', 'DEFAULT', 'NULL']",True
benefit_eligibility,coverage_level,"['varchar(255)', 'DEFAULT', 'NULL']",False
benefit_eligibility,coverage_type,"['varchar(512)', 'DEFAULT', 'NULL']",False
benefit_eligibility,plan_type,"['varchar(255)', 'DEFAULT', 'NULL']",False
benefit_eligibility,plan_description,"['varchar(255)', 'DEFAULT', 'NULL']",False
benefit_eligibility,coverage_period,"['varchar(255)', 'DEFAULT', 'NULL']",False
benefit_eligibility,amount,"['decimal(5,2)', 'DEFAULT', 'NULL']",True
benefit_eligibility,percent,"['decimal(3,2)', 'DEFAULT', 'NULL']",True
benefit_eligibility,network_ind,"['varchar(2)', 'DEFAULT', 'NULL']",False
benefit_eligibility,message,"['varchar(512)', 'DEFAULT', 'NULL']",False
benefit_eligibility,response_status,"[""enum('A','D')"", 'DEFAULT', ""'A'""]",True
benefit_eligibility,response_create_date,"['date', 'DEFAULT', 'NULL']",True
benefit_eligibility,response_modify_date,"['date', 'DEFAULT', 'NULL']",True
oauth_clients,client_id,"['varchar(80)', 'NOT NULL']",False
oauth_clients,client_role,"['varchar(20)', 'DEFAULT', 'NULL']",False
oauth_clients,client_name,"['varchar(80)', 'NOT NULL']",False
oauth_clients,client_secret,['text'],False
oauth_clients,registration_token,"['varchar(80)', 'DEFAULT', 'NULL']",False
oauth_clients,registration_uri_path,"['varchar(40)', 'DEFAULT', 'NULL']",False
oauth_clients,register_date,"['datetime', 'DEFAULT', 'NULL']",True
oauth_clients,revoke_date,"['datetime', 'DEFAULT', 'NULL']",True
oauth_clients,contacts,['text'],False
oauth_clients,redirect_uri,['text'],False
oauth_clients,grant_types,"['varchar(80)', 'DEFAULT', 'NULL']",False
oauth_clients,scope,['text'],False
oauth_clients,user_id,"['varchar(40)', 'DEFAULT', 'NULL']",False
oauth_clients,site_id,"['varchar(64)', 'DEFAULT', 'NULL']",False
oauth_clients,is_confidential,"['tinyint(1)', 'NOT NULL', 'DEFAULT', ""'1'""]",True
oauth_clients,logout_redirect_uris,['text'],False
oauth_clients,jwks_uri,['text'],False
oauth_clients,jwks,['text'],False
oauth_clients,initiate_login_uri,['text'],False
oauth_clients,endorsements,['text'],False
oauth_clients,policy_uri,['text'],False
oauth_clients,tos_uri,['text'],False
oauth_clients,is_enabled,"['tinyint(1)', 'NOT NULL', 'DEFAULT', ""'0'""]",True
oauth_trusted_user,id,"['bigint(20)', 'NOT NULL', 'AUTO_INCREMENT']",True
oauth_trusted_user,user_id,"['varchar(80)', 'DEFAULT', 'NULL']",False
oauth_trusted_user,client_id,"['varchar(80)', 'DEFAULT', 'NULL']",False
oauth_trusted_user,scope,['text'],False
oauth_trusted_user,persist_login,"['tinyint(1)', 'DEFAULT', ""'0'""]",True
oauth_trusted_user,time,"['timestamp', 'NULL', 'DEFAULT', 'NULL']",True
oauth_trusted_user,code,['text'],False
oauth_trusted_user,session_cache,['text'],False
oauth_trusted_user,grant_type,"['KEY', '`accounts_id` (`user_id`)', 'KEY', '`clients_id` (`client_id`)']",False
